DateTime,ElapsedSeconds,ESP32_UID,MouseID,Sex,Strain,LibraryVer,Program,FR,Event,PelletCount,LeftCount,RightCount,CenterCount,BlockPelletCount,BlockPokeCount,RetrievalTime,PokeDuration,DispenseError,MotorTurns,Motion,Temperature,Humidity,Pressure,GasResistance,Lux,White,FreeHeap,HeapSize,MinFreeHeap,WakeCount,BatteryVoltage,BatteryPercent
2026-06-29 11:51:53,67.156998,B0DB8AF16E20,mous,male,C57BL/6,1.1.1,FreeFeed,0,Startup,0,0,0,0,0,0,,,,,0.0,24.3,41.7,993.5,15.0,2.545,1228.000,253104,344900,250888,0,4.19,100.00
2026-06-29 11:52:04,78.275002,B0DB8AF16E20,mous,male,C57BL/6,1.1.1,FreeFeed,0,PelletDrop,1,0,0,0,0,0,,,,,,,,,,,,,,,,,,,,
2026-06-29 11:52:25,98.808998,B0DB8AF16E20,mous,male,C57BL/6,1.1.1,FreeFeed,0,PelletTaken,1,0,0,0,0,0,TimedOut,0.000,0,2,,,,,,,,,,,,,,,,
2026-06-29 12:01:04,618.435974,B0DB8AF16E20,mous,male,C57BL/6,1.1.1,FreeFeed,0,Status,1,0,0,0,0,0,,,,,Disabled,24.5,38.4,993.5,16.3,2.246,822.000,254068,344900,250888,23,4.19,100.00
2026-06-29 12:11:17,1231.204956,B0DB8AF16E20,mous,male,C57BL/6,1.1.1,FreeFeed,0,Status,1,0,0,0,0,0,,,,,Disabled,24.6,38.8,993.4,16.6,2.246,820.000,254068,344900,250888,48,4.18,99.88
2026-06-29 12:21:29,1843.989014,B0DB8AF16E20,mous,male,C57BL/6,1.1.1,FreeFeed,0,Status,1,0,0,0,0,0,,,,,Disabled,24.7,38.9,993.4,16.6,2.239,823.000,253976,344900,250888,73,4.17,99.40
2026-06-29 12:31:42,2456.757080,B0DB8AF16E20,mous,male,C57BL/6,1.1.1,FreeFeed,0,Status,1,0,0,0,0,0,,,,,Disabled,24.7,39.1,993.3,16.7,2.246,824.000,253976,344900,250888,98,4.17,99.08
2026-06-29 12:41:54,3069.525879,B0DB8AF16E20,mous,male,C57BL/6,1.1.1,FreeFeed,0,Status,1,0,0,0,0,0,,,,,Disabled,24.7,39.1,993.3,16.8,2.254,824.000,253976,344900,250888,123,4.17,98.77
2026-06-29 12:52:07,3682.310059,B0DB8AF16E20,mous,male,C57BL/6,1.1.1,FreeFeed,0,Status,1,0,0,0,0,0,,,,,Disabled,24.8,39.1,993.2,16.8,2.250,822.000,253976,344900,250888,148,4.18,98.29
2026-06-29 13:02:29,4304.550781,B0DB8AF16E20,mous,male,C57BL/6,1.1.1,FreeFeed,0,Status,1,0,0,0,0,0,,,,,Disabled,24.8,40.0,993.1,16.7,0.263,130.000,253976,344900,250888,174,4.16,97.98
2026-06-29 13:12:42,4917.334961,B0DB8AF16E20,mous,male,C57BL/6,1.1.1,FreeFeed,0,Status,1,0,0,0,0,0,,,,,Disabled,24.8,40.6,993.1,16.6,0.180,98.000,253976,344900,250888,199,4.16,97.66
2026-06-29 13:22:54,5530.125977,B0DB8AF16E20,mous,male,C57BL/6,1.1.1,FreeFeed,0,Status,1,0,0,0,0,0,,,,,Disabled,24.9,40.7,993.0,16.5,0.234,120.000,253976,344900,250888,224,4.16,97.34
2026-06-29 13:33:07,6142.895020,B0DB8AF16E20,mous,male,C57BL/6,1.1.1,FreeFeed,0,Status,1,0,0,0,0,0,,,,,Disabled,24.9,41.1,993.0,16.3,0.176,82.000,253976,344900,250888,249,4.16,97.03
2026-06-29 13:43:19,6755.679199,B0DB8AF16E20,mous,male,C57BL/6,1.1.1,FreeFeed,0,Status,1,0,0,0,0,0,,,,,Disabled,25.0,41.2,992.9,16.2,0.101,60.000,253976,344900,250888,274,4.16,96.71
2026-06-29 13:53:32,7368.448242,B0DB8AF16E20,mous,male,C57BL/6,1.1.1,FreeFeed,0,Status,1,0,0,0,0,0,,,,,Disabled,25.0,41.1,992.9,16.1,0.101,62.000,253976,344900,250888,299,4.15,96.39
2026-06-29 14:03:44,7981.216797,B0DB8AF16E20,mous,male,C57BL/6,1.1.1,FreeFeed,0,Status,1,0,0,0,0,0,,,,,Disabled,25.0,40.9,992.8,15.9,0.133,76.000,253976,344900,250888,324,4.15,96.08
2026-06-29 14:13:57,8594.000977,B0DB8AF16E20,mous,male,C57BL/6,1.1.1,FreeFeed,0,Status,1,0,0,0,0,0,,,,,Disabled,25.1,40.7,992.7,16.0,0.122,77.000,253976,344900,250888,349,4.14,95.76
2026-06-29 14:24:09,9206.769531,B0DB8AF16E20,mous,male,C57BL/6,1.1.1,FreeFeed,0,Status,1,0,0,0,0,0,,,,,Disabled,25.1,40.5,992.6,15.9,0.151,84.000,253976,344900,250888,374,4.14,95.45
2026-06-29 14:34:22,9819.539062,B0DB8AF16E20,mous,male,C57BL/6,1.1.1,FreeFeed,0,Status,1,0,0,0,0,0,,,,,Disabled,25.2,40.4,992.6,16.0,0.187,98.000,253976,344900,250888,399,4.14,95.13
2026-06-29 14:44:35,10432.345703,B0DB8AF16E20,mous,male,C57BL/6,1.1.1,FreeFeed,0,Status,1,0,0,0,0,0,,,,,Disabled,25.2,40.3,992.5,16.0,0.194,106.000,253976,344900,250888,424,4.14,94.81
2026-06-29 14:54:47,11045.115234,B0DB8AF16E20,mous,male,C57BL/6,1.1.1,FreeFeed,0,Status,1,0,0,0,0,0,,,,,Disabled,25.2,40.2,992.5,15.9,0.115,68.000,253976,344900,250888,449,4.15,94.50
2026-06-29 15:05:00,11657.883789,B0DB8AF16E20,mous,male,C57BL/6,1.1.1,FreeFeed,0,Status,1,0,0,0,0,0,,,,,Disabled,25.2,40.2,992.4,16.0,0.220,110.000,253976,344900,250888,474,4.14,94.18
2026-06-29 15:15:12,12270.667969,B0DB8AF16E20,mous,male,C57BL/6,1.1.1,FreeFeed,0,Status,1,0,0,0,0,0,,,,,Disabled,25.2,40.1,992.4,16.0,0.266,136.000,253976,344900,250888,499,4.13,93.86
2026-06-29 15:25:25,12883.436523,B0DB8AF16E20,mous,male,C57BL/6,1.1.1,FreeFeed,0,Status,1,0,0,0,0,0,,,,,Disabled,25.2,40.2,992.3,16.0,0.115,70.000,253976,344900,250888,524,4.13,93.55
2026-06-29 15:35:37,13496.220703,B0DB8AF16E20,mous,male,C57BL/6,1.1.1,FreeFeed,0,Status,1,0,0,0,0,0,,,,,Disabled,25.2,40.2,992.2,15.9,0.133,77.000,253976,344900,250888,549,4.13,93.39
2026-06-29 15:45:50,14108.990234,B0DB8AF16E20,mous,male,C57BL/6,1.1.1,FreeFeed,0,Status,1,0,0,0,0,0,,,,,Disabled,25.2,40.1,992.2,16.0,0.133,76.000,253976,344900,250888,574,4.14,93.07
2026-06-29 15:56:02,14721.758789,B0DB8AF16E20,mous,male,C57BL/6,1.1.1,FreeFeed,0,Status,1,0,0,0,0,0,,,,,Disabled,25.2,40.1,992.1,15.9,0.108,56.000,253976,344900,250888,599,4.12,92.75
2026-06-29 16:06:15,15334.565430,B0DB8AF16E20,mous,male,C57BL/6,1.1.1,FreeFeed,0,Status,1,0,0,0,0,0,,,,,Disabled,25.2,40.0,992.0,15.9,0.101,54.000,253976,344900,250888,624,4.12,92.44
2026-06-29 16:16:28,15947.333984,B0DB8AF16E20,mous,male,C57BL/6,1.1.1,FreeFeed,0,Status,1,0,0,0,0,0,,,,,Disabled,25.2,39.9,991.9,15.9,0.101,52.000,253976,344900,250888,649,4.12,92.28
2026-06-29 16:26:40,16560.101562,B0DB8AF16E20,mous,male,C57BL/6,1.1.1,FreeFeed,0,Status,1,0,0,0,0,0,,,,,Disabled,25.2,40.0,991.9,16.0,0.119,59.000,253928,344900,250888,674,4.12,91.96
2026-06-29 16:36:53,17172.886719,B0DB8AF16E20,mous,male,C57BL/6,1.1.1,FreeFeed,0,Status,1,0,0,0,0,0,,,,,Disabled,25.2,39.9,991.9,15.9,0.166,78.000,253916,344900,250888,699,4.11,91.65
2026-06-29 16:47:05,17785.654297,B0DB8AF16E20,mous,male,C57BL/6,1.1.1,FreeFeed,0,Status,1,0,0,0,0,0,,,,,Disabled,25.2,39.9,991.8,16.0,0.086,48.000,253916,344900,250888,724,4.11,91.49
2026-06-29 16:57:18,18398.423828,B0DB8AF16E20,mous,male,C57BL/6,1.1.1,FreeFeed,0,Status,1,0,0,0,0,0,,,,,Disabled,25.2,39.8,991.8,15.9,0.079,44.000,253916,344900,250888,749,4.11,91.17
2026-06-29 17:07:30,19011.218750,B0DB8AF16E20,mous,male,C57BL/6,1.1.1,FreeFeed,0,Status,1,0,0,0,0,0,,,,,Disabled,25.3,39.7,991.9,16.0,0.137,78.000,253916,344900,250888,774,4.12,91.02
2026-06-29 17:17:43,19623.988281,B0DB8AF16E20,mous,male,C57BL/6,1.1.1,FreeFeed,0,Status,1,0,0,0,0,0,,,,,Disabled,25.3,39.6,991.9,15.9,0.151,86.000,253916,344900,250888,799,4.11,90.70
2026-06-29 17:27:55,20236.779297,B0DB8AF16E20,mous,male,C57BL/6,1.1.1,FreeFeed,0,Status,1,0,0,0,0,0,,,,,Disabled,25.3,39.6,991.9,15.9,0.058,42.000,253916,344900,250888,824,4.11,90.38
2026-06-29 17:38:08,20849.562500,B0DB8AF16E20,mous,male,C57BL/6,1.1.1,FreeFeed,0,Status,1,0,0,0,0,0,,,,,Disabled,25.3,39.6,991.9,15.8,0.227,117.000,253916,344900,250888,849,4.10,90.22
2026-06-29 17:48:21,21462.332031,B0DB8AF16E20,mous,male,C57BL/6,1.1.1,FreeFeed,0,Status,1,0,0,0,0,0,,,,,Disabled,25.3,39.6,991.8,15.9,0.151,88.000,253916,344900,250888,874,4.10,89.91
2026-06-29 17:58:33,22075.115234,B0DB8AF16E20,mous,male,C57BL/6,1.1.1,FreeFeed,0,Status,1,0,0,0,0,0,,,,,Disabled,25.3,39.6,991.8,15.9,0.000,0.000,253916,344900,250888,899,4.11,89.59
2026-06-29 18:08:46,22687.884766,B0DB8AF16E20,mous,male,C57BL/6,1.1.1,FreeFeed,0,Status,1,0,0,0,0,0,,,,,Disabled,25.3,39.7,991.8,15.7,0.000,0.000,253916,344900,250888,924,4.10,89.43
2026-06-29 18:18:58,23300.654297,B0DB8AF16E20,mous,male,C57BL/6,1.1.1,FreeFeed,0,Status,1,0,0,0,0,0,,,,,Disabled,25.2,39.8,991.8,15.9,0.000,0.000,253916,344900,250888,949,4.10,89.27
2026-06-29 18:29:11,23913.437500,B0DB8AF16E20,mous,male,C57BL/6,1.1.1,FreeFeed,0,Status,1,0,0,0,0,0,,,,,Disabled,25.3,39.9,991.8,15.9,0.000,0.000,253916,344900,250888,974,4.09,88.96
2026-06-29 18:39:23,24526.218750,B0DB8AF16E20,mous,male,C57BL/6,1.1.1,FreeFeed,0,Status,1,0,0,0,0,0,,,,,Disabled,25.3,39.9,991.8,15.8,0.000,0.000,253916,344900,250888,999,4.09,88.80
2026-06-29 18:49:36,25139.009766,B0DB8AF16E20,mous,male,C57BL/6,1.1.1,FreeFeed,0,Status,1,0,0,0,0,0,,,,,Disabled,25.3,40.1,991.8,15.8,0.000,0.000,253916,344900,250888,1024,4.09,88.50
2026-06-29 18:59:48,25751.792969,B0DB8AF16E20,mous,male,C57BL/6,1.1.1,FreeFeed,0,Status,1,0,0,0,0,0,,,,,Disabled,25.3,40.1,991.8,15.8,0.000,0.000,253916,344900,250888,1049,4.09,88.36
2026-06-29 19:10:01,26364.562500,B0DB8AF16E20,mous,male,C57BL/6,1.1.1,FreeFeed,0,Status,1,0,0,0,0,0,,,,,Disabled,25.3,40.4,991.8,15.6,0.000,0.000,253916,344900,250888,1074,4.09,88.07
2026-06-29 19:20:14,26977.330078,B0DB8AF16E20,mous,male,C57BL/6,1.1.1,FreeFeed,0,Status,1,0,0,0,0,0,,,,,Disabled,25.3,40.5,991.9,15.6,0.000,0.000,253916,344900,250888,1099,4.10,87.93
2026-06-29 19:30:26,27590.115234,B0DB8AF16E20,mous,male,C57BL/6,1.1.1,FreeFeed,0,Status,1,0,0,0,0,0,,,,,Disabled,25.3,40.5,992.0,15.6,0.000,0.000,253916,344900,250888,1124,4.08,87.64
2026-06-29 19:40:26,28190.597656,B0DB8AF16E20,mous,male,C57BL/6,1.1.1,FreeFeed,0,Status,1,0,0,0,0,0,,,,,Disabled,25.3,40.4,992.0,15.6,0.000,0.000,253916,344900,250888,1149,4.08,87.49
2026-06-29 19:50:39,28803.365234,B0DB8AF16E20,mous,male,C57BL/6,1.1.1,FreeFeed,0,Status,1,0,0,0,0,0,,,,,Disabled,25.3,40.5,992.0,15.5,0.000,0.000,253916,344900,250888,1174,4.08,87.35
2026-06-29 20:00:52,29416.150391,B0DB8AF16E20,mous,male,C57BL/6,1.1.1,FreeFeed,0,Status,1,0,0,0,0,0,,,,,Disabled,25.3,40.5,992.1,15.5,0.000,0.000,253916,344900,250888,1199,4.09,87.06
2026-06-29 20:11:04,30028.941406,B0DB8AF16E20,mous,male,C57BL/6,1.1.1,FreeFeed,0,Status,1,0,0,0,0,0,,,,,Disabled,25.4,40.5,992.1,15.5,0.000,0.000,253916,344900,250888,1224,4.08,86.92
2026-06-29 20:21:17,30641.724609,B0DB8AF16E20,mous,male,C57BL/6,1.1.1,FreeFeed,0,Status,1,0,0,0,0,0,,,,,Disabled,25.4,40.3,992.1,15.5,0.000,0.000,253916,344900,250888,1249,4.08,86.78
2026-06-29 20:31:29,31254.494141,B0DB8AF16E20,mous,male,C57BL/6,1.1.1,FreeFeed,0,Status,1,0,0,0,0,0,,,,,Disabled,25.4,40.2,992.2,15.5,0.000,0.000,253916,344900,250888,1274,4.07,86.63
2026-06-29 20:41:42,31867.263672,B0DB8AF16E20,mous,male,C57BL/6,1.1.1,FreeFeed,0,Status,1,0,0,0,0,0,,,,,Disabled,25.4,40.2,992.2,15.5,0.000,0.000,253916,344900,250888,1299,4.07,86.34
2026-06-29 20:51:54,32480.046875,B0DB8AF16E20,mous,male,C57BL/6,1.1.1,FreeFeed,0,Status,1,0,0,0,0,0,,,,,Disabled,25.5,40.3,992.2,15.4,0.000,0.000,253916,344900,250888,1324,4.08,86.20
2026-06-29 21:02:07,33092.816406,B0DB8AF16E20,mous,male,C57BL/6,1.1.1,FreeFeed,0,Status,1,0,0,0,0,0,,,,,Disabled,25.5,40.3,992.3,15.4,0.000,0.000,253916,344900,250888,1349,4.07,86.06
2026-06-29 21:11:22,33647.812500,B0DB8AF16E20,mous,male,C57BL/6,1.1.1,FreeFeed,0,CenterWithPellet,1,0,0,1,0,0,,,,,,,,,,,,,,,,,,,,
2026-06-29 21:11:23,33649.128906,B0DB8AF16E20,mous,male,C57BL/6,1.1.1,FreeFeed,0,CenterWithPellet,1,0,0,2,0,0,,,,,,,,,,,,,,,,,,,,
2026-06-29 21:12:20,33705.792969,B0DB8AF16E20,mous,male,C57BL/6,1.1.1,FreeFeed,0,Status,1,0,0,2,0,0,,,,,Disabled,25.5,40.5,992.3,15.4,0.000,0.000,253872,344900,250888,1374,4.07,85.91
2026-06-29 21:22:32,34318.562500,B0DB8AF16E20,mous,male,C57BL/6,1.1.1,FreeFeed,0,Status,1,0,0,2,0,0,,,,,Disabled,25.6,40.7,992.4,15.3,0.000,0.000,253872,344900,250888,1399,4.06,85.77
2026-06-29 21:32:45,34931.371094,B0DB8AF16E20,mous,male,C57BL/6,1.1.1,FreeFeed,0,Status,1,0,0,2,0,0,,,,,Disabled,25.6,40.3,992.4,15.3,0.000,0.000,253872,344900,250888,1424,4.06,85.48
2026-06-29 21:42:57,35544.144531,B0DB8AF16E20,mous,male,C57BL/6,1.1.1,FreeFeed,0,Status,1,0,0,2,0,0,,,,,Disabled,25.6,40.4,992.5,15.4,0.000,0.000,253872,344900,250888,1449,4.08,85.34
2026-06-29 21:53:10,36156.917969,B0DB8AF16E20,mous,male,C57BL/6,1.1.1,FreeFeed,0,Status,1,0,0,2,0,0,,,,,Disabled,25.6,40.4,992.6,15.4,0.000,0.000,253872,344900,250888,1474,4.06,85.20
2026-06-29 22:03:22,36769.703125,B0DB8AF16E20,mous,male,C57BL/6,1.1.1,FreeFeed,0,Status,1,0,0,2,0,0,,,,,Disabled,25.6,40.6,992.7,15.4,0.000,0.000,253872,344900,250888,1499,4.06,85.05
2026-06-29 22:13:35,37382.476562,B0DB8AF16E20,mous,male,C57BL/6,1.1.1,FreeFeed,0,Status,1,0,0,2,0,0,,,,,Disabled,25.6,40.6,992.8,15.4,0.000,0.000,253872,344900,250888,1524,4.06,84.91
2026-06-29 22:23:48,37995.246094,B0DB8AF16E20,mous,male,C57BL/6,1.1.1,FreeFeed,0,Status,1,0,0,2,0,0,,,,,Disabled,25.6,40.6,992.9,15.4,0.000,0.000,253872,344900,250888,1549,4.06,84.77
2026-06-29 22:31:59,38486.406250,B0DB8AF16E20,mous,male,C57BL/6,1.1.1,FreeFeed,0,PelletDrop,2,0,0,2,0,0,,,,,,,,,,,,,,,,,,,,
2026-06-29 22:32:19,38506.945312,B0DB8AF16E20,mous,male,C57BL/6,1.1.1,FreeFeed,0,PelletTaken,2,0,0,2,0,0,TimedOut,542.000,0,2,,,,,,,,,,,,,,,,
2026-06-29 22:34:04,38612.140625,B0DB8AF16E20,mous,male,C57BL/6,1.1.1,FreeFeed,0,Status,2,0,0,2,0,0,,,,,Disabled,25.6,40.6,993.0,15.3,0.000,0.000,253872,344900,250888,1574,4.07,84.62
2026-06-29 22:44:17,39224.929688,B0DB8AF16E20,mous,male,C57BL/6,1.1.1,FreeFeed,0,Status,2,0,0,2,0,0,,,,,Disabled,25.6,40.5,993.0,15.4,0.000,0.000,253872,344900,250888,1599,4.06,84.48
2026-06-29 22:54:29,39837.722656,B0DB8AF16E20,mous,male,C57BL/6,1.1.1,FreeFeed,0,Status,2,0,0,2,0,0,,,,,Disabled,25.6,40.5,993.0,15.4,0.000,0.000,253872,344900,250888,1624,4.05,84.34
2026-06-29 22:55:27,39895.101562,B0DB8AF16E20,mous,male,C57BL/6,1.1.1,FreeFeed,0,PelletDrop,3,0,0,2,0,0,,,,,,,,,,,,,,,,,,,,
2026-06-29 22:55:32,39900.187500,B0DB8AF16E20,mous,male,C57BL/6,1.1.1,FreeFeed,0,PelletTaken,3,0,0,2,0,0,4.525,542.000,0,0,,,,,,,,,,,,,,,,
2026-06-29 22:55:39,39907.363281,B0DB8AF16E20,mous,male,C57BL/6,1.1.1,FreeFeed,0,PelletDrop,4,0,0,2,0,0,,,,,,,,,,,,,,,,,,,,
2026-06-29 22:56:00,39927.898438,B0DB8AF16E20,mous,male,C57BL/6,1.1.1,FreeFeed,0,PelletTaken,4,0,0,2,0,0,TimedOut,542.000,0,1,,,,,,,,,,,,,,,,
2026-06-29 22:58:15,40063.183594,B0DB8AF16E20,mous,male,C57BL/6,1.1.1,FreeFeed,0,PelletDrop,5,0,0,2,0,0,,,,,,,,,,,,,,,,,,,,
2026-06-29 22:58:35,40083.734375,B0DB8AF16E20,mous,male,C57BL/6,1.1.1,FreeFeed,0,PelletTaken,5,0,0,2,0,0,TimedOut,542.000,0,1,,,,,,,,,,,,,,,,
2026-06-29 23:04:40,40448.230469,B0DB8AF16E20,mous,male,C57BL/6,1.1.1,FreeFeed,0,Status,5,0,0,2,0,0,,,,,Disabled,25.6,40.4,993.0,15.4,0.000,0.000,253872,344900,250888,1651,4.06,84.17
2026-06-29 23:14:52,41061.000000,B0DB8AF16E20,mous,male,C57BL/6,1.1.1,FreeFeed,0,Status,5,0,0,2,0,0,,,,,Disabled,25.5,40.5,993.0,15.4,0.000,0.000,253872,344900,250888,1676,4.05,84.01
2026-06-29 23:25:05,41673.785156,B0DB8AF16E20,mous,male,C57BL/6,1.1.1,FreeFeed,0,Status,5,0,0,2,0,0,,,,,Disabled,25.6,40.6,993.0,15.5,0.000,0.000,253872,344900,250888,1701,4.05,83.85
2026-06-29 23:35:17,42286.558594,B0DB8AF16E20,mous,male,C57BL/6,1.1.1,FreeFeed,0,Status,5,0,0,2,0,0,,,,,Disabled,25.6,40.3,993.0,15.4,0.000,0.000,253872,344900,250888,1726,4.05,83.68
2026-06-29 23:43:08,42757.148438,B0DB8AF16E20,mous,male,C57BL/6,1.1.1,FreeFeed,0,PelletDrop,6,0,0,2,0,0,,,,,,,,,,,,,,,,,,,,
2026-06-29 23:43:28,42777.710938,B0DB8AF16E20,mous,male,C57BL/6,1.1.1,FreeFeed,0,PelletTaken,6,0,0,2,0,0,TimedOut,542.000,0,1,,,,,,,,,,,,,,,,
2026-06-29 23:45:33,42901.972656,B0DB8AF16E20,mous,male,C57BL/6,1.1.1,FreeFeed,0,Status,6,0,0,2,0,0,,,,,Disabled,25.6,40.2,993.0,15.5,0.000,0.000,253872,344900,250888,1752,4.05,83.52
2026-06-29 23:55:45,43514.746094,B0DB8AF16E20,mous,male,C57BL/6,1.1.1,FreeFeed,0,Status,6,0,0,2,0,0,,,,,Disabled,25.6,40.0,993.0,15.5,0.000,0.000,253872,344900,250888,1777,4.05,83.36
2026-06-30 00:05:58,44127.539062,B0DB8AF16E20,mous,male,C57BL/6,1.1.1,FreeFeed,0,Status,6,0,0,2,0,0,,,,,Disabled,25.6,39.9,993.0,15.6,0.000,0.000,253872,344900,250888,1802,4.05,83.20
2026-06-30 00:16:10,44740.324219,B0DB8AF16E20,mous,male,C57BL/6,1.1.1,FreeFeed,0,Status,6,0,0,2,0,0,,,,,Disabled,25.6,39.9,993.0,15.6,0.000,0.000,253872,344900,250888,1827,4.05,83.03
2026-06-30 00:16:27,44756.832031,B0DB8AF16E20,mous,male,C57BL/6,1.1.1,FreeFeed,0,PelletDrop,7,0,0,2,0,0,,,,,,,,,,,,,,,,,,,,
2026-06-30 00:16:47,44777.367188,B0DB8AF16E20,mous,male,C57BL/6,1.1.1,FreeFeed,0,PelletTaken,7,0,0,2,0,0,TimedOut,542.000,0,1,,,,,,,,,,,,,,,,
2026-06-30 00:26:24,45354.605469,B0DB8AF16E20,mous,male,C57BL/6,1.1.1,FreeFeed,0,Status,7,0,0,2,0,0,,,,,Disabled,25.6,40.0,993.0,15.6,0.000,0.000,253872,344900,250888,1853,4.05,82.87
2026-06-30 00:30:43,45613.675781,B0DB8AF16E20,mous,male,C57BL/6,1.1.1,FreeFeed,0,PelletDrop,8,0,0,2,0,0,,,,,,,,,,,,,,,,,,,,
2026-06-30 00:31:04,45634.214844,B0DB8AF16E20,mous,male,C57BL/6,1.1.1,FreeFeed,0,PelletTaken,8,0,0,2,0,0,TimedOut,542.000,0,1,,,,,,,,,,,,,,,,
2026-06-30 00:31:11,45641.398438,B0DB8AF16E20,mous,male,C57BL/6,1.1.1,FreeFeed,0,PelletDrop,9,0,0,2,0,0,,,,,,,,,,,,,,,,,,,,
2026-06-30 00:31:32,45661.937500,B0DB8AF16E20,mous,male,C57BL/6,1.1.1,FreeFeed,0,PelletTaken,9,0,0,2,0,0,TimedOut,542.000,0,1,,,,,,,,,,,,,,,,
2026-06-30 00:31:39,45669.109375,B0DB8AF16E20,mous,male,C57BL/6,1.1.1,FreeFeed,0,PelletDrop,10,0,0,2,0,0,,,,,,,,,,,,,,,,,,,,
2026-06-30 00:31:59,45689.062500,B0DB8AF16E20,mous,male,C57BL/6,1.1.1,FreeFeed,0,PelletTaken,10,0,0,2,0,0,19.408,542.000,0,1,,,,,,,,,,,,,,,,
2026-06-30 00:32:06,45696.253906,B0DB8AF16E20,mous,male,C57BL/6,1.1.1,FreeFeed,0,PelletDrop,11,0,0,2,0,0,,,,,,,,,,,,,,,,,,,,
2026-06-30 00:32:26,45716.789062,B0DB8AF16E20,mous,male,C57BL/6,1.1.1,FreeFeed,0,PelletTaken,11,0,0,2,0,0,TimedOut,542.000,0,1,,,,,,,,,,,,,,,,
2026-06-30 00:36:38,45968.257812,B0DB8AF16E20,mous,male,C57BL/6,1.1.1,FreeFeed,0,Status,11,0,0,2,0,0,,,,,Disabled,25.6,40.1,993.0,15.5,0.000,0.000,253872,344900,250888,1878,4.05,82.70
2026-06-30 00:46:50,46581.046875,B0DB8AF16E20,mous,male,C57BL/6,1.1.1,FreeFeed,0,Status,11,0,0,2,0,0,,,,,Disabled,25.5,40.3,993.0,15.6,0.000,0.000,253872,344900,250888,1903,4.04,82.54
2026-06-30 00:57:03,47193.828125,B0DB8AF16E20,mous,male,C57BL/6,1.1.1,FreeFeed,0,Status,11,0,0,2,0,0,,,,,Disabled,25.5,40.5,993.0,15.6,0.000,0.000,253872,344900,250888,1928,4.04,82.38
2026-06-30 01:03:20,47571.468750,B0DB8AF16E20,mous,male,C57BL/6,1.1.1,FreeFeed,0,PelletDrop,12,0,0,2,0,0,,,,,,,,,,,,,,,,,,,,
2026-06-30 01:03:37,47588.449219,B0DB8AF16E20,mous,male,C57BL/6,1.1.1,FreeFeed,0,PelletTaken,12,0,0,2,0,0,16.417,542.000,0,1,,,,,,,,,,,,,,,,
2026-06-30 01:03:45,47595.621094,B0DB8AF16E20,mous,male,C57BL/6,1.1.1,FreeFeed,0,PelletDrop,13,0,0,2,0,0,,,,,,,,,,,,,,,,,,,,
2026-06-30 01:04:00,47610.820312,B0DB8AF16E20,mous,male,C57BL/6,1.1.1,FreeFeed,0,PelletTaken,13,0,0,2,0,0,14.656,542.000,0,1,,,,,,,,,,,,,,,,
2026-06-30 01:04:06,47616.902344,B0DB8AF16E20,mous,male,C57BL/6,1.1.1,FreeFeed,0,PelletDrop,14,0,0,2,0,0,,,,,,,,,,,,,,,,,,,,
2026-06-30 01:04:22,47633.031250,B0DB8AF16E20,mous,male,C57BL/6,1.1.1,FreeFeed,0,PelletTaken,14,0,0,2,0,0,15.570,542.000,0,0,,,,,,,,,,,,,,,,
2026-06-30 01:04:29,47640.203125,B0DB8AF16E20,mous,male,C57BL/6,1.1.1,FreeFeed,0,PelletDrop,15,0,0,2,0,0,,,,,,,,,,,,,,,,,,,,
2026-06-30 01:04:50,47660.742188,B0DB8AF16E20,mous,male,C57BL/6,1.1.1,FreeFeed,0,PelletTaken,15,0,0,2,0,0,TimedOut,542.000,0,1,,,,,,,,,,,,,,,,
2026-06-30 01:06:23,47754.328125,B0DB8AF16E20,mous,male,C57BL/6,1.1.1,FreeFeed,0,PelletDrop,16,0,0,2,0,0,,,,,,,,,,,,,,,,,,,,
2026-06-30 01:06:37,47768.105469,B0DB8AF16E20,mous,male,C57BL/6,1.1.1,FreeFeed,0,PelletTaken,16,0,0,2,0,0,13.215,542.000,0,1,,,,,,,,,,,,,,,,
2026-06-30 01:06:44,47775.281250,B0DB8AF16E20,mous,male,C57BL/6,1.1.1,FreeFeed,0,PelletDrop,17,0,0,2,0,0,,,,,,,,,,,,,,,,,,,,
2026-06-30 01:06:55,47786.511719,B0DB8AF16E20,mous,male,C57BL/6,1.1.1,FreeFeed,0,PelletTaken,17,0,0,2,0,0,10.685,542.000,0,1,,,,,,,,,,,,,,,,
2026-06-30 01:07:03,47794.195312,B0DB8AF16E20,mous,male,C57BL/6,1.1.1,FreeFeed,0,Status,17,0,0,2,0,0,,,,,Disabled,25.5,40.6,993.0,15.6,0.000,0.000,253872,344900,250888,1954,4.04,82.21
2026-06-30 01:07:06,47797.011719,B0DB8AF16E20,mous,male,C57BL/6,1.1.1,FreeFeed,0,PelletDrop,18,0,0,2,0,0,,,,,,,,,,,,,,,,,,,,
2026-06-30 01:07:14,47805.203125,B0DB8AF16E20,mous,male,C57BL/6,1.1.1,FreeFeed,0,PelletTaken,18,0,0,2,0,0,7.649,542.000,0,1,,,,,,,,,,,,,,,,
2026-06-30 01:07:21,47812.378906,B0DB8AF16E20,mous,male,C57BL/6,1.1.1,FreeFeed,0,PelletDrop,19,0,0,2,0,0,,,,,,,,,,,,,,,,,,,,
2026-06-30 01:07:31,47822.031250,B0DB8AF16E20,mous,male,C57BL/6,1.1.1,FreeFeed,0,PelletTaken,19,0,0,2,0,0,9.091,542.000,0,1,,,,,,,,,,,,,,,,
2026-06-30 01:07:40,47831.421875,B0DB8AF16E20,mous,male,C57BL/6,1.1.1,FreeFeed,0,PelletDrop,20,0,0,2,0,0,,,,,,,,,,,,,,,,,,,,
2026-06-30 01:07:42,47833.113281,B0DB8AF16E20,mous,male,C57BL/6,1.1.1,FreeFeed,0,PelletTaken,20,0,0,2,0,0,1.148,542.000,0,2,,,,,,,,,,,,,,,,
2026-06-30 01:07:49,47840.289062,B0DB8AF16E20,mous,male,C57BL/6,1.1.1,FreeFeed,0,PelletDrop,21,0,0,2,0,0,,,,,,,,,,,,,,,,,,,,
2026-06-30 01:08:10,47860.839844,B0DB8AF16E20,mous,male,C57BL/6,1.1.1,FreeFeed,0,PelletTaken,21,0,0,2,0,0,TimedOut,542.000,0,1,,,,,,,,,,,,,,,,
2026-06-30 01:17:13,48404.851562,B0DB8AF16E20,mous,male,C57BL/6,1.1.1,FreeFeed,0,Status,21,0,0,2,0,0,,,,,Disabled,25.5,40.6,993.0,15.5,0.000,0.000,253872,344900,250888,1980,4.04,82.05
2026-06-30 01:27:26,49017.644531,B0DB8AF16E20,mous,male,C57BL/6,1.1.1,FreeFeed,0,Status,21,0,0,2,0,0,,,,,Disabled,25.5,40.7,993.0,15.5,0.000,0.000,253872,344900,250888,2005,4.04,82.05
2026-06-30 01:37:39,49630.445312,B0DB8AF16E20,mous,male,C57BL/6,1.1.1,FreeFeed,0,Status,21,0,0,2,0,0,,,,,Disabled,25.5,40.7,993.0,15.4,0.000,0.000,253872,344900,250888,2030,4.04,81.89
2026-06-30 01:38:30,49682.000000,B0DB8AF16E20,mous,male,C57BL/6,1.1.1,FreeFeed,0,PelletDrop,22,0,0,2,0,0,,,,,,,,,,,,,,,,,,,,
2026-06-30 01:38:48,49699.457031,B0DB8AF16E20,mous,male,C57BL/6,1.1.1,FreeFeed,0,PelletTaken,22,0,0,2,0,0,16.912,542.000,0,1,,,,,,,,,,,,,,,,
2026-06-30 01:38:55,49706.628906,B0DB8AF16E20,mous,male,C57BL/6,1.1.1,FreeFeed,0,PelletDrop,23,0,0,2,0,0,,,,,,,,,,,,,,,,,,,,
2026-06-30 01:39:05,49716.445312,B0DB8AF16E20,mous,male,C57BL/6,1.1.1,FreeFeed,0,PelletTaken,23,0,0,2,0,0,9.256,542.000,0,1,,,,,,,,,,,,,,,,
2026-06-30 01:39:12,49723.617188,B0DB8AF16E20,mous,male,C57BL/6,1.1.1,FreeFeed,0,PelletDrop,24,0,0,2,0,0,,,,,,,,,,,,,,,,,,,,
2026-06-30 01:39:23,49734.781250,B0DB8AF16E20,mous,male,C57BL/6,1.1.1,FreeFeed,0,PelletTaken,24,0,0,2,0,0,10.620,542.000,0,1,,,,,,,,,,,,,,,,
2026-06-30 01:39:30,49741.972656,B0DB8AF16E20,mous,male,C57BL/6,1.1.1,FreeFeed,0,PelletDrop,25,0,0,2,0,0,,,,,,,,,,,,,,,,,,,,
2026-06-30 01:39:39,49751.011719,B0DB8AF16E20,mous,male,C57BL/6,1.1.1,FreeFeed,0,PelletTaken,25,0,0,2,0,0,8.496,542.000,0,1,,,,,,,,,,,,,,,,
2026-06-30 01:39:46,49758.183594,B0DB8AF16E20,mous,male,C57BL/6,1.1.1,FreeFeed,0,PelletDrop,26,0,0,2,0,0,,,,,,,,,,,,,,,,,,,,
2026-06-30 01:40:01,49773.386719,B0DB8AF16E20,mous,male,C57BL/6,1.1.1,FreeFeed,0,PelletTaken,26,0,0,2,0,0,14.657,542.000,0,1,,,,,,,,,,,,,,,,
2026-06-30 01:40:09,49780.585938,B0DB8AF16E20,mous,male,C57BL/6,1.1.1,FreeFeed,0,PelletDrop,27,0,0,2,0,0,,,,,,,,,,,,,,,,,,,,
2026-06-30 01:40:23,49794.808594,B0DB8AF16E20,mous,male,C57BL/6,1.1.1,FreeFeed,0,PelletTaken,27,0,0,2,0,0,13.677,542.000,0,1,,,,,,,,,,,,,,,,
2026-06-30 01:40:30,49801.980469,B0DB8AF16E20,mous,male,C57BL/6,1.1.1,FreeFeed,0,PelletDrop,28,0,0,2,0,0,,,,,,,,,,,,,,,,,,,,
2026-06-30 01:40:43,49814.699219,B0DB8AF16E20,mous,male,C57BL/6,1.1.1,FreeFeed,0,PelletTaken,28,0,0,2,0,0,12.171,542.000,0,1,,,,,,,,,,,,,,,,
2026-06-30 01:42:43,49935.351562,B0DB8AF16E20,mous,male,C57BL/6,1.1.1,FreeFeed,0,PelletDrop,29,0,0,2,0,0,,,,,,,,,,,,,,,,,,,,
2026-06-30 01:43:01,49952.753906,B0DB8AF16E20,mous,male,C57BL/6,1.1.1,FreeFeed,0,PelletTaken,29,0,0,2,0,0,16.857,542.000,0,1,,,,,,,,,,,,,,,,
2026-06-30 01:43:08,49959.929688,B0DB8AF16E20,mous,male,C57BL/6,1.1.1,FreeFeed,0,PelletDrop,30,0,0,2,0,0,,,,,,,,,,,,,,,,,,,,
2026-06-30 01:43:21,49973.371094,B0DB8AF16E20,mous,male,C57BL/6,1.1.1,FreeFeed,0,PelletTaken,30,0,0,2,0,0,12.897,542.000,0,1,,,,,,,,,,,,,,,,
2026-06-30 01:43:29,49980.562500,B0DB8AF16E20,mous,male,C57BL/6,1.1.1,FreeFeed,0,PelletDrop,31,0,0,2,0,0,,,,,,,,,,,,,,,,,,,,
2026-06-30 01:43:49,50001.097656,B0DB8AF16E20,mous,male,C57BL/6,1.1.1,FreeFeed,0,PelletTaken,31,0,0,2,0,0,TimedOut,542.000,0,1,,,,,,,,,,,,,,,,
2026-06-30 01:48:00,50252.566406,B0DB8AF16E20,mous,male,C57BL/6,1.1.1,FreeFeed,0,Status,31,0,0,2,0,0,,,,,Disabled,25.5,40.6,993.0,15.4,0.000,0.000,253872,344900,250888,2057,4.04,81.73
2026-06-30 01:58:13,50865.355469,B0DB8AF16E20,mous,male,C57BL/6,1.1.1,FreeFeed,0,Status,31,0,0,2,0,0,,,,,Disabled,25.5,40.7,993.0,15.4,0.000,0.000,253872,344900,250888,2082,4.03,81.56
2026-06-30 02:08:26,51478.125000,B0DB8AF16E20,mous,male,C57BL/6,1.1.1,FreeFeed,0,Status,31,0,0,2,0,0,,,,,Disabled,25.5,40.7,993.0,15.4,0.000,0.000,253872,344900,250888,2107,4.05,81.40
2026-06-30 02:18:38,52090.898438,B0DB8AF16E20,mous,male,C57BL/6,1.1.1,FreeFeed,0,Status,31,0,0,2,0,0,,,,,Disabled,25.5,40.5,993.0,15.4,0.000,0.000,253872,344900,250888,2132,4.03,81.24
2026-06-30 02:28:51,52703.683594,B0DB8AF16E20,mous,male,C57BL/6,1.1.1,FreeFeed,0,Status,31,0,0,2,0,0,,,,,Disabled,25.6,40.3,993.1,15.3,0.000,0.000,253872,344900,250888,2157,4.03,81.24
2026-06-30 02:39:03,53316.457031,B0DB8AF16E20,mous,male,C57BL/6,1.1.1,FreeFeed,0,Status,31,0,0,2,0,0,,,,,Disabled,25.6,40.1,993.1,15.4,0.000,0.000,253872,344900,250888,2182,4.03,81.07
2026-06-30 02:49:16,53929.250000,B0DB8AF16E20,mous,male,C57BL/6,1.1.1,FreeFeed,0,Status,31,0,0,2,0,0,,,,,Disabled,25.7,39.9,993.2,15.3,0.000,0.000,253872,344900,250888,2207,4.03,80.91
2026-06-30 02:59:28,54542.039062,B0DB8AF16E20,mous,male,C57BL/6,1.1.1,FreeFeed,0,Status,31,0,0,2,0,0,,,,,Disabled,25.7,39.8,993.2,15.3,0.000,0.000,253872,344900,250888,2232,4.04,80.91
2026-06-30 03:09:41,55154.808594,B0DB8AF16E20,mous,male,C57BL/6,1.1.1,FreeFeed,0,Status,31,0,0,2,0,0,,,,,Disabled,25.7,39.7,993.2,15.3,0.000,0.000,253872,344900,250888,2257,4.03,80.75
2026-06-30 03:19:53,55767.582031,B0DB8AF16E20,mous,male,C57BL/6,1.1.1,FreeFeed,0,Status,31,0,0,2,0,0,,,,,Disabled,25.7,39.6,993.3,15.4,0.000,0.000,253872,344900,250888,2282,4.03,80.59
2026-06-30 03:23:29,55983.648438,B0DB8AF16E20,mous,male,C57BL/6,1.1.1,FreeFeed,0,PelletDrop,32,0,0,2,0,0,,,,,,,,,,,,,,,,,,,,
2026-06-30 03:23:50,56004.187500,B0DB8AF16E20,mous,male,C57BL/6,1.1.1,FreeFeed,0,PelletTaken,32,0,0,2,0,0,TimedOut,542.000,0,1,,,,,,,,,,,,,,,,
2026-06-30 03:24:10,56024.652344,B0DB8AF16E20,mous,male,C57BL/6,1.1.1,FreeFeed,0,PelletDrop,33,0,0,2,0,0,,,,,,,,,,,,,,,,,,,,
2026-06-30 03:24:31,56045.203125,B0DB8AF16E20,mous,male,C57BL/6,1.1.1,FreeFeed,0,PelletTaken,33,0,0,2,0,0,TimedOut,542.000,0,1,,,,,,,,,,,,,,,,
2026-06-30 03:24:38,56052.378906,B0DB8AF16E20,mous,male,C57BL/6,1.1.1,FreeFeed,0,PelletDrop,34,0,0,2,0,0,,,,,,,,,,,,,,,,,,,,
2026-06-30 03:24:59,56072.914062,B0DB8AF16E20,mous,male,C57BL/6,1.1.1,FreeFeed,0,PelletTaken,34,0,0,2,0,0,TimedOut,542.000,0,1,,,,,,,,,,,,,,,,
2026-06-30 03:25:22,56096.312500,B0DB8AF16E20,mous,male,C57BL/6,1.1.1,FreeFeed,0,PelletDrop,35,0,0,2,0,0,,,,,,,,,,,,,,,,,,,,
2026-06-30 03:25:41,56114.886719,B0DB8AF16E20,mous,male,C57BL/6,1.1.1,FreeFeed,0,PelletTaken,35,0,0,2,0,0,18.012,542.000,0,1,,,,,,,,,,,,,,,,
2026-06-30 03:25:47,56120.769531,B0DB8AF16E20,mous,male,C57BL/6,1.1.1,FreeFeed,0,PelletDrop,36,0,0,2,0,0,,,,,,,,,,,,,,,,,,,,
2026-06-30 03:26:07,56141.304688,B0DB8AF16E20,mous,male,C57BL/6,1.1.1,FreeFeed,0,PelletTaken,36,0,0,2,0,0,TimedOut,542.000,0,0,,,,,,,,,,,,,,,,
2026-06-30 03:27:19,56213.398438,B0DB8AF16E20,mous,male,C57BL/6,1.1.1,FreeFeed,0,PelletDrop,37,0,0,2,0,0,,,,,,,,,,,,,,,,,,,,
2026-06-30 03:27:38,56232.046875,B0DB8AF16E20,mous,male,C57BL/6,1.1.1,FreeFeed,0,PelletTaken,37,0,0,2,0,0,18.089,542.000,0,1,,,,,,,,,,,,,,,,
2026-06-30 03:27:45,56239.218750,B0DB8AF16E20,mous,male,C57BL/6,1.1.1,FreeFeed,0,PelletDrop,38,0,0,2,0,0,,,,,,,,,,,,,,,,,,,,
2026-06-30 03:27:59,56253.695312,B0DB8AF16E20,mous,male,C57BL/6,1.1.1,FreeFeed,0,PelletTaken,38,0,0,2,0,0,13.930,542.000,0,1,,,,,,,,,,,,,,,,
2026-06-30 03:28:07,56260.867188,B0DB8AF16E20,mous,male,C57BL/6,1.1.1,FreeFeed,0,PelletDrop,39,0,0,2,0,0,,,,,,,,,,,,,,,,,,,,
2026-06-30 03:28:20,56274.324219,B0DB8AF16E20,mous,male,C57BL/6,1.1.1,FreeFeed,0,PelletTaken,39,0,0,2,0,0,12.886,542.000,0,1,,,,,,,,,,,,,,,,
2026-06-30 03:28:27,56281.500000,B0DB8AF16E20,mous,male,C57BL/6,1.1.1,FreeFeed,0,PelletDrop,40,0,0,2,0,0,,,,,,,,,,,,,,,,,,,,
2026-06-30 03:28:43,56297.183594,B0DB8AF16E20,mous,male,C57BL/6,1.1.1,FreeFeed,0,PelletTaken,40,0,0,2,0,0,15.141,542.000,0,1,,,,,,,,,,,,,,,,
2026-06-30 03:28:50,56304.359375,B0DB8AF16E20,mous,male,C57BL/6,1.1.1,FreeFeed,0,PelletDrop,41,0,0,2,0,0,,,,,,,,,,,,,,,,,,,,
2026-06-30 03:29:11,56324.910156,B0DB8AF16E20,mous,male,C57BL/6,1.1.1,FreeFeed,0,PelletTaken,41,0,0,2,0,0,TimedOut,542.000,0,1,,,,,,,,,,,,,,,,
2026-06-30 03:30:07,56381.351562,B0DB8AF16E20,mous,male,C57BL/6,1.1.1,FreeFeed,0,Status,41,0,0,2,0,0,,,,,Disabled,25.8,39.9,993.3,15.3,0.000,0.000,253872,344900,250888,2308,4.03,80.42
2026-06-30 03:32:04,56498.433594,B0DB8AF16E20,mous,male,C57BL/6,1.1.1,FreeFeed,0,PelletDrop,42,0,0,2,0,0,,,,,,,,,,,,,,,,,,,,
2026-06-30 03:32:25,56518.984375,B0DB8AF16E20,mous,male,C57BL/6,1.1.1,FreeFeed,0,PelletTaken,42,0,0,2,0,0,TimedOut,542.000,0,1,,,,,,,,,,,,,,,,
2026-06-30 03:40:15,56989.859375,B0DB8AF16E20,mous,male,C57BL/6,1.1.1,FreeFeed,0,Status,42,0,0,2,0,0,,,,,Disabled,25.8,39.8,993.4,15.3,0.000,0.000,253872,344900,250888,2333,4.03,80.26
2026-06-30 03:50:28,57602.632812,B0DB8AF16E20,mous,male,C57BL/6,1.1.1,FreeFeed,0,Status,42,0,0,2,0,0,,,,,Disabled,25.8,39.8,993.5,15.2,0.000,0.000,253872,344900,250888,2358,4.02,80.26
2026-06-30 04:00:40,58215.417969,B0DB8AF16E20,mous,male,C57BL/6,1.1.1,FreeFeed,0,Status,42,0,0,2,0,0,,,,,Disabled,25.8,39.7,993.5,15.2,0.000,0.000,253872,344900,250888,2383,4.03,80.09
2026-06-30 04:10:53,58828.210938,B0DB8AF16E20,mous,male,C57BL/6,1.1.1,FreeFeed,0,Status,42,0,0,2,0,0,,,,,Disabled,25.8,39.5,993.5,15.3,0.000,0.000,253872,344900,250888,2408,4.02,79.93
2026-06-30 04:14:34,59049.558594,B0DB8AF16E20,mous,male,C57BL/6,1.1.1,FreeFeed,0,PelletDrop,43,0,0,2,0,0,,,,,,,,,,,,,,,,,,,,
2026-06-30 04:14:55,59070.109375,B0DB8AF16E20,mous,male,C57BL/6,1.1.1,FreeFeed,0,PelletTaken,43,0,0,2,0,0,TimedOut,542.000,0,1,,,,,,,,,,,,,,,,
2026-06-30 04:15:02,59077.285156,B0DB8AF16E20,mous,male,C57BL/6,1.1.1,FreeFeed,0,PelletDrop,44,0,0,2,0,0,,,,,,,,,,,,,,,,,,,,
2026-06-30 04:15:23,59097.820312,B0DB8AF16E20,mous,male,C57BL/6,1.1.1,FreeFeed,0,PelletTaken,44,0,0,2,0,0,TimedOut,542.000,0,1,,,,,,,,,,,,,,,,
2026-06-30 04:21:11,59446.804688,B0DB8AF16E20,mous,male,C57BL/6,1.1.1,FreeFeed,0,Status,44,0,0,2,0,0,,,,,Disabled,25.8,39.8,993.6,15.2,0.000,0.000,253872,344900,250888,2433,4.03,79.93
2026-06-30 04:30:52,60027.562500,B0DB8AF16E20,mous,male,C57BL/6,1.1.1,FreeFeed,0,PelletDrop,45,0,0,2,0,0,,,,,,,,,,,,,,,,,,,,
2026-06-30 04:31:06,60041.707031,B0DB8AF16E20,mous,male,C57BL/6,1.1.1,FreeFeed,0,PelletTaken,45,0,0,2,0,0,13.601,542.000,0,1,,,,,,,,,,,,,,,,
2026-06-30 04:31:14,60049.390625,B0DB8AF16E20,mous,male,C57BL/6,1.1.1,FreeFeed,0,Status,45,0,0,2,0,0,,,,,Disabled,25.8,39.5,993.6,15.2,0.000,0.000,253872,344900,250888,2458,4.03,79.77
2026-06-30 04:31:17,60052.207031,B0DB8AF16E20,mous,male,C57BL/6,1.1.1,FreeFeed,0,PelletDrop,46,0,0,2,0,0,,,,,,,,,,,,,,,,,,,,
2026-06-30 04:31:37,60072.746094,B0DB8AF16E20,mous,male,C57BL/6,1.1.1,FreeFeed,0,PelletTaken,46,0,0,2,0,0,TimedOut,542.000,0,1,,,,,,,,,,,,,,,,
2026-06-30 04:31:49,60084.890625,B0DB8AF16E20,mous,male,C57BL/6,1.1.1,FreeFeed,0,PelletDrop,47,0,0,2,0,0,,,,,,,,,,,,,,,,,,,,
2026-06-30 04:31:59,60095.144531,B0DB8AF16E20,mous,male,C57BL/6,1.1.1,FreeFeed,0,PelletTaken,47,0,0,2,0,0,9.706,542.000,0,1,,,,,,,,,,,,,,,,
2026-06-30 04:32:07,60102.332031,B0DB8AF16E20,mous,male,C57BL/6,1.1.1,FreeFeed,0,PelletDrop,48,0,0,2,0,0,,,,,,,,,,,,,,,,,,,,
2026-06-30 04:32:15,60110.976562,B0DB8AF16E20,mous,male,C57BL/6,1.1.1,FreeFeed,0,PelletTaken,48,0,0,2,0,0,8.100,542.000,0,1,,,,,,,,,,,,,,,,
2026-06-30 04:32:22,60118.152344,B0DB8AF16E20,mous,male,C57BL/6,1.1.1,FreeFeed,0,PelletDrop,49,0,0,2,0,0,,,,,,,,,,,,,,,,,,,,
2026-06-30 04:32:35,60130.230469,B0DB8AF16E20,mous,male,C57BL/6,1.1.1,FreeFeed,0,PelletTaken,49,0,0,2,0,0,11.532,542.000,0,1,,,,,,,,,,,,,,,,
2026-06-30 04:32:42,60137.417969,B0DB8AF16E20,mous,male,C57BL/6,1.1.1,FreeFeed,0,PelletDrop,50,0,0,2,0,0,,,,,,,,,,,,,,,,,,,,
2026-06-30 04:32:53,60149.144531,B0DB8AF16E20,mous,male,C57BL/6,1.1.1,FreeFeed,0,PelletTaken,50,0,0,2,0,0,11.180,542.000,0,1,,,,,,,,,,,,,,,,
2026-06-30 04:33:01,60156.316406,B0DB8AF16E20,mous,male,C57BL/6,1.1.1,FreeFeed,0,PelletDrop,51,0,0,2,0,0,,,,,,,,,,,,,,,,,,,,
2026-06-30 04:33:11,60166.867188,B0DB8AF16E20,mous,male,C57BL/6,1.1.1,FreeFeed,0,PelletTaken,51,0,0,2,0,0,9.993,542.000,0,1,,,,,,,,,,,,,,,,
2026-06-30 04:41:26,60662.121094,B0DB8AF16E20,mous,male,C57BL/6,1.1.1,FreeFeed,0,Status,51,0,0,2,0,0,,,,,Disabled,25.8,39.7,993.7,15.2,0.000,0.000,253872,344900,250888,2485,4.02,79.61
2026-06-30 04:47:43,61038.605469,B0DB8AF16E20,mous,male,C57BL/6,1.1.1,FreeFeed,0,PelletDrop,52,0,0,2,0,0,,,,,,,,,,,,,,,,,,,,
2026-06-30 04:47:59,61054.710938,B0DB8AF16E20,mous,male,C57BL/6,1.1.1,FreeFeed,0,PelletTaken,52,0,0,2,0,0,15.558,542.000,0,1,,,,,,,,,,,,,,,,
2026-06-30 04:48:06,61061.972656,B0DB8AF16E20,mous,male,C57BL/6,1.1.1,FreeFeed,0,PelletDrop,53,0,0,2,0,0,,,,,,,,,,,,,,,,,,,,
2026-06-30 04:48:14,61069.570312,B0DB8AF16E20,mous,male,C57BL/6,1.1.1,FreeFeed,0,PelletTaken,53,0,0,2,0,0,7.045,542.000,0,1,,,,,,,,,,,,,,,,
2026-06-30 04:48:21,61076.765625,B0DB8AF16E20,mous,male,C57BL/6,1.1.1,FreeFeed,0,PelletDrop,54,0,0,2,0,0,,,,,,,,,,,,,,,,,,,,
2026-06-30 04:48:30,61086.378906,B0DB8AF16E20,mous,male,C57BL/6,1.1.1,FreeFeed,0,PelletTaken,54,0,0,2,0,0,9.057,542.000,0,1,,,,,,,,,,,,,,,,
2026-06-30 04:48:38,61093.578125,B0DB8AF16E20,mous,male,C57BL/6,1.1.1,FreeFeed,0,PelletDrop,55,0,0,2,0,0,,,,,,,,,,,,,,,,,,,,
2026-06-30 04:48:47,61103.003906,B0DB8AF16E20,mous,male,C57BL/6,1.1.1,FreeFeed,0,PelletTaken,55,0,0,2,0,0,8.870,542.000,0,1,,,,,,,,,,,,,,,,
2026-06-30 04:48:56,61112.410156,B0DB8AF16E20,mous,male,C57BL/6,1.1.1,FreeFeed,0,PelletDrop,56,0,0,2,0,0,,,,,,,,,,,,,,,,,,,,
2026-06-30 04:49:10,61125.937500,B0DB8AF16E20,mous,male,C57BL/6,1.1.1,FreeFeed,0,PelletTaken,56,0,0,2,0,0,12.974,542.000,0,2,,,,,,,,,,,,,,,,
2026-06-30 04:49:17,61133.140625,B0DB8AF16E20,mous,male,C57BL/6,1.1.1,FreeFeed,0,PelletDrop,57,0,0,2,0,0,,,,,,,,,,,,,,,,,,,,
2026-06-30 04:49:38,61153.687500,B0DB8AF16E20,mous,male,C57BL/6,1.1.1,FreeFeed,0,PelletTaken,57,0,0,2,0,0,TimedOut,542.000,0,1,,,,,,,,,,,,,,,,
2026-06-30 04:51:47,61283.277344,B0DB8AF16E20,mous,male,C57BL/6,1.1.1,FreeFeed,0,Status,57,0,0,2,0,0,,,,,Disabled,25.8,40.1,993.7,15.1,0.000,0.000,253872,344900,250888,2512,4.02,79.44
2026-06-30 05:02:00,61896.074219,B0DB8AF16E20,mous,male,C57BL/6,1.1.1,FreeFeed,0,Status,57,0,0,2,0,0,,,,,Disabled,25.7,40.2,993.8,15.1,0.000,0.000,253872,344900,250888,2537,4.02,79.44
2026-06-30 05:06:03,62138.929688,B0DB8AF16E20,mous,male,C57BL/6,1.1.1,FreeFeed,0,PelletDrop,58,0,0,2,0,0,,,,,,,,,,,,,,,,,,,,
2026-06-30 05:06:17,62153.867188,B0DB8AF16E20,mous,male,C57BL/6,1.1.1,FreeFeed,0,PelletTaken,58,0,0,2,0,0,14.382,542.000,0,1,,,,,,,,,,,,,,,,
2026-06-30 05:06:25,62161.078125,B0DB8AF16E20,mous,male,C57BL/6,1.1.1,FreeFeed,0,PelletDrop,59,0,0,2,0,0,,,,,,,,,,,,,,,,,,,,
2026-06-30 05:06:36,62172.023438,B0DB8AF16E20,mous,male,C57BL/6,1.1.1,FreeFeed,0,PelletTaken,59,0,0,2,0,0,10.389,542.000,0,1,,,,,,,,,,,,,,,,
2026-06-30 05:06:43,62179.207031,B0DB8AF16E20,mous,male,C57BL/6,1.1.1,FreeFeed,0,PelletDrop,60,0,0,2,0,0,,,,,,,,,,,,,,,,,,,,
2026-06-30 05:06:55,62191.660156,B0DB8AF16E20,mous,male,C57BL/6,1.1.1,FreeFeed,0,PelletTaken,60,0,0,2,0,0,11.895,542.000,0,1,,,,,,,,,,,,,,,,
2026-06-30 05:07:02,62198.859375,B0DB8AF16E20,mous,male,C57BL/6,1.1.1,FreeFeed,0,PelletDrop,61,0,0,2,0,0,,,,,,,,,,,,,,,,,,,,
2026-06-30 05:07:12,62208.781250,B0DB8AF16E20,mous,male,C57BL/6,1.1.1,FreeFeed,0,PelletTaken,61,0,0,2,0,0,9.366,542.000,0,1,,,,,,,,,,,,,,,,
2026-06-30 05:07:20,62215.968750,B0DB8AF16E20,mous,male,C57BL/6,1.1.1,FreeFeed,0,PelletDrop,62,0,0,2,0,0,,,,,,,,,,,,,,,,,,,,
2026-06-30 05:07:32,62228.253906,B0DB8AF16E20,mous,male,C57BL/6,1.1.1,FreeFeed,0,PelletTaken,62,0,0,2,0,0,11.731,542.000,0,1,,,,,,,,,,,,,,,,
2026-06-30 05:07:39,62235.457031,B0DB8AF16E20,mous,male,C57BL/6,1.1.1,FreeFeed,0,PelletDrop,63,0,0,2,0,0,,,,,,,,,,,,,,,,,,,,
2026-06-30 05:08:00,62256.003906,B0DB8AF16E20,mous,male,C57BL/6,1.1.1,FreeFeed,0,PelletTaken,63,0,0,2,0,0,TimedOut,542.000,0,1,,,,,,,,,,,,,,,,
2026-06-30 05:12:11,62507.484375,B0DB8AF16E20,mous,male,C57BL/6,1.1.1,FreeFeed,0,Status,63,0,0,2,0,0,,,,,Disabled,25.7,40.4,993.9,15.2,0.000,0.000,253872,344900,250888,2563,4.02,79.28
2026-06-30 05:22:23,63120.281250,B0DB8AF16E20,mous,male,C57BL/6,1.1.1,FreeFeed,0,Status,63,0,0,2,0,0,,,,,Disabled,25.7,40.6,994.0,15.1,0.000,0.000,253872,344900,250888,2588,4.02,79.12
2026-06-30 05:32:36,63733.085938,B0DB8AF16E20,mous,male,C57BL/6,1.1.1,FreeFeed,0,Status,63,0,0,2,0,0,,,,,Disabled,25.7,40.3,994.1,15.0,0.000,0.000,253872,344900,250888,2613,4.02,79.12
2026-06-30 05:42:49,64345.871094,B0DB8AF16E20,mous,male,C57BL/6,1.1.1,FreeFeed,0,Status,63,0,0,2,0,0,,,,,Disabled,25.7,40.0,994.2,15.1,0.000,0.000,253872,344900,250888,2638,4.01,78.95
2026-06-30 05:53:01,64958.667969,B0DB8AF16E20,mous,male,C57BL/6,1.1.1,FreeFeed,0,Status,63,0,0,2,0,0,,,,,Disabled,25.7,39.8,994.3,15.1,0.000,0.000,253872,344900,250888,2663,4.01,78.79
2026-06-30 06:03:14,65571.453125,B0DB8AF16E20,mous,male,C57BL/6,1.1.1,FreeFeed,0,Status,63,0,0,2,0,0,,,,,Disabled,25.8,39.7,994.4,15.1,0.158,76.000,253872,344900,250888,2688,4.01,78.63
2026-06-30 06:13:26,66184.234375,B0DB8AF16E20,mous,male,C57BL/6,1.1.1,FreeFeed,0,Status,63,0,0,2,0,0,,,,,Disabled,25.8,39.6,994.5,15.2,0.166,80.000,253872,344900,250888,2713,4.02,78.63
2026-06-30 06:23:39,66797.031250,B0DB8AF16E20,mous,male,C57BL/6,1.1.1,FreeFeed,0,Status,63,0,0,2,0,0,,,,,Disabled,25.8,39.5,994.6,15.2,0.162,74.000,253872,344900,250888,2738,4.01,78.46
2026-06-30 06:31:25,67263.031250,B0DB8AF16E20,mous,male,C57BL/6,1.1.1,FreeFeed,0,PelletDrop,64,0,0,2,0,0,,,,,,,,,,,,,,,,,,,,
2026-06-30 06:31:45,67283.585938,B0DB8AF16E20,mous,male,C57BL/6,1.1.1,FreeFeed,0,PelletTaken,64,0,0,2,0,0,TimedOut,542.000,0,1,,,,,,,,,,,,,,,,
2026-06-30 06:32:09,67307.531250,B0DB8AF16E20,mous,male,C57BL/6,1.1.1,FreeFeed,0,PelletDrop,65,0,0,2,0,0,,,,,,,,,,,,,,,,,,,,
2026-06-30 06:32:30,67328.078125,B0DB8AF16E20,mous,male,C57BL/6,1.1.1,FreeFeed,0,PelletTaken,65,0,0,2,0,0,TimedOut,542.000,0,1,,,,,,,,,,,,,,,,
2026-06-30 06:32:47,67345.343750,B0DB8AF16E20,mous,male,C57BL/6,1.1.1,FreeFeed,0,PelletDrop,66,0,0,2,0,0,,,,,,,,,,,,,,,,,,,,
2026-06-30 06:33:08,67365.890625,B0DB8AF16E20,mous,male,C57BL/6,1.1.1,FreeFeed,0,PelletTaken,66,0,0,2,0,0,TimedOut,542.000,0,1,,,,,,,,,,,,,,,,
2026-06-30 06:33:22,67380.593750,B0DB8AF16E20,mous,male,C57BL/6,1.1.1,FreeFeed,0,PelletDrop,67,0,0,2,0,0,,,,,,,,,,,,,,,,,,,,
2026-06-30 06:33:40,67397.851562,B0DB8AF16E20,mous,male,C57BL/6,1.1.1,FreeFeed,0,PelletTaken,67,0,0,2,0,0,16.702,542.000,0,1,,,,,,,,,,,,,,,,
2026-06-30 06:33:47,67405.546875,B0DB8AF16E20,mous,male,C57BL/6,1.1.1,FreeFeed,0,Status,67,0,0,2,0,0,,,,,Disabled,25.8,39.6,994.7,15.1,0.000,13.000,253872,344900,250888,2764,4.01,78.30
2026-06-30 06:33:50,67408.359375,B0DB8AF16E20,mous,male,C57BL/6,1.1.1,FreeFeed,0,PelletDrop,68,0,0,2,0,0,,,,,,,,,,,,,,,,,,,,
2026-06-30 06:34:04,67422.257812,B0DB8AF16E20,mous,male,C57BL/6,1.1.1,FreeFeed,0,PelletTaken,68,0,0,2,0,0,13.326,542.000,0,1,,,,,,,,,,,,,,,,
2026-06-30 06:34:11,67429.453125,B0DB8AF16E20,mous,male,C57BL/6,1.1.1,FreeFeed,0,PelletDrop,69,0,0,2,0,0,,,,,,,,,,,,,,,,,,,,
2026-06-30 06:34:32,67450.000000,B0DB8AF16E20,mous,male,C57BL/6,1.1.1,FreeFeed,0,PelletTaken,69,0,0,2,0,0,TimedOut,542.000,0,1,,,,,,,,,,,,,,,,
2026-06-30 06:44:00,68018.414062,B0DB8AF16E20,mous,male,C57BL/6,1.1.1,FreeFeed,0,Status,69,0,0,2,0,0,,,,,Disabled,25.8,39.5,994.7,15.1,0.148,71.000,253872,344900,250888,2789,4.02,78.14
2026-06-30 06:54:12,68631.218750,B0DB8AF16E20,mous,male,C57BL/6,1.1.1,FreeFeed,0,Status,69,0,0,2,0,0,,,,,Disabled,25.8,39.4,994.9,15.0,0.151,72.000,253872,344900,250888,2814,4.01,77.98
2026-06-30 07:04:25,69244.007812,B0DB8AF16E20,mous,male,C57BL/6,1.1.1,FreeFeed,0,Status,69,0,0,2,0,0,,,,,Disabled,25.8,39.4,995.0,15.1,0.216,112.000,253872,344900,250888,2839,4.01,77.81
2026-06-30 07:09:31,69550.265625,B0DB8AF16E20,mous,male,C57BL/6,1.1.1,FreeFeed,0,PelletDrop,70,0,0,2,0,0,,,,,,,,,,,,,,,,,,,,
2026-06-30 07:09:52,69570.812500,B0DB8AF16E20,mous,male,C57BL/6,1.1.1,FreeFeed,0,PelletTaken,70,0,0,2,0,0,TimedOut,542.000,0,1,,,,,,,,,,,,,,,,
2026-06-30 07:10:10,69589.531250,B0DB8AF16E20,mous,male,C57BL/6,1.1.1,FreeFeed,0,PelletDrop,71,0,0,2,0,0,,,,,,,,,,,,,,,,,,,,
2026-06-30 07:10:31,69610.085938,B0DB8AF16E20,mous,male,C57BL/6,1.1.1,FreeFeed,0,PelletTaken,71,0,0,2,0,0,TimedOut,542.000,0,1,,,,,,,,,,,,,,,,
2026-06-30 07:10:38,69617.281250,B0DB8AF16E20,mous,male,C57BL/6,1.1.1,FreeFeed,0,PelletDrop,72,0,0,2,0,0,,,,,,,,,,,,,,,,,,,,
2026-06-30 07:10:59,69637.835938,B0DB8AF16E20,mous,male,C57BL/6,1.1.1,FreeFeed,0,PelletTaken,72,0,0,2,0,0,TimedOut,542.000,0,1,,,,,,,,,,,,,,,,
2026-06-30 07:14:46,69864.937500,B0DB8AF16E20,mous,male,C57BL/6,1.1.1,FreeFeed,0,Status,72,0,0,2,0,0,,,,,Disabled,25.8,39.4,995.1,15.1,0.238,125.000,253872,344900,250888,2865,4.00,77.65
2026-06-30 07:24:58,70477.734375,B0DB8AF16E20,mous,male,C57BL/6,1.1.1,FreeFeed,0,Status,72,0,0,2,0,0,,,,,Disabled,25.8,39.5,995.1,15.1,0.151,89.000,253872,344900,250888,2890,4.00,77.48
2026-06-30 07:35:11,71090.515625,B0DB8AF16E20,mous,male,C57BL/6,1.1.1,FreeFeed,0,Status,72,0,0,2,0,0,,,,,Disabled,25.8,39.5,995.2,15.0,0.158,88.000,253872,344900,250888,2915,4.00,77.48
2026-06-30 07:45:23,71703.296875,B0DB8AF16E20,mous,male,C57BL/6,1.1.1,FreeFeed,0,Status,72,0,0,2,0,0,,,,,Disabled,25.8,39.5,995.3,15.1,0.122,63.000,253872,344900,250888,2940,4.00,77.32
2026-06-30 07:52:29,72128.851562,B0DB8AF16E20,mous,male,C57BL/6,1.1.1,FreeFeed,0,PelletDrop,73,0,0,2,0,0,,,,,,,,,,,,,,,,,,,,
2026-06-30 07:52:49,72149.406250,B0DB8AF16E20,mous,male,C57BL/6,1.1.1,FreeFeed,0,PelletTaken,73,0,0,2,0,0,TimedOut,542.000,0,1,,,,,,,,,,,,,,,,
2026-06-30 07:53:02,72162.445312,B0DB8AF16E20,mous,male,C57BL/6,1.1.1,FreeFeed,0,PelletDrop,74,0,0,2,0,0,,,,,,,,,,,,,,,,,,,,
2026-06-30 07:53:23,72182.992188,B0DB8AF16E20,mous,male,C57BL/6,1.1.1,FreeFeed,0,PelletTaken,74,0,0,2,0,0,TimedOut,542.000,0,0,,,,,,,,,,,,,,,,
2026-06-30 07:53:50,72209.867188,B0DB8AF16E20,mous,male,C57BL/6,1.1.1,FreeFeed,0,PelletDrop,75,0,0,2,0,0,,,,,,,,,,,,,,,,,,,,
2026-06-30 07:54:03,72223.437500,B0DB8AF16E20,mous,male,C57BL/6,1.1.1,FreeFeed,0,PelletTaken,75,0,0,2,0,0,13.018,542.000,0,1,,,,,,,,,,,,,,,,
2026-06-30 07:54:11,72230.625000,B0DB8AF16E20,mous,male,C57BL/6,1.1.1,FreeFeed,0,PelletDrop,76,0,0,2,0,0,,,,,,,,,,,,,,,,,,,,
2026-06-30 07:54:27,72246.882812,B0DB8AF16E20,mous,male,C57BL/6,1.1.1,FreeFeed,0,PelletTaken,76,0,0,2,0,0,15.702,542.000,0,1,,,,,,,,,,,,,,,,
2026-06-30 07:54:34,72254.085938,B0DB8AF16E20,mous,male,C57BL/6,1.1.1,FreeFeed,0,PelletDrop,77,0,0,2,0,0,,,,,,,,,,,,,,,,,,,,
2026-06-30 07:54:55,72274.632812,B0DB8AF16E20,mous,male,C57BL/6,1.1.1,FreeFeed,0,PelletTaken,77,0,0,2,0,0,TimedOut,542.000,0,1,,,,,,,,,,,,,,,,
2026-06-30 07:55:04,72284.031250,B0DB8AF16E20,mous,male,C57BL/6,1.1.1,FreeFeed,0,PelletDrop,78,0,0,2,0,0,,,,,,,,,,,,,,,,,,,,
2026-06-30 07:55:25,72304.609375,B0DB8AF16E20,mous,male,C57BL/6,1.1.1,FreeFeed,0,PelletTaken,78,0,0,2,0,0,TimedOut,542.000,0,2,,,,,,,,,,,,,,,,
2026-06-30 07:55:32,72312.304688,B0DB8AF16E20,mous,male,C57BL/6,1.1.1,FreeFeed,0,Status,78,0,0,2,0,0,,,,,Disabled,25.8,39.5,995.4,15.1,0.108,57.000,253872,344900,250888,2966,4.00,77.00
2026-06-30 08:05:45,72925.085938,B0DB8AF16E20,mous,male,C57BL/6,1.1.1,FreeFeed,0,Status,78,0,0,2,0,0,,,,,Disabled,25.8,39.4,995.5,15.1,0.126,60.000,253872,344900,250888,2991,4.00,77.00
2026-06-30 08:15:57,73537.906250,B0DB8AF16E20,mous,male,C57BL/6,1.1.1,FreeFeed,0,Status,78,0,0,2,0,0,,,,,Disabled,25.8,39.4,995.6,15.2,0.137,64.000,253872,344900,250888,3016,4.00,76.67
2026-06-30 08:26:10,74150.687500,B0DB8AF16E20,mous,male,C57BL/6,1.1.1,FreeFeed,0,Status,78,0,0,2,0,0,,,,,Disabled,25.8,39.3,995.7,15.1,0.148,70.000,253872,344900,250888,3041,4.01,76.51
2026-06-30 08:34:37,74657.539062,B0DB8AF16E20,mous,male,C57BL/6,1.1.1,FreeFeed,0,PelletDrop,79,0,0,2,0,0,,,,,,,,,,,,,,,,,,,,
2026-06-30 08:34:57,74678.101562,B0DB8AF16E20,mous,male,C57BL/6,1.1.1,FreeFeed,0,PelletTaken,79,0,0,2,0,0,TimedOut,542.000,0,1,,,,,,,,,,,,,,,,
2026-06-30 08:35:04,74685.289062,B0DB8AF16E20,mous,male,C57BL/6,1.1.1,FreeFeed,0,PelletDrop,80,0,0,2,0,0,,,,,,,,,,,,,,,,,,,,
2026-06-30 08:35:25,74705.835938,B0DB8AF16E20,mous,male,C57BL/6,1.1.1,FreeFeed,0,PelletTaken,80,0,0,2,0,0,TimedOut,542.000,0,1,,,,,,,,,,,,,,,,
2026-06-30 08:35:43,74723.953125,B0DB8AF16E20,mous,male,C57BL/6,1.1.1,FreeFeed,0,PelletDrop,81,0,0,2,0,0,,,,,,,,,,,,,,,,,,,,
2026-06-30 08:36:01,74742.164062,B0DB8AF16E20,mous,male,C57BL/6,1.1.1,FreeFeed,0,PelletTaken,81,0,0,2,0,0,17.638,542.000,0,1,,,,,,,,,,,,,,,,
2026-06-30 08:36:08,74749.351562,B0DB8AF16E20,mous,male,C57BL/6,1.1.1,FreeFeed,0,PelletDrop,82,0,0,2,0,0,,,,,,,,,,,,,,,,,,,,
2026-06-30 08:36:27,74767.578125,B0DB8AF16E20,mous,male,C57BL/6,1.1.1,FreeFeed,0,PelletTaken,82,0,0,2,0,0,17.671,542.000,0,1,,,,,,,,,,,,,,,,
2026-06-30 08:36:34,74775.273438,B0DB8AF16E20,mous,male,C57BL/6,1.1.1,FreeFeed,0,Status,82,0,0,2,0,0,,,,,Disabled,25.8,39.4,995.8,15.1,0.036,29.000,253872,344900,250888,3067,4.01,76.51
2026-06-30 08:36:37,74778.101562,B0DB8AF16E20,mous,male,C57BL/6,1.1.1,FreeFeed,0,PelletDrop,83,0,0,2,0,0,,,,,,,,,,,,,,,,,,,,
2026-06-30 08:36:52,74793.203125,B0DB8AF16E20,mous,male,C57BL/6,1.1.1,FreeFeed,0,PelletTaken,83,0,0,2,0,0,14.548,542.000,0,1,,,,,,,,,,,,,,,,
2026-06-30 08:36:59,74800.398438,B0DB8AF16E20,mous,male,C57BL/6,1.1.1,FreeFeed,0,PelletDrop,84,0,0,2,0,0,,,,,,,,,,,,,,,,,,,,
2026-06-30 08:37:20,74820.945312,B0DB8AF16E20,mous,male,C57BL/6,1.1.1,FreeFeed,0,PelletTaken,84,0,0,2,0,0,TimedOut,542.000,0,1,,,,,,,,,,,,,,,,
2026-06-30 08:37:27,74828.148438,B0DB8AF16E20,mous,male,C57BL/6,1.1.1,FreeFeed,0,PelletDrop,85,0,0,2,0,0,,,,,,,,,,,,,,,,,,,,
2026-06-30 08:37:48,74848.695312,B0DB8AF16E20,mous,male,C57BL/6,1.1.1,FreeFeed,0,PelletTaken,85,0,0,2,0,0,TimedOut,542.000,0,1,,,,,,,,,,,,,,,,
2026-06-30 08:46:52,75392.718750,B0DB8AF16E20,mous,male,C57BL/6,1.1.1,FreeFeed,0,Status,85,0,0,2,0,0,,,,,Disabled,25.8,39.4,995.8,15.1,0.072,40.000,253872,344900,250888,3092,3.99,76.34
2026-06-30 08:57:04,76005.515625,B0DB8AF16E20,mous,male,C57BL/6,1.1.1,FreeFeed,0,Status,85,0,0,2,0,0,,,,,Disabled,25.8,39.3,995.9,15.1,0.169,92.000,253872,344900,250888,3117,4.00,76.02
2026-06-30 09:07:17,76618.296875,B0DB8AF16E20,mous,male,C57BL/6,1.1.1,FreeFeed,0,Status,85,0,0,2,0,0,,,,,Disabled,25.8,39.3,995.9,15.1,0.065,46.000,253872,344900,250888,3142,3.99,75.86
2026-06-30 09:17:29,77231.078125,B0DB8AF16E20,mous,male,C57BL/6,1.1.1,FreeFeed,0,Status,85,0,0,2,0,0,,,,,Disabled,25.8,39.3,996.0,15.0,0.198,105.000,253872,344900,250888,3167,3.99,75.69
2026-06-30 09:27:42,77843.882812,B0DB8AF16E20,mous,male,C57BL/6,1.1.1,FreeFeed,0,Status,85,0,0,2,0,0,,,,,Disabled,25.8,39.2,995.9,15.0,0.180,100.000,253872,344900,250888,3192,3.99,75.53
2026-06-30 09:37:54,78456.687500,B0DB8AF16E20,mous,male,C57BL/6,1.1.1,FreeFeed,0,Status,85,0,0,2,0,0,,,,,Disabled,25.8,39.2,995.9,15.1,0.180,96.000,253872,344900,250888,3217,3.99,75.37
2026-06-30 09:48:07,79069.468750,B0DB8AF16E20,mous,male,C57BL/6,1.1.1,FreeFeed,0,Status,85,0,0,2,0,0,,,,,Disabled,25.7,39.2,995.8,15.1,0.176,94.000,253872,344900,250888,3242,3.98,75.20
2026-06-30 09:56:55,79597.554688,B0DB8AF16E20,mous,male,C57BL/6,1.1.1,FreeFeed,0,PelletDrop,86,0,0,2,0,0,,,,,,,,,,,,,,,,,,,,
2026-06-30 09:57:15,79618.101562,B0DB8AF16E20,mous,male,C57BL/6,1.1.1,FreeFeed,0,PelletTaken,86,0,0,2,0,0,TimedOut,542.000,0,1,,,,,,,,,,,,,,,,
2026-06-30 09:57:32,79634.250000,B0DB8AF16E20,mous,male,C57BL/6,1.1.1,FreeFeed,0,PelletDrop,87,0,0,2,0,0,,,,,,,,,,,,,,,,,,,,
2026-06-30 09:57:49,79651.187500,B0DB8AF16E20,mous,male,C57BL/6,1.1.1,FreeFeed,0,PelletTaken,87,0,0,2,0,0,16.361,542.000,0,1,,,,,,,,,,,,,,,,
2026-06-30 09:57:56,79658.367188,B0DB8AF16E20,mous,male,C57BL/6,1.1.1,FreeFeed,0,PelletDrop,88,0,0,2,0,0,,,,,,,,,,,,,,,,,,,,
2026-06-30 09:58:16,79678.921875,B0DB8AF16E20,mous,male,C57BL/6,1.1.1,FreeFeed,0,PelletTaken,88,0,0,2,0,0,TimedOut,542.000,0,1,,,,,,,,,,,,,,,,
2026-06-30 09:58:24,79686.617188,B0DB8AF16E20,mous,male,C57BL/6,1.1.1,FreeFeed,0,Status,88,0,0,2,0,0,,,,,Disabled,25.7,39.3,995.8,15.0,0.000,4.000,253872,344900,250888,3268,3.98,74.88
2026-06-30 09:58:27,79689.453125,B0DB8AF16E20,mous,male,C57BL/6,1.1.1,FreeFeed,0,PelletDrop,89,0,0,2,0,0,,,,,,,,,,,,,,,,,,,,
2026-06-30 09:58:44,79706.273438,B0DB8AF16E20,mous,male,C57BL/6,1.1.1,FreeFeed,0,PelletTaken,89,0,0,2,0,0,16.262,542.000,0,1,,,,,,,,,,,,,,,,
2026-06-30 09:58:51,79713.453125,B0DB8AF16E20,mous,male,C57BL/6,1.1.1,FreeFeed,0,PelletDrop,90,0,0,2,0,0,,,,,,,,,,,,,,,,,,,,
2026-06-30 09:59:11,79734.023438,B0DB8AF16E20,mous,male,C57BL/6,1.1.1,FreeFeed,0,PelletTaken,90,0,0,2,0,0,TimedOut,542.000,0,1,,,,,,,,,,,,,,,,
2026-06-30 09:59:18,79741.203125,B0DB8AF16E20,mous,male,C57BL/6,1.1.1,FreeFeed,0,PelletDrop,91,0,0,2,0,0,,,,,,,,,,,,,,,,,,,,
2026-06-30 09:59:39,79761.757812,B0DB8AF16E20,mous,male,C57BL/6,1.1.1,FreeFeed,0,PelletTaken,91,0,0,2,0,0,TimedOut,542.000,0,1,,,,,,,,,,,,,,,,
2026-06-30 10:08:43,80305.773438,B0DB8AF16E20,mous,male,C57BL/6,1.1.1,FreeFeed,0,Status,91,0,0,2,0,0,,,,,Disabled,25.7,39.5,995.7,15.0,0.086,48.000,253872,344900,250888,3293,3.98,74.71
2026-06-30 10:18:55,80918.570312,B0DB8AF16E20,mous,male,C57BL/6,1.1.1,FreeFeed,0,Status,91,0,0,2,0,0,,,,,Disabled,25.7,39.4,995.6,15.0,0.076,50.000,253872,344900,250888,3318,3.98,74.55
2026-06-30 10:29:08,81531.351562,B0DB8AF16E20,mous,male,C57BL/6,1.1.1,FreeFeed,0,Status,91,0,0,2,0,0,,,,,Disabled,25.7,39.4,995.6,15.0,0.130,80.000,253872,344900,250888,3343,3.98,74.38
2026-06-30 10:39:21,82144.140625,B0DB8AF16E20,mous,male,C57BL/6,1.1.1,FreeFeed,0,Status,91,0,0,2,0,0,,,,,Disabled,25.7,39.4,995.5,15.0,0.122,76.000,253872,344900,250888,3368,3.98,74.22
2026-06-30 10:49:33,82756.937500,B0DB8AF16E20,mous,male,C57BL/6,1.1.1,FreeFeed,0,Status,91,0,0,2,0,0,,,,,Disabled,25.7,39.5,995.4,15.0,0.115,73.000,253872,344900,250888,3393,3.98,74.05
2026-06-30 10:59:46,83369.742188,B0DB8AF16E20,mous,male,C57BL/6,1.1.1,FreeFeed,0,Status,91,0,0,2,0,0,,,,,Disabled,25.6,39.5,995.4,15.1,0.115,74.000,253872,344900,250888,3418,3.99,73.73
2026-06-30 11:01:06,83450.187500,B0DB8AF16E20,mous,male,C57BL/6,1.1.1,FreeFeed,0,PelletDrop,92,0,0,2,0,0,,,,,,,,,,,,,,,,,,,,
2026-06-30 11:01:25,83469.375000,B0DB8AF16E20,mous,male,C57BL/6,1.1.1,FreeFeed,0,PelletTaken,92,0,0,2,0,0,18.628,542.000,0,1,,,,,,,,,,,,,,,,
2026-06-30 11:01:32,83476.562500,B0DB8AF16E20,mous,male,C57BL/6,1.1.1,FreeFeed,0,PelletDrop,93,0,0,2,0,0,,,,,,,,,,,,,,,,,,,,
2026-06-30 11:01:51,83495.234375,B0DB8AF16E20,mous,male,C57BL/6,1.1.1,FreeFeed,0,PelletTaken,93,0,0,2,0,0,18.122,542.000,0,1,,,,,,,,,,,,,,,,
2026-06-30 11:01:58,83502.437500,B0DB8AF16E20,mous,male,C57BL/6,1.1.1,FreeFeed,0,PelletDrop,94,0,0,2,0,0,,,,,,,,,,,,,,,,,,,,
2026-06-30 11:02:11,83515.164062,B0DB8AF16E20,mous,male,C57BL/6,1.1.1,FreeFeed,0,PelletTaken,94,0,0,2,0,0,12.171,542.000,0,1,,,,,,,,,,,,,,,,
2026-06-30 11:02:18,83522.351562,B0DB8AF16E20,mous,male,C57BL/6,1.1.1,FreeFeed,0,PelletDrop,95,0,0,2,0,0,,,,,,,,,,,,,,,,,,,,
2026-06-30 11:02:33,83536.828125,B0DB8AF16E20,mous,male,C57BL/6,1.1.1,FreeFeed,0,PelletTaken,95,0,0,2,0,0,13.920,542.000,0,1,,,,,,,,,,,,,,,,
2026-06-30 11:02:40,83544.023438,B0DB8AF16E20,mous,male,C57BL/6,1.1.1,FreeFeed,0,PelletDrop,96,0,0,2,0,0,,,,,,,,,,,,,,,,,,,,
2026-06-30 11:02:55,83558.945312,B0DB8AF16E20,mous,male,C57BL/6,1.1.1,FreeFeed,0,PelletTaken,96,0,0,2,0,0,14.360,542.000,0,1,,,,,,,,,,,,,,,,
2026-06-30 11:03:02,83566.078125,B0DB8AF16E20,mous,male,C57BL/6,1.1.1,FreeFeed,0,PelletDrop,97,0,0,2,0,0,,,,,,,,,,,,,,,,,,,,
2026-06-30 11:03:23,83586.640625,B0DB8AF16E20,mous,male,C57BL/6,1.1.1,FreeFeed,0,PelletTaken,97,0,0,2,0,0,TimedOut,542.000,0,1,,,,,,,,,,,,,,,,
2026-06-30 11:10:00,83984.406250,B0DB8AF16E20,mous,male,C57BL/6,1.1.1,FreeFeed,0,Status,97,0,0,2,0,0,,,,,Disabled,25.6,39.4,995.3,15.1,0.115,72.000,253872,344900,250888,3444,3.97,73.56
2026-06-30 11:20:13,84597.187500,B0DB8AF16E20,mous,male,C57BL/6,1.1.1,FreeFeed,0,Status,97,0,0,2,0,0,,,,,Disabled,25.6,39.4,995.3,15.1,0.122,74.000,253872,344900,250888,3469,3.98,73.40
2026-06-30 11:30:25,85209.976562,B0DB8AF16E20,mous,male,C57BL/6,1.1.1,FreeFeed,0,Status,97,0,0,2,0,0,,,,,Disabled,25.6,39.4,995.2,15.3,0.130,78.000,253872,344900,250888,3494,3.97,73.07
2026-06-30 11:40:38,85822.773438,B0DB8AF16E20,mous,male,C57BL/6,1.1.1,FreeFeed,0,Status,97,0,0,2,0,0,,,,,Disabled,25.6,39.4,995.2,15.3,0.126,78.000,253872,344900,250888,3519,3.97,72.91
2026-06-30 11:47:07,86212.320312,B0DB8AF16E20,mous,male,C57BL/6,1.1.1,FreeFeed,0,PelletDrop,98,0,0,2,0,0,,,,,,,,,,,,,,,,,,,,
2026-06-30 11:47:28,86232.867188,B0DB8AF16E20,mous,male,C57BL/6,1.1.1,FreeFeed,0,PelletTaken,98,0,0,2,0,0,TimedOut,542.000,0,1,,,,,,,,,,,,,,,,
2026-06-30 11:47:43,86248.484375,B0DB8AF16E20,mous,male,C57BL/6,1.1.1,FreeFeed,0,PelletDrop,99,0,0,2,0,0,,,,,,,,,,,,,,,,,,,,
2026-06-30 11:48:04,86269.031250,B0DB8AF16E20,mous,male,C57BL/6,1.1.1,FreeFeed,0,PelletTaken,99,0,0,2,0,0,TimedOut,542.000,0,1,,,,,,,,,,,,,,,,
2026-06-30 11:50:38,86423.000000,B0DB8AF16E20,mous,male,C57BL/6,1.1.1,FreeFeed,0,Status,99,0,0,2,0,0,,,,,Disabled,25.5,39.4,995.2,15.3,0.133,78.000,253872,344900,250888,3545,3.96,72.74
2026-06-30 12:00:50,87035.796875,B0DB8AF16E20,mous,male,C57BL/6,1.1.1,FreeFeed,0,Status,99,0,0,2,0,0,,,,,Disabled,25.5,39.4,995.1,15.3,0.126,74.000,253872,344900,250888,3570,3.96,72.58
2026-06-30 12:11:03,87648.578125,B0DB8AF16E20,mous,male,C57BL/6,1.1.1,FreeFeed,0,Status,99,0,0,2,0,0,,,,,Disabled,25.5,39.4,995.1,15.3,0.126,74.000,253872,344900,250888,3595,3.96,72.09
2026-06-30 12:21:16,88261.398438,B0DB8AF16E20,mous,male,C57BL/6,1.1.1,FreeFeed,0,Status,99,0,0,2,0,0,,,,,Disabled,25.5,39.3,995.1,15.3,0.115,72.000,253872,344900,250888,3620,3.96,71.92
2026-06-30 12:31:28,88874.195312,B0DB8AF16E20,mous,male,C57BL/6,1.1.1,FreeFeed,0,Status,99,0,0,2,0,0,,,,,Disabled,25.5,39.3,995.1,15.3,0.122,74.000,253872,344900,250888,3645,3.97,71.92
2026-06-30 12:41:41,89486.976562,B0DB8AF16E20,mous,male,C57BL/6,1.1.1,FreeFeed,0,Status,99,0,0,2,0,0,,,,,Disabled,25.6,39.3,995.1,15.3,0.101,66.000,253872,344900,250888,3670,3.96,71.59
2026-06-30 12:42:03,89509.062500,B0DB8AF16E20,mous,male,C57BL/6,1.1.1,FreeFeed,0,PelletDrop,100,0,0,2,0,0,,,,,,,,,,,,,,,,,,,,
2026-06-30 12:42:23,89529.625000,B0DB8AF16E20,mous,male,C57BL/6,1.1.1,FreeFeed,0,PelletTaken,100,0,0,2,0,0,TimedOut,542.000,0,1,,,,,,,,,,,,,,,,
2026-06-30 12:42:31,89536.812500,B0DB8AF16E20,mous,male,C57BL/6,1.1.1,FreeFeed,0,PelletDrop,101,0,0,2,0,0,,,,,,,,,,,,,,,,,,,,
2026-06-30 12:42:49,89554.929688,B0DB8AF16E20,mous,male,C57BL/6,1.1.1,FreeFeed,0,PelletTaken,101,0,0,2,0,0,17.561,542.000,0,1,,,,,,,,,,,,,,,,
2026-06-30 12:42:56,89562.062500,B0DB8AF16E20,mous,male,C57BL/6,1.1.1,FreeFeed,0,PelletDrop,102,0,0,2,0,0,,,,,,,,,,,,,,,,,,,,
2026-06-30 12:43:13,89579.328125,B0DB8AF16E20,mous,male,C57BL/6,1.1.1,FreeFeed,0,PelletTaken,102,0,0,2,0,0,16.692,542.000,0,1,,,,,,,,,,,,,,,,
2026-06-30 12:43:20,89586.515625,B0DB8AF16E20,mous,male,C57BL/6,1.1.1,FreeFeed,0,PelletDrop,103,0,0,2,0,0,,,,,,,,,,,,,,,,,,,,
2026-06-30 12:43:35,89600.781250,B0DB8AF16E20,mous,male,C57BL/6,1.1.1,FreeFeed,0,PelletTaken,103,0,0,2,0,0,13.711,542.000,0,1,,,,,,,,,,,,,,,,
2026-06-30 12:43:42,89607.968750,B0DB8AF16E20,mous,male,C57BL/6,1.1.1,FreeFeed,0,PelletDrop,104,0,0,2,0,0,,,,,,,,,,,,,,,,,,,,
2026-06-30 12:44:02,89628.531250,B0DB8AF16E20,mous,male,C57BL/6,1.1.1,FreeFeed,0,PelletTaken,104,0,0,2,0,0,TimedOut,542.000,0,1,,,,,,,,,,,,,,,,
2026-06-30 12:51:53,90099.414062,B0DB8AF16E20,mous,male,C57BL/6,1.1.1,FreeFeed,0,Status,104,0,0,2,0,0,,,,,Disabled,25.6,39.4,995.1,15.3,0.108,71.000,253872,344900,250888,3695,3.95,71.43
2026-06-30 13:02:06,90712.195312,B0DB8AF16E20,mous,male,C57BL/6,1.1.1,FreeFeed,0,Status,104,0,0,2,0,0,,,,,Disabled,25.6,39.3,995.1,15.3,0.079,48.000,253872,344900,250888,3720,3.96,71.27
2026-06-30 13:12:18,91325.000000,B0DB8AF16E20,mous,male,C57BL/6,1.1.1,FreeFeed,0,Status,104,0,0,2,0,0,,,,,Disabled,25.6,39.2,995.1,15.3,0.108,71.000,253872,344900,250888,3745,3.95,71.10
2026-06-30 13:22:31,91937.781250,B0DB8AF16E20,mous,male,C57BL/6,1.1.1,FreeFeed,0,Status,104,0,0,2,0,0,,,,,Disabled,25.6,39.3,995.1,15.4,0.101,68.000,253872,344900,250888,3770,3.95,70.77
2026-06-30 13:32:43,92550.562500,B0DB8AF16E20,mous,male,C57BL/6,1.1.1,FreeFeed,0,Status,104,0,0,2,0,0,,,,,Disabled,25.6,39.3,995.0,15.4,0.101,69.000,253872,344900,250888,3795,3.95,70.61
2026-06-30 13:42:56,93163.382812,B0DB8AF16E20,mous,male,C57BL/6,1.1.1,FreeFeed,0,Status,104,0,0,2,0,0,,,,,Disabled,25.6,39.2,995.0,15.4,0.108,68.000,253872,344900,250888,3820,3.95,70.45
2026-06-30 13:44:02,93229.476562,B0DB8AF16E20,mous,male,C57BL/6,1.1.1,FreeFeed,0,PelletDrop,105,0,0,2,0,0,,,,,,,,,,,,,,,,,,,,
2026-06-30 13:44:23,93250.023438,B0DB8AF16E20,mous,male,C57BL/6,1.1.1,FreeFeed,0,PelletTaken,105,0,0,2,0,0,TimedOut,542.000,0,1,,,,,,,,,,,,,,,,
2026-06-30 13:52:58,93766.070312,B0DB8AF16E20,mous,male,C57BL/6,1.1.1,FreeFeed,0,Status,105,0,0,2,0,0,,,,,Disabled,25.6,39.3,995.0,15.4,0.144,86.000,253872,344900,250888,3845,3.95,70.12
2026-06-30 14:00:39,94226.523438,B0DB8AF16E20,mous,male,C57BL/6,1.1.1,FreeFeed,0,PelletDrop,106,0,0,2,0,0,,,,,,,,,,,,,,,,,,,,
2026-06-30 14:00:59,94247.070312,B0DB8AF16E20,mous,male,C57BL/6,1.1.1,FreeFeed,0,PelletTaken,106,0,0,2,0,0,TimedOut,542.000,0,0,,,,,,,,,,,,,,,,
2026-06-30 14:03:09,94376.679688,B0DB8AF16E20,mous,male,C57BL/6,1.1.1,FreeFeed,0,Status,106,0,0,2,0,0,,,,,Disabled,25.5,39.3,994.9,15.4,0.122,76.000,253872,344900,250888,3870,3.94,69.95
2026-06-30 14:13:21,94989.460938,B0DB8AF16E20,mous,male,C57BL/6,1.1.1,FreeFeed,0,Status,106,0,0,2,0,0,,,,,Disabled,25.5,39.4,994.9,15.4,0.115,72.000,253872,344900,250888,3895,3.94,69.79
2026-06-30 14:23:34,95602.242188,B0DB8AF16E20,mous,male,C57BL/6,1.1.1,FreeFeed,0,Status,106,0,0,2,0,0,,,,,Disabled,25.5,39.3,994.8,15.4,0.115,72.000,253872,344900,250888,3920,3.94,69.46
2026-06-30 14:33:47,96215.046875,B0DB8AF16E20,mous,male,C57BL/6,1.1.1,FreeFeed,0,Status,106,0,0,2,0,0,,,,,Disabled,25.5,39.3,994.8,15.4,0.115,72.000,253872,344900,250888,3945,3.95,69.30
2026-06-30 14:36:05,96353.937500,B0DB8AF16E20,mous,male,C57BL/6,1.1.1,FreeFeed,0,PelletDrop,107,0,0,2,0,0,,,,,,,,,,,,,,,,,,,,
2026-06-30 14:36:26,96374.484375,B0DB8AF16E20,mous,male,C57BL/6,1.1.1,FreeFeed,0,PelletTaken,107,0,0,2,0,0,TimedOut,542.000,0,1,,,,,,,,,,,,,,,,
2026-06-30 14:36:54,96403.109375,B0DB8AF16E20,mous,male,C57BL/6,1.1.1,FreeFeed,0,PelletDrop,108,0,0,2,0,0,,,,,,,,,,,,,,,,,,,,
2026-06-30 14:37:15,96423.656250,B0DB8AF16E20,mous,male,C57BL/6,1.1.1,FreeFeed,0,PelletTaken,108,0,0,2,0,0,TimedOut,542.000,0,1,,,,,,,,,,,,,,,,
2026-06-30 14:37:37,96445.945312,B0DB8AF16E20,mous,male,C57BL/6,1.1.1,FreeFeed,0,PelletDrop,109,0,0,2,0,0,,,,,,,,,,,,,,,,,,,,
2026-06-30 14:37:55,96463.609375,B0DB8AF16E20,mous,male,C57BL/6,1.1.1,FreeFeed,0,PelletTaken,109,0,0,2,0,0,17.110,542.000,0,1,,,,,,,,,,,,,,,,
2026-06-30 14:38:02,96470.820312,B0DB8AF16E20,mous,male,C57BL/6,1.1.1,FreeFeed,0,PelletDrop,110,0,0,2,0,0,,,,,,,,,,,,,,,,,,,,
2026-06-30 14:38:23,96491.367188,B0DB8AF16E20,mous,male,C57BL/6,1.1.1,FreeFeed,0,PelletTaken,110,0,0,2,0,0,TimedOut,542.000,0,1,,,,,,,,,,,,,,,,
2026-06-30 14:43:47,96815.984375,B0DB8AF16E20,mous,male,C57BL/6,1.1.1,FreeFeed,0,Status,110,0,0,2,0,0,,,,,Disabled,25.5,39.3,994.8,15.4,0.079,49.000,253872,344900,250888,3970,3.95,69.13
2026-06-30 14:54:00,97428.781250,B0DB8AF16E20,mous,male,C57BL/6,1.1.1,FreeFeed,0,Status,110,0,0,2,0,0,,,,,Disabled,25.5,39.4,994.8,15.3,0.115,64.000,253872,344900,250888,3995,3.94,68.80
2026-06-30 15:04:12,98041.585938,B0DB8AF16E20,mous,male,C57BL/6,1.1.1,FreeFeed,0,Status,110,0,0,2,0,0,,,,,Disabled,25.5,39.5,994.8,15.3,0.223,116.000,253872,344900,250888,4020,3.93,68.64
2026-06-30 15:14:25,98654.375000,B0DB8AF16E20,mous,male,C57BL/6,1.1.1,FreeFeed,0,Status,110,0,0,2,0,0,,,,,Disabled,25.5,39.8,994.7,15.3,0.223,118.000,253872,344900,250888,4045,3.93,68.48
2026-06-30 15:22:45,99154.812500,B0DB8AF16E20,mous,male,C57BL/6,1.1.1,FreeFeed,0,PelletDrop,111,0,0,2,0,0,,,,,,,,,,,,,,,,,,,,
2026-06-30 15:23:01,99170.125000,B0DB8AF16E20,mous,male,C57BL/6,1.1.1,FreeFeed,0,PelletTaken,111,0,0,2,0,0,14.755,542.000,0,1,,,,,,,,,,,,,,,,
2026-06-30 15:23:08,99177.304688,B0DB8AF16E20,mous,male,C57BL/6,1.1.1,FreeFeed,0,PelletDrop,112,0,0,2,0,0,,,,,,,,,,,,,,,,,,,,
2026-06-30 15:23:16,99185.593750,B0DB8AF16E20,mous,male,C57BL/6,1.1.1,FreeFeed,0,PelletTaken,112,0,0,2,0,0,7.727,542.000,0,1,,,,,,,,,,,,,,,,
2026-06-30 15:23:23,99192.789062,B0DB8AF16E20,mous,male,C57BL/6,1.1.1,FreeFeed,0,PelletDrop,113,0,0,2,0,0,,,,,,,,,,,,,,,,,,,,
2026-06-30 15:23:36,99205.585938,B0DB8AF16E20,mous,male,C57BL/6,1.1.1,FreeFeed,0,PelletTaken,113,0,0,2,0,0,12.237,542.000,0,1,,,,,,,,,,,,,,,,
2026-06-30 15:23:43,99212.773438,B0DB8AF16E20,mous,male,C57BL/6,1.1.1,FreeFeed,0,PelletDrop,114,0,0,2,0,0,,,,,,,,,,,,,,,,,,,,
2026-06-30 15:24:04,99233.320312,B0DB8AF16E20,mous,male,C57BL/6,1.1.1,FreeFeed,0,PelletTaken,114,0,0,2,0,0,TimedOut,542.000,0,1,,,,,,,,,,,,,,,,
2026-06-30 15:24:36,99265.406250,B0DB8AF16E20,mous,male,C57BL/6,1.1.1,FreeFeed,0,Status,114,0,0,2,0,0,,,,,Disabled,25.4,40.2,994.7,15.2,0.122,76.000,253872,344900,250888,4071,3.93,68.31
2026-06-30 15:34:48,99878.195312,B0DB8AF16E20,mous,male,C57BL/6,1.1.1,FreeFeed,0,Status,114,0,0,2,0,0,,,,,Disabled,25.4,40.2,994.7,15.2,0.061,46.000,253872,344900,250888,4096,3.93,68.02
2026-06-30 15:45:01,100490.976562,B0DB8AF16E20,mous,male,C57BL/6,1.1.1,FreeFeed,0,Status,114,0,0,2,0,0,,,,,Disabled,25.5,39.8,994.6,15.1,0.137,78.000,253872,344900,250888,4121,3.93,67.88
2026-06-30 15:55:13,101103.773438,B0DB8AF16E20,mous,male,C57BL/6,1.1.1,FreeFeed,0,Status,114,0,0,2,0,0,,,,,Disabled,25.5,39.5,994.5,15.2,0.115,72.000,253872,344900,250888,4146,3.93,67.73
2026-06-30 16:05:26,101716.554688,B0DB8AF16E20,mous,male,C57BL/6,1.1.1,FreeFeed,0,Status,114,0,0,2,0,0,,,,,Disabled,25.6,39.3,994.5,15.2,0.119,70.000,253872,344900,250888,4171,3.92,67.45
2026-06-30 16:15:39,102329.351562,B0DB8AF16E20,mous,male,C57BL/6,1.1.1,FreeFeed,0,Status,114,0,0,2,0,0,,,,,Disabled,25.6,39.2,994.5,15.3,0.133,76.000,253872,344900,250888,4196,3.92,67.30
2026-06-30 16:25:51,102942.156250,B0DB8AF16E20,mous,male,C57BL/6,1.1.1,FreeFeed,0,Status,114,0,0,2,0,0,,,,,Disabled,25.6,39.2,994.5,15.4,0.137,78.000,253872,344900,250888,4221,3.92,67.16
2026-06-30 16:36:04,103554.945312,B0DB8AF16E20,mous,male,C57BL/6,1.1.1,FreeFeed,0,Status,114,0,0,2,0,0,,,,,Disabled,25.6,39.2,994.4,15.4,0.122,62.000,253872,344900,250888,4246,3.93,67.01
2026-06-30 16:46:16,104167.742188,B0DB8AF16E20,mous,male,C57BL/6,1.1.1,FreeFeed,0,Status,114,0,0,2,0,0,,,,,Disabled,25.6,39.1,994.3,15.4,0.180,96.000,253872,344900,250888,4271,3.92,66.87
2026-06-30 16:56:29,104780.523438,B0DB8AF16E20,mous,male,C57BL/6,1.1.1,FreeFeed,0,Status,114,0,0,2,0,0,,,,,Disabled,25.6,39.1,994.3,15.4,0.173,92.000,253872,344900,250888,4296,3.93,66.58
2026-06-30 17:06:41,105393.304688,B0DB8AF16E20,mous,male,C57BL/6,1.1.1,FreeFeed,0,Status,114,0,0,2,0,0,,,,,Disabled,25.6,39.3,994.3,15.4,0.245,126.000,253872,344900,250888,4321,3.92,66.43
2026-06-30 17:16:54,106006.101562,B0DB8AF16E20,mous,male,C57BL/6,1.1.1,FreeFeed,0,Status,114,0,0,2,0,0,,,,,Disabled,25.7,39.5,994.2,15.3,0.094,62.000,253872,344900,250888,4346,3.92,66.29
2026-06-30 17:19:22,106154.109375,B0DB8AF16E20,mous,male,C57BL/6,1.1.1,FreeFeed,0,PelletDrop,115,0,0,2,0,0,,,,,,,,,,,,,,,,,,,,
2026-06-30 17:19:42,106173.617188,B0DB8AF16E20,mous,male,C57BL/6,1.1.1,FreeFeed,0,PelletTaken,115,0,0,2,0,0,18.957,542.000,0,1,,,,,,,,,,,,,,,,
2026-06-30 17:19:49,106180.820312,B0DB8AF16E20,mous,male,C57BL/6,1.1.1,FreeFeed,0,PelletDrop,116,0,0,2,0,0,,,,,,,,,,,,,,,,,,,,
2026-06-30 17:20:00,106192.429688,B0DB8AF16E20,mous,male,C57BL/6,1.1.1,FreeFeed,0,PelletTaken,116,0,0,2,0,0,11.049,542.000,0,1,,,,,,,,,,,,,,,,
2026-06-30 17:20:07,106199.609375,B0DB8AF16E20,mous,male,C57BL/6,1.1.1,FreeFeed,0,PelletDrop,117,0,0,2,0,0,,,,,,,,,,,,,,,,,,,,
2026-06-30 17:20:20,106212.187500,B0DB8AF16E20,mous,male,C57BL/6,1.1.1,FreeFeed,0,PelletTaken,117,0,0,2,0,0,12.017,542.000,0,1,,,,,,,,,,,,,,,,
2026-06-30 17:20:27,106219.382812,B0DB8AF16E20,mous,male,C57BL/6,1.1.1,FreeFeed,0,PelletDrop,118,0,0,2,0,0,,,,,,,,,,,,,,,,,,,,
2026-06-30 17:20:36,106227.718750,B0DB8AF16E20,mous,male,C57BL/6,1.1.1,FreeFeed,0,PelletTaken,118,0,0,2,0,0,7.781,542.000,0,1,,,,,,,,,,,,,,,,
2026-06-30 17:20:43,106234.906250,B0DB8AF16E20,mous,male,C57BL/6,1.1.1,FreeFeed,0,PelletDrop,119,0,0,2,0,0,,,,,,,,,,,,,,,,,,,,
2026-06-30 17:20:58,106249.656250,B0DB8AF16E20,mous,male,C57BL/6,1.1.1,FreeFeed,0,PelletTaken,119,0,0,2,0,0,14.184,542.000,0,1,,,,,,,,,,,,,,,,
2026-06-30 17:21:05,106256.859375,B0DB8AF16E20,mous,male,C57BL/6,1.1.1,FreeFeed,0,PelletDrop,120,0,0,2,0,0,,,,,,,,,,,,,,,,,,,,
2026-06-30 17:21:20,106272.398438,B0DB8AF16E20,mous,male,C57BL/6,1.1.1,FreeFeed,0,PelletTaken,120,0,0,2,0,0,14.976,542.000,0,1,,,,,,,,,,,,,,,,
2026-06-30 17:21:27,106279.585938,B0DB8AF16E20,mous,male,C57BL/6,1.1.1,FreeFeed,0,PelletDrop,121,0,0,2,0,0,,,,,,,,,,,,,,,,,,,,
2026-06-30 17:21:40,106292.132812,B0DB8AF16E20,mous,male,C57BL/6,1.1.1,FreeFeed,0,PelletTaken,121,0,0,2,0,0,11.973,542.000,0,1,,,,,,,,,,,,,,,,
2026-06-30 17:21:47,106299.312500,B0DB8AF16E20,mous,male,C57BL/6,1.1.1,FreeFeed,0,PelletDrop,122,0,0,2,0,0,,,,,,,,,,,,,,,,,,,,
2026-06-30 17:22:07,106319.468750,B0DB8AF16E20,mous,male,C57BL/6,1.1.1,FreeFeed,0,PelletTaken,122,0,0,2,0,0,19.596,542.000,0,1,,,,,,,,,,,,,,,,
2026-06-30 17:22:14,106326.648438,B0DB8AF16E20,mous,male,C57BL/6,1.1.1,FreeFeed,0,PelletDrop,123,0,0,2,0,0,,,,,,,,,,,,,,,,,,,,
2026-06-30 17:22:35,106347.273438,B0DB8AF16E20,mous,male,C57BL/6,1.1.1,FreeFeed,0,PelletTaken,123,0,0,2,0,0,TimedOut,542.000,0,1,,,,,,,,,,,,,,,,
2026-06-30 17:27:11,106623.132812,B0DB8AF16E20,mous,male,C57BL/6,1.1.1,FreeFeed,0,Status,123,0,0,2,0,0,,,,,Disabled,25.7,39.5,994.1,15.2,0.122,78.000,253872,344900,250888,4372,3.91,66.14
2026-06-30 17:37:23,107235.914062,B0DB8AF16E20,mous,male,C57BL/6,1.1.1,FreeFeed,0,Status,123,0,0,2,0,0,,,,,Disabled,25.7,39.4,994.0,15.2,0.137,80.000,253872,344900,250888,4397,3.91,66.00
2026-06-30 17:47:36,107848.734375,B0DB8AF16E20,mous,male,C57BL/6,1.1.1,FreeFeed,0,Status,123,0,0,2,0,0,,,,,Disabled,25.7,39.4,993.9,15.1,0.108,70.000,253872,344900,250888,4422,3.92,65.86
2026-06-30 17:57:49,108461.523438,B0DB8AF16E20,mous,male,C57BL/6,1.1.1,FreeFeed,0,Status,123,0,0,2,0,0,,,,,Disabled,25.6,39.3,993.9,15.2,0.000,0.000,253872,344900,250888,4447,3.91,65.57
2026-06-30 18:01:06,108659.359375,B0DB8AF16E20,mous,male,C57BL/6,1.1.1,FreeFeed,0,PelletDrop,124,0,0,2,0,0,,,,,,,,,,,,,,,,,,,,
2026-06-30 18:01:27,108679.921875,B0DB8AF16E20,mous,male,C57BL/6,1.1.1,FreeFeed,0,PelletTaken,124,0,0,2,0,0,TimedOut,542.000,0,1,,,,,,,,,,,,,,,,
2026-06-30 18:01:40,108693.210938,B0DB8AF16E20,mous,male,C57BL/6,1.1.1,FreeFeed,0,PelletDrop,125,0,0,2,0,0,,,,,,,,,,,,,,,,,,,,
2026-06-30 18:01:55,108708.265625,B0DB8AF16E20,mous,male,C57BL/6,1.1.1,FreeFeed,0,PelletTaken,125,0,0,2,0,0,14.491,542.000,0,1,,,,,,,,,,,,,,,,
2026-06-30 18:02:02,108715.445312,B0DB8AF16E20,mous,male,C57BL/6,1.1.1,FreeFeed,0,PelletDrop,126,0,0,2,0,0,,,,,,,,,,,,,,,,,,,,
2026-06-30 18:02:19,108731.960938,B0DB8AF16E20,mous,male,C57BL/6,1.1.1,FreeFeed,0,PelletTaken,126,0,0,2,0,0,15.944,542.000,0,1,,,,,,,,,,,,,,,,
2026-06-30 18:02:26,108739.148438,B0DB8AF16E20,mous,male,C57BL/6,1.1.1,FreeFeed,0,PelletDrop,127,0,0,2,0,0,,,,,,,,,,,,,,,,,,,,
2026-06-30 18:02:47,108759.695312,B0DB8AF16E20,mous,male,C57BL/6,1.1.1,FreeFeed,0,PelletTaken,127,0,0,2,0,0,TimedOut,542.000,0,1,,,,,,,,,,,,,,,,
2026-06-30 18:08:11,109084.312500,B0DB8AF16E20,mous,male,C57BL/6,1.1.1,FreeFeed,0,Status,127,0,0,2,0,0,,,,,Disabled,25.6,39.3,993.8,15.2,0.000,0.000,253872,344900,250888,4473,3.91,65.42
2026-06-30 18:18:24,109697.109375,B0DB8AF16E20,mous,male,C57BL/6,1.1.1,FreeFeed,0,Status,127,0,0,2,0,0,,,,,Disabled,25.6,39.5,993.7,15.1,0.000,0.000,253872,344900,250888,4498,3.91,65.28
2026-06-30 18:28:36,110309.890625,B0DB8AF16E20,mous,male,C57BL/6,1.1.1,FreeFeed,0,Status,127,0,0,2,0,0,,,,,Disabled,25.6,39.5,993.6,15.3,0.000,0.000,253872,344900,250888,4523,3.90,65.13
2026-06-30 18:38:49,110922.695312,B0DB8AF16E20,mous,male,C57BL/6,1.1.1,FreeFeed,0,Status,127,0,0,2,0,0,,,,,Disabled,25.5,39.8,993.6,15.2,0.000,0.000,253872,344900,250888,4548,3.90,64.99
2026-06-30 18:44:54,111288.273438,B0DB8AF16E20,mous,male,C57BL/6,1.1.1,FreeFeed,0,PelletDrop,128,0,0,2,0,0,,,,,,,,,,,,,,,,,,,,
2026-06-30 18:45:01,111295.390625,B0DB8AF16E20,mous,male,C57BL/6,1.1.1,FreeFeed,0,PelletTaken,128,0,0,2,0,0,6.561,542.000,0,1,,,,,,,,,,,,,,,,
2026-06-30 18:45:09,111302.578125,B0DB8AF16E20,mous,male,C57BL/6,1.1.1,FreeFeed,0,PelletDrop,129,0,0,2,0,0,,,,,,,,,,,,,,,,,,,,
2026-06-30 18:45:14,111307.476562,B0DB8AF16E20,mous,male,C57BL/6,1.1.1,FreeFeed,0,PelletTaken,129,0,0,2,0,0,4.328,542.000,0,1,,,,,,,,,,,,,,,,
2026-06-30 18:45:21,111314.664062,B0DB8AF16E20,mous,male,C57BL/6,1.1.1,FreeFeed,0,PelletDrop,130,0,0,2,0,0,,,,,,,,,,,,,,,,,,,,
2026-06-30 18:45:26,111320.375000,B0DB8AF16E20,mous,male,C57BL/6,1.1.1,FreeFeed,0,PelletTaken,130,0,0,2,0,0,5.153,542.000,0,1,,,,,,,,,,,,,,,,
2026-06-30 18:45:34,111327.570312,B0DB8AF16E20,mous,male,C57BL/6,1.1.1,FreeFeed,0,PelletDrop,131,0,0,2,0,0,,,,,,,,,,,,,,,,,,,,
2026-06-30 18:45:41,111335.054688,B0DB8AF16E20,mous,male,C57BL/6,1.1.1,FreeFeed,0,PelletTaken,131,0,0,2,0,0,6.924,542.000,0,1,,,,,,,,,,,,,,,,
2026-06-30 18:45:48,111342.234375,B0DB8AF16E20,mous,male,C57BL/6,1.1.1,FreeFeed,0,PelletDrop,132,0,0,2,0,0,,,,,,,,,,,,,,,,,,,,
2026-06-30 18:45:58,111351.921875,B0DB8AF16E20,mous,male,C57BL/6,1.1.1,FreeFeed,0,PelletTaken,132,0,0,2,0,0,9.124,542.000,0,1,,,,,,,,,,,,,,,,
2026-06-30 18:46:05,111359.132812,B0DB8AF16E20,mous,male,C57BL/6,1.1.1,FreeFeed,0,PelletDrop,133,0,0,2,0,0,,,,,,,,,,,,,,,,,,,,
2026-06-30 18:46:11,111364.804688,B0DB8AF16E20,mous,male,C57BL/6,1.1.1,FreeFeed,0,PelletTaken,133,0,0,2,0,0,5.120,542.000,0,1,,,,,,,,,,,,,,,,
2026-06-30 18:46:18,111371.992188,B0DB8AF16E20,mous,male,C57BL/6,1.1.1,FreeFeed,0,PelletDrop,134,0,0,2,0,0,,,,,,,,,,,,,,,,,,,,
2026-06-30 18:46:30,111383.968750,B0DB8AF16E20,mous,male,C57BL/6,1.1.1,FreeFeed,0,PelletTaken,134,0,0,2,0,0,11.423,542.000,0,1,,,,,,,,,,,,,,,,
2026-06-30 18:49:04,111537.953125,B0DB8AF16E20,mous,male,C57BL/6,1.1.1,FreeFeed,0,Status,134,0,0,2,0,0,,,,,Disabled,25.5,40.1,993.5,15.1,0.000,0.000,253872,344900,250888,4576,3.90,64.70
2026-06-30 18:59:16,112150.757812,B0DB8AF16E20,mous,male,C57BL/6,1.1.1,FreeFeed,0,Status,134,0,0,2,0,0,,,,,Disabled,25.5,40.5,993.6,15.1,0.000,0.000,253872,344900,250888,4601,3.91,64.55
2026-06-30 19:09:29,112763.539062,B0DB8AF16E20,mous,male,C57BL/6,1.1.1,FreeFeed,0,Status,134,0,0,2,0,0,,,,,Disabled,25.4,40.8,993.6,15.0,0.000,0.000,253872,344900,250888,4626,3.90,64.41
2026-06-30 19:19:09,113344.148438,B0DB8AF16E20,mous,male,C57BL/6,1.1.1,FreeFeed,0,PelletDrop,135,0,0,2,0,0,,,,,,,,,,,,,,,,,,,,
2026-06-30 19:19:20,113354.390625,B0DB8AF16E20,mous,male,C57BL/6,1.1.1,FreeFeed,0,PelletTaken,135,0,0,2,0,0,9.685,542.000,0,1,,,,,,,,,,,,,,,,
2026-06-30 19:19:27,113361.585938,B0DB8AF16E20,mous,male,C57BL/6,1.1.1,FreeFeed,0,PelletDrop,136,0,0,2,0,0,,,,,,,,,,,,,,,,,,,,
2026-06-30 19:19:36,113370.742188,B0DB8AF16E20,mous,male,C57BL/6,1.1.1,FreeFeed,0,PelletTaken,136,0,0,2,0,0,8.584,542.000,0,1,,,,,,,,,,,,,,,,
2026-06-30 19:19:44,113378.437500,B0DB8AF16E20,mous,male,C57BL/6,1.1.1,FreeFeed,0,Status,136,0,0,2,0,0,,,,,Disabled,25.4,40.8,993.6,14.9,0.000,0.000,253872,344900,250888,4653,3.91,64.41
2026-06-30 19:19:47,113381.250000,B0DB8AF16E20,mous,male,C57BL/6,1.1.1,FreeFeed,0,PelletDrop,137,0,0,2,0,0,,,,,,,,,,,,,,,,,,,,
2026-06-30 19:19:49,113383.976562,B0DB8AF16E20,mous,male,C57BL/6,1.1.1,FreeFeed,0,PelletTaken,137,0,0,2,0,0,2.172,542.000,0,1,,,,,,,,,,,,,,,,
2026-06-30 19:19:56,113391.179688,B0DB8AF16E20,mous,male,C57BL/6,1.1.1,FreeFeed,0,PelletDrop,138,0,0,2,0,0,,,,,,,,,,,,,,,,,,,,
2026-06-30 19:20:17,113411.726562,B0DB8AF16E20,mous,male,C57BL/6,1.1.1,FreeFeed,0,PelletTaken,138,0,0,2,0,0,TimedOut,542.000,0,1,,,,,,,,,,,,,,,,
2026-06-30 19:29:45,113980.125000,B0DB8AF16E20,mous,male,C57BL/6,1.1.1,FreeFeed,0,Status,138,0,0,2,0,0,,,,,Disabled,25.4,40.8,993.6,14.9,0.000,0.000,253872,344900,250888,4678,3.90,64.27
2026-06-30 19:33:57,114232.148438,B0DB8AF16E20,mous,male,C57BL/6,1.1.1,FreeFeed,0,PelletDrop,139,0,0,2,0,0,,,,,,,,,,,,,,,,,,,,
2026-06-30 19:34:06,114240.929688,B0DB8AF16E20,mous,male,C57BL/6,1.1.1,FreeFeed,0,PelletTaken,139,0,0,2,0,0,8.222,542.000,0,1,,,,,,,,,,,,,,,,
2026-06-30 19:34:15,114250.335938,B0DB8AF16E20,mous,male,C57BL/6,1.1.1,FreeFeed,0,PelletDrop,140,0,0,2,0,0,,,,,,,,,,,,,,,,,,,,
2026-06-30 19:34:19,114253.921875,B0DB8AF16E20,mous,male,C57BL/6,1.1.1,FreeFeed,0,PelletTaken,140,0,0,2,0,0,3.030,542.000,0,2,,,,,,,,,,,,,,,,
2026-06-30 19:34:26,114261.117188,B0DB8AF16E20,mous,male,C57BL/6,1.1.1,FreeFeed,0,PelletDrop,141,0,0,2,0,0,,,,,,,,,,,,,,,,,,,,
2026-06-30 19:34:33,114268.125000,B0DB8AF16E20,mous,male,C57BL/6,1.1.1,FreeFeed,0,PelletTaken,141,0,0,2,0,0,6.451,542.000,0,1,,,,,,,,,,,,,,,,
2026-06-30 19:34:40,114275.312500,B0DB8AF16E20,mous,male,C57BL/6,1.1.1,FreeFeed,0,PelletDrop,142,0,0,2,0,0,,,,,,,,,,,,,,,,,,,,
2026-06-30 19:34:46,114281.140625,B0DB8AF16E20,mous,male,C57BL/6,1.1.1,FreeFeed,0,PelletTaken,142,0,0,2,0,0,5.274,542.000,0,1,,,,,,,,,,,,,,,,
2026-06-30 19:34:53,114288.343750,B0DB8AF16E20,mous,male,C57BL/6,1.1.1,FreeFeed,0,PelletDrop,143,0,0,2,0,0,,,,,,,,,,,,,,,,,,,,
2026-06-30 19:35:00,114295.109375,B0DB8AF16E20,mous,male,C57BL/6,1.1.1,FreeFeed,0,PelletTaken,143,0,0,2,0,0,6.209,542.000,0,1,,,,,,,,,,,,,,,,
2026-06-30 19:35:07,114302.289062,B0DB8AF16E20,mous,male,C57BL/6,1.1.1,FreeFeed,0,PelletDrop,144,0,0,2,0,0,,,,,,,,,,,,,,,,,,,,
2026-06-30 19:35:14,114309.554688,B0DB8AF16E20,mous,male,C57BL/6,1.1.1,FreeFeed,0,PelletTaken,144,0,0,2,0,0,6.704,542.000,0,1,,,,,,,,,,,,,,,,
2026-06-30 19:35:22,114316.750000,B0DB8AF16E20,mous,male,C57BL/6,1.1.1,FreeFeed,0,PelletDrop,145,0,0,2,0,0,,,,,,,,,,,,,,,,,,,,
2026-06-30 19:35:42,114337.304688,B0DB8AF16E20,mous,male,C57BL/6,1.1.1,FreeFeed,0,PelletTaken,145,0,0,2,0,0,TimedOut,542.000,0,1,,,,,,,,,,,,,,,,
2026-06-30 19:39:54,114588.781250,B0DB8AF16E20,mous,male,C57BL/6,1.1.1,FreeFeed,0,Status,145,0,0,2,0,0,,,,,Disabled,25.4,41.0,993.6,14.9,0.000,0.000,253872,344900,250888,4706,3.90,64.12
2026-06-30 19:50:06,115201.593750,B0DB8AF16E20,mous,male,C57BL/6,1.1.1,FreeFeed,0,Status,145,0,0,2,0,0,,,,,Disabled,25.4,40.8,993.6,14.9,0.000,0.000,253872,344900,250888,4731,3.90,63.83
2026-06-30 19:57:28,115643.218750,B0DB8AF16E20,mous,male,C57BL/6,1.1.1,FreeFeed,0,PelletDrop,146,0,0,2,0,0,,,,,,,,,,,,,,,,,,,,
2026-06-30 19:57:40,115655.406250,B0DB8AF16E20,mous,male,C57BL/6,1.1.1,FreeFeed,0,PelletTaken,146,0,0,2,0,0,11.632,542.000,0,1,,,,,,,,,,,,,,,,
2026-06-30 19:57:47,115662.617188,B0DB8AF16E20,mous,male,C57BL/6,1.1.1,FreeFeed,0,PelletDrop,147,0,0,2,0,0,,,,,,,,,,,,,,,,,,,,
2026-06-30 19:57:52,115668.078125,B0DB8AF16E20,mous,male,C57BL/6,1.1.1,FreeFeed,0,PelletTaken,147,0,0,2,0,0,4.911,542.000,0,1,,,,,,,,,,,,,,,,
2026-06-30 19:58:00,115675.265625,B0DB8AF16E20,mous,male,C57BL/6,1.1.1,FreeFeed,0,PelletDrop,148,0,0,2,0,0,,,,,,,,,,,,,,,,,,,,
2026-06-30 19:58:05,115681.085938,B0DB8AF16E20,mous,male,C57BL/6,1.1.1,FreeFeed,0,PelletTaken,148,0,0,2,0,0,5.263,542.000,0,1,,,,,,,,,,,,,,,,
2026-06-30 19:58:13,115688.289062,B0DB8AF16E20,mous,male,C57BL/6,1.1.1,FreeFeed,0,PelletDrop,149,0,0,2,0,0,,,,,,,,,,,,,,,,,,,,
2026-06-30 19:58:18,115693.984375,B0DB8AF16E20,mous,male,C57BL/6,1.1.1,FreeFeed,0,PelletTaken,149,0,0,2,0,0,5.142,542.000,0,1,,,,,,,,,,,,,,,,
2026-06-30 19:58:26,115701.171875,B0DB8AF16E20,mous,male,C57BL/6,1.1.1,FreeFeed,0,PelletDrop,150,0,0,2,0,0,,,,,,,,,,,,,,,,,,,,
2026-06-30 19:58:35,115710.898438,B0DB8AF16E20,mous,male,C57BL/6,1.1.1,FreeFeed,0,PelletTaken,150,0,0,2,0,0,9.168,542.000,0,1,,,,,,,,,,,,,,,,
2026-06-30 19:58:42,115718.101562,B0DB8AF16E20,mous,male,C57BL/6,1.1.1,FreeFeed,0,PelletDrop,151,0,0,2,0,0,,,,,,,,,,,,,,,,,,,,
2026-06-30 19:58:50,115725.335938,B0DB8AF16E20,mous,male,C57BL/6,1.1.1,FreeFeed,0,PelletTaken,151,0,0,2,0,0,6.682,542.000,0,1,,,,,,,,,,,,,,,,
2026-06-30 19:58:57,115732.523438,B0DB8AF16E20,mous,male,C57BL/6,1.1.1,FreeFeed,0,PelletDrop,152,0,0,2,0,0,,,,,,,,,,,,,,,,,,,,
2026-06-30 19:59:09,115744.523438,B0DB8AF16E20,mous,male,C57BL/6,1.1.1,FreeFeed,0,PelletTaken,152,0,0,2,0,0,11.445,542.000,0,1,,,,,,,,,,,,,,,,
2026-06-30 19:59:16,115751.679688,B0DB8AF16E20,mous,male,C57BL/6,1.1.1,FreeFeed,0,PelletDrop,153,0,0,2,0,0,,,,,,,,,,,,,,,,,,,,
2026-06-30 19:59:37,115772.226562,B0DB8AF16E20,mous,male,C57BL/6,1.1.1,FreeFeed,0,PelletTaken,153,0,0,2,0,0,TimedOut,542.000,0,1,,,,,,,,,,,,,,,,
2026-06-30 20:00:09,115804.296875,B0DB8AF16E20,mous,male,C57BL/6,1.1.1,FreeFeed,0,Status,153,0,0,2,0,0,,,,,Disabled,25.4,41.0,993.6,14.9,0.000,0.000,253872,344900,250888,4758,3.89,63.69
2026-06-30 20:10:21,116417.125000,B0DB8AF16E20,mous,male,C57BL/6,1.1.1,FreeFeed,0,Status,153,0,0,2,0,0,,,,,Disabled,25.4,40.9,993.6,14.9,0.000,0.000,253872,344900,250888,4783,3.89,63.54
2026-06-30 20:20:34,117029.929688,B0DB8AF16E20,mous,male,C57BL/6,1.1.1,FreeFeed,0,Status,153,0,0,2,0,0,,,,,Disabled,25.4,40.9,993.6,14.9,0.000,0.000,253872,344900,250888,4808,3.89,63.40
2026-06-30 20:30:46,117642.710938,B0DB8AF16E20,mous,male,C57BL/6,1.1.1,FreeFeed,0,Status,153,0,0,2,0,0,,,,,Disabled,25.4,40.8,993.6,14.9,0.000,0.000,253872,344900,250888,4833,3.89,63.25
2026-06-30 20:40:59,118255.507812,B0DB8AF16E20,mous,male,C57BL/6,1.1.1,FreeFeed,0,Status,153,0,0,2,0,0,,,,,Disabled,25.4,41.0,993.6,14.9,0.000,0.000,253872,344900,250888,4858,3.90,63.11
2026-06-30 20:49:15,118751.976562,B0DB8AF16E20,mous,male,C57BL/6,1.1.1,FreeFeed,0,PelletDrop,154,0,0,2,0,0,,,,,,,,,,,,,,,,,,,,
2026-06-30 20:49:23,118759.757812,B0DB8AF16E20,mous,male,C57BL/6,1.1.1,FreeFeed,0,PelletTaken,154,0,0,2,0,0,7.221,542.000,0,1,,,,,,,,,,,,,,,,
2026-06-30 20:49:30,118766.953125,B0DB8AF16E20,mous,male,C57BL/6,1.1.1,FreeFeed,0,PelletDrop,155,0,0,2,0,0,,,,,,,,,,,,,,,,,,,,
2026-06-30 20:49:37,118773.468750,B0DB8AF16E20,mous,male,C57BL/6,1.1.1,FreeFeed,0,PelletTaken,155,0,0,2,0,0,5.957,542.000,0,1,,,,,,,,,,,,,,,,
2026-06-30 20:49:44,118780.648438,B0DB8AF16E20,mous,male,C57BL/6,1.1.1,FreeFeed,0,PelletDrop,156,0,0,2,0,0,,,,,,,,,,,,,,,,,,,,
2026-06-30 20:49:50,118786.281250,B0DB8AF16E20,mous,male,C57BL/6,1.1.1,FreeFeed,0,PelletTaken,156,0,0,2,0,0,5.076,542.000,0,1,,,,,,,,,,,,,,,,
2026-06-30 20:49:57,118793.484375,B0DB8AF16E20,mous,male,C57BL/6,1.1.1,FreeFeed,0,PelletDrop,157,0,0,2,0,0,,,,,,,,,,,,,,,,,,,,
2026-06-30 20:50:07,118803.703125,B0DB8AF16E20,mous,male,C57BL/6,1.1.1,FreeFeed,0,PelletTaken,157,0,0,2,0,0,9.663,542.000,0,1,,,,,,,,,,,,,,,,
2026-06-30 20:50:14,118810.890625,B0DB8AF16E20,mous,male,C57BL/6,1.1.1,FreeFeed,0,PelletDrop,158,0,0,2,0,0,,,,,,,,,,,,,,,,,,,,
2026-06-30 20:50:20,118816.656250,B0DB8AF16E20,mous,male,C57BL/6,1.1.1,FreeFeed,0,PelletTaken,158,0,0,2,0,0,5.208,542.000,0,1,,,,,,,,,,,,,,,,
2026-06-30 20:50:27,118823.851562,B0DB8AF16E20,mous,male,C57BL/6,1.1.1,FreeFeed,0,PelletDrop,159,0,0,2,0,0,,,,,,,,,,,,,,,,,,,,
2026-06-30 20:50:37,118834.234375,B0DB8AF16E20,mous,male,C57BL/6,1.1.1,FreeFeed,0,PelletTaken,159,0,0,2,0,0,9.828,542.000,0,1,,,,,,,,,,,,,,,,
2026-06-30 20:50:45,118841.421875,B0DB8AF16E20,mous,male,C57BL/6,1.1.1,FreeFeed,0,PelletDrop,160,0,0,2,0,0,,,,,,,,,,,,,,,,,,,,
2026-06-30 20:50:51,118847.585938,B0DB8AF16E20,mous,male,C57BL/6,1.1.1,FreeFeed,0,PelletTaken,160,0,0,2,0,0,5.604,542.000,0,1,,,,,,,,,,,,,,,,
2026-06-30 20:50:58,118854.757812,B0DB8AF16E20,mous,male,C57BL/6,1.1.1,FreeFeed,0,PelletDrop,161,0,0,2,0,0,,,,,,,,,,,,,,,,,,,,
2026-06-30 20:51:04,118860.390625,B0DB8AF16E20,mous,male,C57BL/6,1.1.1,FreeFeed,0,PelletTaken,161,0,0,2,0,0,5.076,542.000,0,1,,,,,,,,,,,,,,,,
2026-06-30 20:51:11,118868.093750,B0DB8AF16E20,mous,male,C57BL/6,1.1.1,FreeFeed,0,Status,161,0,0,2,0,0,,,,,Disabled,25.4,41.1,993.6,14.9,0.000,0.000,253872,344900,250888,4887,3.89,62.96
2026-06-30 20:51:14,118870.921875,B0DB8AF16E20,mous,male,C57BL/6,1.1.1,FreeFeed,0,PelletDrop,162,0,0,2,0,0,,,,,,,,,,,,,,,,,,,,
2026-06-30 20:51:18,118874.500000,B0DB8AF16E20,mous,male,C57BL/6,1.1.1,FreeFeed,0,PelletTaken,162,0,0,2,0,0,3.019,542.000,0,1,,,,,,,,,,,,,,,,
2026-06-30 20:51:25,118881.679688,B0DB8AF16E20,mous,male,C57BL/6,1.1.1,FreeFeed,0,PelletDrop,163,0,0,2,0,0,,,,,,,,,,,,,,,,,,,,
2026-06-30 20:51:38,118894.750000,B0DB8AF16E20,mous,male,C57BL/6,1.1.1,FreeFeed,0,PelletTaken,163,0,0,2,0,0,12.512,542.000,0,1,,,,,,,,,,,,,,,,
2026-06-30 20:51:45,118901.953125,B0DB8AF16E20,mous,male,C57BL/6,1.1.1,FreeFeed,0,PelletDrop,164,0,0,2,0,0,,,,,,,,,,,,,,,,,,,,
2026-06-30 20:51:54,118910.453125,B0DB8AF16E20,mous,male,C57BL/6,1.1.1,FreeFeed,0,PelletTaken,164,0,0,2,0,0,7.947,542.000,0,1,,,,,,,,,,,,,,,,
2026-06-30 20:52:01,118917.640625,B0DB8AF16E20,mous,male,C57BL/6,1.1.1,FreeFeed,0,PelletDrop,165,0,0,2,0,0,,,,,,,,,,,,,,,,,,,,
2026-06-30 20:52:09,118926.203125,B0DB8AF16E20,mous,male,C57BL/6,1.1.1,FreeFeed,0,PelletTaken,165,0,0,2,0,0,7.990,542.000,0,1,,,,,,,,,,,,,,,,
2026-06-30 20:52:17,118933.390625,B0DB8AF16E20,mous,male,C57BL/6,1.1.1,FreeFeed,0,PelletDrop,166,0,0,2,0,0,,,,,,,,,,,,,,,,,,,,
2026-06-30 20:52:26,118942.804688,B0DB8AF16E20,mous,male,C57BL/6,1.1.1,FreeFeed,0,PelletTaken,166,0,0,2,0,0,8.860,542.000,0,1,,,,,,,,,,,,,,,,
2026-06-30 20:52:33,118949.992188,B0DB8AF16E20,mous,male,C57BL/6,1.1.1,FreeFeed,0,PelletDrop,167,0,0,2,0,0,,,,,,,,,,,,,,,,,,,,
2026-06-30 20:52:54,118970.554688,B0DB8AF16E20,mous,male,C57BL/6,1.1.1,FreeFeed,0,PelletTaken,167,0,0,2,0,0,TimedOut,542.000,0,1,,,,,,,,,,,,,,,,
2026-06-30 21:01:33,119490.195312,B0DB8AF16E20,mous,male,C57BL/6,1.1.1,FreeFeed,0,Status,167,0,0,2,0,0,,,,,Disabled,25.5,41.0,993.7,14.8,0.000,0.000,253872,344900,250888,4914,3.88,62.82
2026-06-30 21:11:46,120102.976562,B0DB8AF16E20,mous,male,C57BL/6,1.1.1,FreeFeed,0,Status,167,0,0,2,0,0,,,,,Disabled,25.5,41.0,993.7,14.8,0.000,0.000,253872,344900,250888,4939,3.88,62.68
2026-06-30 21:21:58,120715.773438,B0DB8AF16E20,mous,male,C57BL/6,1.1.1,FreeFeed,0,Status,167,0,0,2,0,0,,,,,Disabled,25.5,41.0,993.8,14.8,0.000,0.000,253872,344900,250888,4964,3.89,62.53
2026-06-30 21:32:11,121328.554688,B0DB8AF16E20,mous,male,C57BL/6,1.1.1,FreeFeed,0,Status,167,0,0,2,0,0,,,,,Disabled,25.5,40.9,993.8,14.8,0.000,0.000,253872,344900,250888,4989,3.88,62.39
2026-06-30 21:38:28,121705.890625,B0DB8AF16E20,mous,male,C57BL/6,1.1.1,FreeFeed,0,PelletDrop,168,0,0,2,0,0,,,,,,,,,,,,,,,,,,,,
2026-06-30 21:38:38,121715.984375,B0DB8AF16E20,mous,male,C57BL/6,1.1.1,FreeFeed,0,PelletTaken,168,0,0,2,0,0,9.520,542.000,0,1,,,,,,,,,,,,,,,,
2026-06-30 21:38:45,121723.171875,B0DB8AF16E20,mous,male,C57BL/6,1.1.1,FreeFeed,0,PelletDrop,169,0,0,2,0,0,,,,,,,,,,,,,,,,,,,,
2026-06-30 21:38:55,121733.156250,B0DB8AF16E20,mous,male,C57BL/6,1.1.1,FreeFeed,0,PelletTaken,169,0,0,2,0,0,9.432,542.000,0,1,,,,,,,,,,,,,,,,
2026-06-30 21:39:02,121740.343750,B0DB8AF16E20,mous,male,C57BL/6,1.1.1,FreeFeed,0,PelletDrop,170,0,0,2,0,0,,,,,,,,,,,,,,,,,,,,
2026-06-30 21:39:08,121746.242188,B0DB8AF16E20,mous,male,C57BL/6,1.1.1,FreeFeed,0,PelletTaken,170,0,0,2,0,0,5.319,542.000,0,1,,,,,,,,,,,,,,,,
2026-06-30 21:39:16,121753.429688,B0DB8AF16E20,mous,male,C57BL/6,1.1.1,FreeFeed,0,PelletDrop,171,0,0,2,0,0,,,,,,,,,,,,,,,,,,,,
2026-06-30 21:39:23,121761.250000,B0DB8AF16E20,mous,male,C57BL/6,1.1.1,FreeFeed,0,PelletTaken,171,0,0,2,0,0,7.265,542.000,0,1,,,,,,,,,,,,,,,,
2026-06-30 21:39:31,121768.429688,B0DB8AF16E20,mous,male,C57BL/6,1.1.1,FreeFeed,0,PelletDrop,172,0,0,2,0,0,,,,,,,,,,,,,,,,,,,,
2026-06-30 21:39:39,121776.492188,B0DB8AF16E20,mous,male,C57BL/6,1.1.1,FreeFeed,0,PelletTaken,172,0,0,2,0,0,7.485,542.000,0,1,,,,,,,,,,,,,,,,
2026-06-30 21:39:46,121783.671875,B0DB8AF16E20,mous,male,C57BL/6,1.1.1,FreeFeed,0,PelletDrop,173,0,0,2,0,0,,,,,,,,,,,,,,,,,,,,
2026-06-30 21:39:53,121791.265625,B0DB8AF16E20,mous,male,C57BL/6,1.1.1,FreeFeed,0,PelletTaken,173,0,0,2,0,0,7.034,542.000,0,1,,,,,,,,,,,,,,,,
2026-06-30 21:40:00,121798.453125,B0DB8AF16E20,mous,male,C57BL/6,1.1.1,FreeFeed,0,PelletDrop,174,0,0,2,0,0,,,,,,,,,,,,,,,,,,,,
2026-06-30 21:40:09,121806.648438,B0DB8AF16E20,mous,male,C57BL/6,1.1.1,FreeFeed,0,PelletTaken,174,0,0,2,0,0,7.627,542.000,0,1,,,,,,,,,,,,,,,,
2026-06-30 21:40:16,121813.835938,B0DB8AF16E20,mous,male,C57BL/6,1.1.1,FreeFeed,0,PelletDrop,175,0,0,2,0,0,,,,,,,,,,,,,,,,,,,,
2026-06-30 21:40:36,121834.382812,B0DB8AF16E20,mous,male,C57BL/6,1.1.1,FreeFeed,0,PelletTaken,175,0,0,2,0,0,TimedOut,542.000,0,1,,,,,,,,,,,,,,,,
2026-06-30 21:42:22,121939.609375,B0DB8AF16E20,mous,male,C57BL/6,1.1.1,FreeFeed,0,Status,175,0,0,2,0,0,,,,,Disabled,25.5,40.9,993.9,14.8,0.000,0.000,253872,344900,250888,5017,3.88,62.24
2026-06-30 21:52:34,122552.390625,B0DB8AF16E20,mous,male,C57BL/6,1.1.1,FreeFeed,0,Status,175,0,0,2,0,0,,,,,Disabled,25.5,40.7,993.9,14.8,0.000,0.000,253872,344900,250888,5042,3.89,62.10
2026-06-30 22:02:47,123165.187500,B0DB8AF16E20,mous,male,C57BL/6,1.1.1,FreeFeed,0,Status,175,0,0,2,0,0,,,,,Disabled,25.5,40.8,994.0,14.8,0.000,0.000,253872,344900,250888,5067,3.88,61.95
2026-06-30 22:12:59,123777.984375,B0DB8AF16E20,mous,male,C57BL/6,1.1.1,FreeFeed,0,Status,175,0,0,2,0,0,,,,,Disabled,25.5,41.0,994.0,14.8,0.000,0.000,253872,344900,250888,5092,3.88,61.81
2026-06-30 22:16:10,123968.718750,B0DB8AF16E20,mous,male,C57BL/6,1.1.1,FreeFeed,0,PelletDrop,176,0,0,2,0,0,,,,,,,,,,,,,,,,,,,,
2026-06-30 22:16:22,123980.898438,B0DB8AF16E20,mous,male,C57BL/6,1.1.1,FreeFeed,0,PelletTaken,176,0,0,2,0,0,11.621,542.000,0,1,,,,,,,,,,,,,,,,
2026-06-30 22:16:29,123988.093750,B0DB8AF16E20,mous,male,C57BL/6,1.1.1,FreeFeed,0,PelletDrop,177,0,0,2,0,0,,,,,,,,,,,,,,,,,,,,
2026-06-30 22:16:36,123994.773438,B0DB8AF16E20,mous,male,C57BL/6,1.1.1,FreeFeed,0,PelletTaken,177,0,0,2,0,0,6.121,542.000,0,1,,,,,,,,,,,,,,,,
2026-06-30 22:16:43,124001.906250,B0DB8AF16E20,mous,male,C57BL/6,1.1.1,FreeFeed,0,PelletDrop,178,0,0,2,0,0,,,,,,,,,,,,,,,,,,,,
2026-06-30 22:16:51,124010.062500,B0DB8AF16E20,mous,male,C57BL/6,1.1.1,FreeFeed,0,PelletTaken,178,0,0,2,0,0,7.595,542.000,0,1,,,,,,,,,,,,,,,,
2026-06-30 22:16:59,124017.265625,B0DB8AF16E20,mous,male,C57BL/6,1.1.1,FreeFeed,0,PelletDrop,179,0,0,2,0,0,,,,,,,,,,,,,,,,,,,,
2026-06-30 22:17:06,124024.414062,B0DB8AF16E20,mous,male,C57BL/6,1.1.1,FreeFeed,0,PelletTaken,179,0,0,2,0,0,6.594,542.000,0,1,,,,,,,,,,,,,,,,
2026-06-30 22:17:13,124031.593750,B0DB8AF16E20,mous,male,C57BL/6,1.1.1,FreeFeed,0,PelletDrop,180,0,0,2,0,0,,,,,,,,,,,,,,,,,,,,
2026-06-30 22:17:20,124039.078125,B0DB8AF16E20,mous,male,C57BL/6,1.1.1,FreeFeed,0,PelletTaken,180,0,0,2,0,0,6.924,542.000,0,1,,,,,,,,,,,,,,,,
2026-06-30 22:17:28,124046.281250,B0DB8AF16E20,mous,male,C57BL/6,1.1.1,FreeFeed,0,PelletDrop,181,0,0,2,0,0,,,,,,,,,,,,,,,,,,,,
2026-06-30 22:17:36,124054.914062,B0DB8AF16E20,mous,male,C57BL/6,1.1.1,FreeFeed,0,PelletTaken,181,0,0,2,0,0,8.079,542.000,0,1,,,,,,,,,,,,,,,,
2026-06-30 22:17:43,124062.101562,B0DB8AF16E20,mous,male,C57BL/6,1.1.1,FreeFeed,0,PelletDrop,182,0,0,2,0,0,,,,,,,,,,,,,,,,,,,,
2026-06-30 22:17:50,124068.515625,B0DB8AF16E20,mous,male,C57BL/6,1.1.1,FreeFeed,0,PelletTaken,182,0,0,2,0,0,5.857,542.000,0,1,,,,,,,,,,,,,,,,
2026-06-30 22:17:57,124075.710938,B0DB8AF16E20,mous,male,C57BL/6,1.1.1,FreeFeed,0,PelletDrop,183,0,0,2,0,0,,,,,,,,,,,,,,,,,,,,
2026-06-30 22:18:12,124090.851562,B0DB8AF16E20,mous,male,C57BL/6,1.1.1,FreeFeed,0,PelletTaken,183,0,0,2,0,0,14.580,542.000,0,1,,,,,,,,,,,,,,,,
2026-06-30 22:18:19,124098.031250,B0DB8AF16E20,mous,male,C57BL/6,1.1.1,FreeFeed,0,PelletDrop,184,0,0,2,0,0,,,,,,,,,,,,,,,,,,,,
2026-06-30 22:18:26,124104.609375,B0DB8AF16E20,mous,male,C57BL/6,1.1.1,FreeFeed,0,PelletTaken,184,0,0,2,0,0,6.022,542.000,0,1,,,,,,,,,,,,,,,,
2026-06-30 22:18:33,124111.812500,B0DB8AF16E20,mous,male,C57BL/6,1.1.1,FreeFeed,0,PelletDrop,185,0,0,2,0,0,,,,,,,,,,,,,,,,,,,,
2026-06-30 22:18:54,124132.359375,B0DB8AF16E20,mous,male,C57BL/6,1.1.1,FreeFeed,0,PelletTaken,185,0,0,2,0,0,TimedOut,542.000,0,1,,,,,,,,,,,,,,,,
2026-06-30 22:19:19,124157.898438,B0DB8AF16E20,mous,male,C57BL/6,1.1.1,FreeFeed,0,PelletDrop,186,0,0,2,0,0,,,,,,,,,,,,,,,,,,,,
2026-06-30 22:19:40,124178.460938,B0DB8AF16E20,mous,male,C57BL/6,1.1.1,FreeFeed,0,PelletTaken,186,0,0,2,0,0,TimedOut,542.000,0,1,,,,,,,,,,,,,,,,
2026-06-30 22:23:02,124381.187500,B0DB8AF16E20,mous,male,C57BL/6,1.1.1,FreeFeed,0,Status,186,0,0,2,0,0,,,,,Disabled,25.6,40.8,994.0,14.8,0.000,0.000,253872,344900,250888,5120,3.87,61.66
2026-06-30 22:33:15,124993.968750,B0DB8AF16E20,mous,male,C57BL/6,1.1.1,FreeFeed,0,Status,186,0,0,2,0,0,,,,,Disabled,25.6,40.8,994.0,14.8,0.000,0.000,253872,344900,250888,5145,3.89,61.66
2026-06-30 22:43:27,125606.765625,B0DB8AF16E20,mous,male,C57BL/6,1.1.1,FreeFeed,0,Status,186,0,0,2,0,0,,,,,Disabled,25.6,41.0,994.1,14.8,0.000,0.000,253872,344900,250888,5170,3.88,61.52
2026-06-30 22:44:07,125645.992188,B0DB8AF16E20,mous,male,C57BL/6,1.1.1,FreeFeed,0,PelletDrop,187,0,0,2,0,0,,,,,,,,,,,,,,,,,,,,
2026-06-30 22:44:16,125655.132812,B0DB8AF16E20,mous,male,C57BL/6,1.1.1,FreeFeed,0,PelletTaken,187,0,0,2,0,0,8.585,542.000,0,1,,,,,,,,,,,,,,,,
2026-06-30 22:44:23,125662.328125,B0DB8AF16E20,mous,male,C57BL/6,1.1.1,FreeFeed,0,PelletDrop,188,0,0,2,0,0,,,,,,,,,,,,,,,,,,,,
2026-06-30 22:44:34,125673.523438,B0DB8AF16E20,mous,male,C57BL/6,1.1.1,FreeFeed,0,PelletTaken,188,0,0,2,0,0,10.619,542.000,0,1,,,,,,,,,,,,,,,,
2026-06-30 22:44:41,125680.710938,B0DB8AF16E20,mous,male,C57BL/6,1.1.1,FreeFeed,0,PelletDrop,189,0,0,2,0,0,,,,,,,,,,,,,,,,,,,,
2026-06-30 22:44:48,125687.085938,B0DB8AF16E20,mous,male,C57BL/6,1.1.1,FreeFeed,0,PelletTaken,189,0,0,2,0,0,5.824,542.000,0,1,,,,,,,,,,,,,,,,
2026-06-30 22:44:55,125694.289062,B0DB8AF16E20,mous,male,C57BL/6,1.1.1,FreeFeed,0,PelletDrop,190,0,0,2,0,0,,,,,,,,,,,,,,,,,,,,
2026-06-30 22:45:15,125714.851562,B0DB8AF16E20,mous,male,C57BL/6,1.1.1,FreeFeed,0,PelletTaken,190,0,0,2,0,0,TimedOut,542.000,0,1,,,,,,,,,,,,,,,,
2026-06-30 22:53:31,126210.109375,B0DB8AF16E20,mous,male,C57BL/6,1.1.1,FreeFeed,0,Status,190,0,0,2,0,0,,,,,Disabled,25.6,40.9,994.1,14.8,0.000,0.000,253872,344900,250888,5197,3.88,61.38
2026-06-30 22:56:24,126383.781250,B0DB8AF16E20,mous,male,C57BL/6,1.1.1,FreeFeed,0,PelletDrop,191,0,0,2,0,0,,,,,,,,,,,,,,,,,,,,
2026-06-30 22:56:31,126391.093750,B0DB8AF16E20,mous,male,C57BL/6,1.1.1,FreeFeed,0,PelletTaken,191,0,0,2,0,0,6.737,542.000,0,1,,,,,,,,,,,,,,,,
2026-06-30 22:56:39,126398.281250,B0DB8AF16E20,mous,male,C57BL/6,1.1.1,FreeFeed,0,PelletDrop,192,0,0,2,0,0,,,,,,,,,,,,,,,,,,,,
2026-06-30 22:56:43,126402.195312,B0DB8AF16E20,mous,male,C57BL/6,1.1.1,FreeFeed,0,PelletTaken,192,0,0,2,0,0,3.360,542.000,0,1,,,,,,,,,,,,,,,,
2026-06-30 22:56:50,126409.382812,B0DB8AF16E20,mous,male,C57BL/6,1.1.1,FreeFeed,0,PelletDrop,193,0,0,2,0,0,,,,,,,,,,,,,,,,,,,,
2026-06-30 22:56:54,126414.007812,B0DB8AF16E20,mous,male,C57BL/6,1.1.1,FreeFeed,0,PelletTaken,193,0,0,2,0,0,4.053,542.000,0,1,,,,,,,,,,,,,,,,
2026-06-30 22:57:02,126421.187500,B0DB8AF16E20,mous,male,C57BL/6,1.1.1,FreeFeed,0,PelletDrop,194,0,0,2,0,0,,,,,,,,,,,,,,,,,,,,
2026-06-30 22:57:22,126441.734375,B0DB8AF16E20,mous,male,C57BL/6,1.1.1,FreeFeed,0,PelletTaken,194,0,0,2,0,0,TimedOut,542.000,0,1,,,,,,,,,,,,,,,,
2026-06-30 23:03:35,126815.125000,B0DB8AF16E20,mous,male,C57BL/6,1.1.1,FreeFeed,0,Status,194,0,0,2,0,0,,,,,Disabled,25.6,40.7,994.0,14.8,0.000,0.000,253872,344900,250888,5224,3.87,61.38
2026-06-30 23:13:48,127427.906250,B0DB8AF16E20,mous,male,C57BL/6,1.1.1,FreeFeed,0,Status,194,0,0,2,0,0,,,,,Disabled,25.6,40.7,994.0,14.8,0.000,0.000,253872,344900,250888,5249,3.87,61.06
2026-06-30 23:21:41,127900.984375,B0DB8AF16E20,mous,male,C57BL/6,1.1.1,FreeFeed,0,PelletDrop,195,0,0,2,0,0,,,,,,,,,,,,,,,,,,,,
2026-06-30 23:21:49,127909.562500,B0DB8AF16E20,mous,male,C57BL/6,1.1.1,FreeFeed,0,PelletTaken,195,0,0,2,0,0,8.002,542.000,0,1,,,,,,,,,,,,,,,,
2026-06-30 23:21:57,127916.742188,B0DB8AF16E20,mous,male,C57BL/6,1.1.1,FreeFeed,0,PelletDrop,196,0,0,2,0,0,,,,,,,,,,,,,,,,,,,,
2026-06-30 23:22:04,127924.343750,B0DB8AF16E20,mous,male,C57BL/6,1.1.1,FreeFeed,0,PelletTaken,196,0,0,2,0,0,7.045,542.000,0,1,,,,,,,,,,,,,,,,
2026-06-30 23:22:11,127931.531250,B0DB8AF16E20,mous,male,C57BL/6,1.1.1,FreeFeed,0,PelletDrop,197,0,0,2,0,0,,,,,,,,,,,,,,,,,,,,
2026-06-30 23:22:17,127937.023438,B0DB8AF16E20,mous,male,C57BL/6,1.1.1,FreeFeed,0,PelletTaken,197,0,0,2,0,0,4.922,542.000,0,1,,,,,,,,,,,,,,,,
2026-06-30 23:22:24,127944.210938,B0DB8AF16E20,mous,male,C57BL/6,1.1.1,FreeFeed,0,PelletDrop,198,0,0,2,0,0,,,,,,,,,,,,,,,,,,,,
2026-06-30 23:22:32,127952.031250,B0DB8AF16E20,mous,male,C57BL/6,1.1.1,FreeFeed,0,PelletTaken,198,0,0,2,0,0,7.265,542.000,0,1,,,,,,,,,,,,,,,,
2026-06-30 23:22:39,127959.218750,B0DB8AF16E20,mous,male,C57BL/6,1.1.1,FreeFeed,0,PelletDrop,199,0,0,2,0,0,,,,,,,,,,,,,,,,,,,,
2026-06-30 23:22:47,127967.656250,B0DB8AF16E20,mous,male,C57BL/6,1.1.1,FreeFeed,0,PelletTaken,199,0,0,2,0,0,7.869,542.000,0,1,,,,,,,,,,,,,,,,
2026-06-30 23:22:55,127974.843750,B0DB8AF16E20,mous,male,C57BL/6,1.1.1,FreeFeed,0,PelletDrop,200,0,0,2,0,0,,,,,,,,,,,,,,,,,,,,
2026-06-30 23:23:04,127984.515625,B0DB8AF16E20,mous,male,C57BL/6,1.1.1,FreeFeed,0,PelletTaken,200,0,0,2,0,0,9.113,542.000,0,1,,,,,,,,,,,,,,,,
2026-06-30 23:23:11,127991.695312,B0DB8AF16E20,mous,male,C57BL/6,1.1.1,FreeFeed,0,PelletDrop,201,0,0,2,0,0,,,,,,,,,,,,,,,,,,,,
2026-06-30 23:23:18,127998.281250,B0DB8AF16E20,mous,male,C57BL/6,1.1.1,FreeFeed,0,PelletTaken,201,0,0,2,0,0,6.010,542.000,0,1,,,,,,,,,,,,,,,,
2026-06-30 23:23:25,128005.468750,B0DB8AF16E20,mous,male,C57BL/6,1.1.1,FreeFeed,0,PelletDrop,202,0,0,2,0,0,,,,,,,,,,,,,,,,,,,,
2026-06-30 23:23:46,128026.015625,B0DB8AF16E20,mous,male,C57BL/6,1.1.1,FreeFeed,0,PelletTaken,202,0,0,2,0,0,TimedOut,542.000,0,1,,,,,,,,,,,,,,,,
2026-06-30 23:23:53,128033.726562,B0DB8AF16E20,mous,male,C57BL/6,1.1.1,FreeFeed,0,Status,202,0,0,2,0,0,,,,,Disabled,25.6,40.8,994.1,14.9,0.000,0.000,253872,344900,250888,5277,3.87,60.74
2026-06-30 23:34:06,128646.507812,B0DB8AF16E20,mous,male,C57BL/6,1.1.1,FreeFeed,0,Status,202,0,0,2,0,0,,,,,Disabled,25.6,40.8,994.1,14.8,0.000,0.000,253872,344900,250888,5302,3.87,60.74
2026-06-30 23:44:19,129259.289062,B0DB8AF16E20,mous,male,C57BL/6,1.1.1,FreeFeed,0,Status,202,0,0,2,0,0,,,,,Disabled,25.6,41.1,994.1,14.9,0.000,0.000,253872,344900,250888,5327,3.87,60.43
2026-06-30 23:47:11,129431.585938,B0DB8AF16E20,mous,male,C57BL/6,1.1.1,FreeFeed,0,PelletDrop,203,0,0,2,0,0,,,,,,,,,,,,,,,,,,,,
2026-06-30 23:47:31,129452.140625,B0DB8AF16E20,mous,male,C57BL/6,1.1.1,FreeFeed,0,PelletTaken,203,0,0,2,0,0,TimedOut,542.000,0,1,,,,,,,,,,,,,,,,
2026-06-30 23:54:33,129874.265625,B0DB8AF16E20,mous,male,C57BL/6,1.1.1,FreeFeed,0,Status,203,0,0,2,0,0,,,,,Disabled,25.6,41.4,994.1,14.8,0.000,0.000,253872,344900,250888,5352,3.88,60.11
2026-07-01 00:04:46,130487.046875,B0DB8AF16E20,mous,male,C57BL/6,1.1.1,FreeFeed,0,Status,203,0,0,2,0,0,,,,,Disabled,25.7,40.7,994.1,14.7,0.000,0.000,253872,344900,250888,5377,3.87,59.79
2026-07-01 00:14:59,131099.875000,B0DB8AF16E20,mous,male,C57BL/6,1.1.1,FreeFeed,0,Status,203,0,0,2,0,0,,,,,Disabled,25.8,40.3,994.2,14.7,0.000,0.000,253872,344900,250888,5402,3.88,59.79
2026-07-01 00:25:11,131712.671875,B0DB8AF16E20,mous,male,C57BL/6,1.1.1,FreeFeed,0,Status,203,0,0,2,0,0,,,,,Disabled,25.8,40.0,994.3,14.5,0.000,0.000,253872,344900,250888,5427,3.87,59.48
2026-07-01 00:28:51,131932.734375,B0DB8AF16E20,mous,male,C57BL/6,1.1.1,FreeFeed,0,PelletDrop,204,0,0,2,0,0,,,,,,,,,,,,,,,,,,,,
2026-07-01 00:28:52,131933.890625,B0DB8AF16E20,mous,male,C57BL/6,1.1.1,FreeFeed,0,PelletNotDetected,204,0,0,2,0,0,,,,,,,,,,,,,,,,,,,,
2026-07-01 00:29:02,131943.187500,B0DB8AF16E20,mous,male,C57BL/6,1.1.1,FreeFeed,0,PelletDrop,205,0,0,2,0,0,,,,,,,,,,,,,,,,,,,,
2026-07-01 00:29:22,131963.734375,B0DB8AF16E20,mous,male,C57BL/6,1.1.1,FreeFeed,0,PelletTaken,205,0,0,2,0,0,TimedOut,542.000,0,2,,,,,,,,,,,,,,,,
2026-07-01 00:29:46,131988.093750,B0DB8AF16E20,mous,male,C57BL/6,1.1.1,FreeFeed,0,PelletDrop,206,0,0,2,0,0,,,,,,,,,,,,,,,,,,,,
2026-07-01 00:30:01,132002.187500,B0DB8AF16E20,mous,male,C57BL/6,1.1.1,FreeFeed,0,PelletTaken,206,0,0,2,0,0,13.535,542.000,0,1,,,,,,,,,,,,,,,,
2026-07-01 00:30:08,132009.375000,B0DB8AF16E20,mous,male,C57BL/6,1.1.1,FreeFeed,0,PelletDrop,207,0,0,2,0,0,,,,,,,,,,,,,,,,,,,,
2026-07-01 00:30:19,132021.000000,B0DB8AF16E20,mous,male,C57BL/6,1.1.1,FreeFeed,0,PelletTaken,207,0,0,2,0,0,11.082,542.000,0,1,,,,,,,,,,,,,,,,
2026-07-01 00:30:27,132028.203125,B0DB8AF16E20,mous,male,C57BL/6,1.1.1,FreeFeed,0,PelletDrop,208,0,0,2,0,0,,,,,,,,,,,,,,,,,,,,
2026-07-01 00:30:38,132040.015625,B0DB8AF16E20,mous,male,C57BL/6,1.1.1,FreeFeed,0,PelletTaken,208,0,0,2,0,0,11.247,542.000,0,1,,,,,,,,,,,,,,,,
2026-07-01 00:30:45,132047.187500,B0DB8AF16E20,mous,male,C57BL/6,1.1.1,FreeFeed,0,PelletDrop,209,0,0,2,0,0,,,,,,,,,,,,,,,,,,,,
2026-07-01 00:30:57,132058.406250,B0DB8AF16E20,mous,male,C57BL/6,1.1.1,FreeFeed,0,PelletTaken,209,0,0,2,0,0,10.653,542.000,0,1,,,,,,,,,,,,,,,,
2026-07-01 00:31:04,132065.609375,B0DB8AF16E20,mous,male,C57BL/6,1.1.1,FreeFeed,0,PelletDrop,210,0,0,2,0,0,,,,,,,,,,,,,,,,,,,,
2026-07-01 00:31:15,132077.156250,B0DB8AF16E20,mous,male,C57BL/6,1.1.1,FreeFeed,0,PelletTaken,210,0,0,2,0,0,10.994,542.000,0,1,,,,,,,,,,,,,,,,
2026-07-01 00:31:23,132084.343750,B0DB8AF16E20,mous,male,C57BL/6,1.1.1,FreeFeed,0,PelletDrop,211,0,0,2,0,0,,,,,,,,,,,,,,,,,,,,
2026-07-01 00:31:34,132095.890625,B0DB8AF16E20,mous,male,C57BL/6,1.1.1,FreeFeed,0,PelletTaken,211,0,0,2,0,0,10.983,542.000,0,1,,,,,,,,,,,,,,,,
2026-07-01 00:31:41,132103.078125,B0DB8AF16E20,mous,male,C57BL/6,1.1.1,FreeFeed,0,PelletDrop,212,0,0,2,0,0,,,,,,,,,,,,,,,,,,,,
2026-07-01 00:32:02,132123.625000,B0DB8AF16E20,mous,male,C57BL/6,1.1.1,FreeFeed,0,PelletTaken,212,0,0,2,0,0,TimedOut,542.000,0,1,,,,,,,,,,,,,,,,
2026-07-01 00:32:22,132143.578125,B0DB8AF16E20,mous,male,C57BL/6,1.1.1,FreeFeed,0,PelletDrop,213,0,0,2,0,0,,,,,,,,,,,,,,,,,,,,
2026-07-01 00:32:42,132164.140625,B0DB8AF16E20,mous,male,C57BL/6,1.1.1,FreeFeed,0,PelletTaken,213,0,0,2,0,0,TimedOut,542.000,0,1,,,,,,,,,,,,,,,,
2026-07-01 00:32:50,132171.328125,B0DB8AF16E20,mous,male,C57BL/6,1.1.1,FreeFeed,0,PelletDrop,214,0,0,2,0,0,,,,,,,,,,,,,,,,,,,,
2026-07-01 00:33:10,132191.875000,B0DB8AF16E20,mous,male,C57BL/6,1.1.1,FreeFeed,0,PelletTaken,214,0,0,2,0,0,TimedOut,542.000,0,1,,,,,,,,,,,,,,,,
2026-07-01 00:35:20,132321.453125,B0DB8AF16E20,mous,male,C57BL/6,1.1.1,FreeFeed,0,Status,214,0,0,2,0,0,,,,,Disabled,25.9,39.7,994.3,14.7,0.000,0.000,253872,344900,250888,5454,3.86,59.16
2026-07-01 00:45:32,132934.312500,B0DB8AF16E20,mous,male,C57BL/6,1.1.1,FreeFeed,0,Status,214,0,0,2,0,0,,,,,Disabled,25.9,39.5,994.4,14.8,0.000,0.000,253872,344900,250888,5479,3.86,58.84
2026-07-01 00:55:45,133547.093750,B0DB8AF16E20,mous,male,C57BL/6,1.1.1,FreeFeed,0,Status,214,0,0,2,0,0,,,,,Disabled,25.9,39.8,994.4,14.7,0.000,0.000,253872,344900,250888,5504,3.86,58.84
2026-07-01 01:05:57,134159.890625,B0DB8AF16E20,mous,male,C57BL/6,1.1.1,FreeFeed,0,Status,214,0,0,2,0,0,,,,,Disabled,25.9,39.6,994.4,14.8,0.000,0.000,253872,344900,250888,5529,3.86,58.53
2026-07-01 01:16:10,134772.671875,B0DB8AF16E20,mous,male,C57BL/6,1.1.1,FreeFeed,0,Status,214,0,0,2,0,0,,,,,Disabled,25.9,39.7,994.5,14.8,0.000,0.000,253872,344900,250888,5554,3.87,58.21
2026-07-01 01:25:09,135311.812500,B0DB8AF16E20,mous,male,C57BL/6,1.1.1,FreeFeed,0,PelletDrop,215,0,0,2,0,0,,,,,,,,,,,,,,,,,,,,
2026-07-01 01:25:21,135324.015625,B0DB8AF16E20,mous,male,C57BL/6,1.1.1,FreeFeed,0,PelletTaken,215,0,0,2,0,0,11.643,542.000,0,1,,,,,,,,,,,,,,,,
2026-07-01 01:25:28,135331.218750,B0DB8AF16E20,mous,male,C57BL/6,1.1.1,FreeFeed,0,PelletDrop,216,0,0,2,0,0,,,,,,,,,,,,,,,,,,,,
2026-07-01 01:25:36,135338.468750,B0DB8AF16E20,mous,male,C57BL/6,1.1.1,FreeFeed,0,PelletTaken,216,0,0,2,0,0,6.693,542.000,0,1,,,,,,,,,,,,,,,,
2026-07-01 01:25:43,135345.656250,B0DB8AF16E20,mous,male,C57BL/6,1.1.1,FreeFeed,0,PelletDrop,217,0,0,2,0,0,,,,,,,,,,,,,,,,,,,,
2026-07-01 01:25:51,135353.718750,B0DB8AF16E20,mous,male,C57BL/6,1.1.1,FreeFeed,0,PelletTaken,217,0,0,2,0,0,7.495,542.000,0,1,,,,,,,,,,,,,,,,
2026-07-01 01:25:58,135360.906250,B0DB8AF16E20,mous,male,C57BL/6,1.1.1,FreeFeed,0,PelletDrop,218,0,0,2,0,0,,,,,,,,,,,,,,,,,,,,
2026-07-01 01:26:06,135368.937500,B0DB8AF16E20,mous,male,C57BL/6,1.1.1,FreeFeed,0,PelletTaken,218,0,0,2,0,0,7.474,542.000,0,1,,,,,,,,,,,,,,,,
2026-07-01 01:26:14,135376.640625,B0DB8AF16E20,mous,male,C57BL/6,1.1.1,FreeFeed,0,Status,218,0,0,2,0,0,,,,,Disabled,25.9,40.1,994.5,14.6,0.000,0.000,253872,344900,250888,5580,3.86,58.21
2026-07-01 01:26:17,135379.468750,B0DB8AF16E20,mous,male,C57BL/6,1.1.1,FreeFeed,0,PelletDrop,219,0,0,2,0,0,,,,,,,,,,,,,,,,,,,,
2026-07-01 01:26:23,135385.531250,B0DB8AF16E20,mous,male,C57BL/6,1.1.1,FreeFeed,0,PelletTaken,219,0,0,2,0,0,5.515,542.000,0,1,,,,,,,,,,,,,,,,
2026-07-01 01:26:30,135392.718750,B0DB8AF16E20,mous,male,C57BL/6,1.1.1,FreeFeed,0,PelletDrop,220,0,0,2,0,0,,,,,,,,,,,,,,,,,,,,
2026-07-01 01:26:50,135413.281250,B0DB8AF16E20,mous,male,C57BL/6,1.1.1,FreeFeed,0,PelletTaken,220,0,0,2,0,0,TimedOut,542.000,0,1,,,,,,,,,,,,,,,,
2026-07-01 01:36:19,135981.703125,B0DB8AF16E20,mous,male,C57BL/6,1.1.1,FreeFeed,0,Status,220,0,0,2,0,0,,,,,Disabled,25.9,40.5,994.6,14.5,0.000,0.000,253872,344900,250888,5605,3.87,57.89
2026-07-01 01:46:31,136594.500000,B0DB8AF16E20,mous,male,C57BL/6,1.1.1,FreeFeed,0,Status,220,0,0,2,0,0,,,,,Disabled,25.8,40.6,994.6,14.4,0.000,0.000,253872,344900,250888,5630,3.86,57.58
2026-07-01 01:47:36,136659.140625,B0DB8AF16E20,mous,male,C57BL/6,1.1.1,FreeFeed,0,PelletDrop,221,0,0,2,0,0,,,,,,,,,,,,,,,,,,,,
2026-07-01 01:47:45,136668.046875,B0DB8AF16E20,mous,male,C57BL/6,1.1.1,FreeFeed,0,PelletTaken,221,0,0,2,0,0,8.353,542.000,0,1,,,,,,,,,,,,,,,,
2026-07-01 01:47:52,136675.234375,B0DB8AF16E20,mous,male,C57BL/6,1.1.1,FreeFeed,0,PelletDrop,222,0,0,2,0,0,,,,,,,,,,,,,,,,,,,,
2026-07-01 01:48:00,136683.234375,B0DB8AF16E20,mous,male,C57BL/6,1.1.1,FreeFeed,0,PelletTaken,222,0,0,2,0,0,7.441,542.000,0,1,,,,,,,,,,,,,,,,
2026-07-01 01:48:07,136690.437500,B0DB8AF16E20,mous,male,C57BL/6,1.1.1,FreeFeed,0,PelletDrop,223,0,0,2,0,0,,,,,,,,,,,,,,,,,,,,
2026-07-01 01:48:14,136697.250000,B0DB8AF16E20,mous,male,C57BL/6,1.1.1,FreeFeed,0,PelletTaken,223,0,0,2,0,0,6.253,542.000,0,1,,,,,,,,,,,,,,,,
2026-07-01 01:48:21,136704.437500,B0DB8AF16E20,mous,male,C57BL/6,1.1.1,FreeFeed,0,PelletDrop,224,0,0,2,0,0,,,,,,,,,,,,,,,,,,,,
2026-07-01 01:48:31,136714.531250,B0DB8AF16E20,mous,male,C57BL/6,1.1.1,FreeFeed,0,PelletTaken,224,0,0,2,0,0,9.542,542.000,0,1,,,,,,,,,,,,,,,,
2026-07-01 01:48:38,136721.734375,B0DB8AF16E20,mous,male,C57BL/6,1.1.1,FreeFeed,0,PelletDrop,225,0,0,2,0,0,,,,,,,,,,,,,,,,,,,,
2026-07-01 01:48:45,136728.765625,B0DB8AF16E20,mous,male,C57BL/6,1.1.1,FreeFeed,0,PelletTaken,225,0,0,2,0,0,6.473,542.000,0,1,,,,,,,,,,,,,,,,
2026-07-01 01:48:53,136735.937500,B0DB8AF16E20,mous,male,C57BL/6,1.1.1,FreeFeed,0,PelletDrop,226,0,0,2,0,0,,,,,,,,,,,,,,,,,,,,
2026-07-01 01:49:13,136756.484375,B0DB8AF16E20,mous,male,C57BL/6,1.1.1,FreeFeed,0,PelletTaken,226,0,0,2,0,0,TimedOut,542.000,0,1,,,,,,,,,,,,,,,,
2026-07-01 01:56:39,137203.015625,B0DB8AF16E20,mous,male,C57BL/6,1.1.1,FreeFeed,0,Status,226,0,0,2,0,0,,,,,Disabled,25.8,41.3,994.7,14.3,0.000,0.000,253872,344900,250888,5657,3.86,57.26
2026-07-01 02:06:52,137815.796875,B0DB8AF16E20,mous,male,C57BL/6,1.1.1,FreeFeed,0,Status,226,0,0,2,0,0,,,,,Disabled,25.8,40.7,994.6,14.3,0.000,0.000,253872,344900,250888,5682,3.86,56.95
2026-07-01 02:17:05,138428.578125,B0DB8AF16E20,mous,male,C57BL/6,1.1.1,FreeFeed,0,Status,226,0,0,2,0,0,,,,,Disabled,25.8,40.4,994.6,14.4,0.000,0.000,253872,344900,250888,5707,3.85,56.95
2026-07-01 02:27:17,139041.375000,B0DB8AF16E20,mous,male,C57BL/6,1.1.1,FreeFeed,0,Status,226,0,0,2,0,0,,,,,Disabled,25.8,40.3,994.6,14.4,0.000,0.000,253872,344900,250888,5732,3.85,56.63
2026-07-01 02:27:26,139049.843750,B0DB8AF16E20,mous,male,C57BL/6,1.1.1,FreeFeed,0,PelletDrop,227,0,0,2,0,0,,,,,,,,,,,,,,,,,,,,
2026-07-01 02:27:37,139061.250000,B0DB8AF16E20,mous,male,C57BL/6,1.1.1,FreeFeed,0,PelletTaken,227,0,0,2,0,0,10.851,542.000,0,1,,,,,,,,,,,,,,,,
2026-07-01 02:27:44,139068.453125,B0DB8AF16E20,mous,male,C57BL/6,1.1.1,FreeFeed,0,PelletDrop,228,0,0,2,0,0,,,,,,,,,,,,,,,,,,,,
2026-07-01 02:27:54,139078.312500,B0DB8AF16E20,mous,male,C57BL/6,1.1.1,FreeFeed,0,PelletTaken,228,0,0,2,0,0,9.311,542.000,0,1,,,,,,,,,,,,,,,,
2026-07-01 02:28:01,139085.500000,B0DB8AF16E20,mous,male,C57BL/6,1.1.1,FreeFeed,0,PelletDrop,229,0,0,2,0,0,,,,,,,,,,,,,,,,,,,,
2026-07-01 02:28:14,139098.093750,B0DB8AF16E20,mous,male,C57BL/6,1.1.1,FreeFeed,0,PelletTaken,229,0,0,2,0,0,12.039,542.000,0,1,,,,,,,,,,,,,,,,
2026-07-01 02:28:21,139105.296875,B0DB8AF16E20,mous,male,C57BL/6,1.1.1,FreeFeed,0,PelletDrop,230,0,0,2,0,0,,,,,,,,,,,,,,,,,,,,
2026-07-01 02:28:31,139115.109375,B0DB8AF16E20,mous,male,C57BL/6,1.1.1,FreeFeed,0,PelletTaken,230,0,0,2,0,0,9.256,542.000,0,1,,,,,,,,,,,,,,,,
2026-07-01 02:28:38,139122.296875,B0DB8AF16E20,mous,male,C57BL/6,1.1.1,FreeFeed,0,PelletDrop,231,0,0,2,0,0,,,,,,,,,,,,,,,,,,,,
2026-07-01 02:28:49,139133.625000,B0DB8AF16E20,mous,male,C57BL/6,1.1.1,FreeFeed,0,PelletTaken,231,0,0,2,0,0,10.751,542.000,0,1,,,,,,,,,,,,,,,,
2026-07-01 02:28:57,139140.812500,B0DB8AF16E20,mous,male,C57BL/6,1.1.1,FreeFeed,0,PelletDrop,232,0,0,2,0,0,,,,,,,,,,,,,,,,,,,,
2026-07-01 02:29:11,139155.218750,B0DB8AF16E20,mous,male,C57BL/6,1.1.1,FreeFeed,0,PelletTaken,232,0,0,2,0,0,13.843,542.000,0,1,,,,,,,,,,,,,,,,
2026-07-01 02:29:18,139162.406250,B0DB8AF16E20,mous,male,C57BL/6,1.1.1,FreeFeed,0,PelletDrop,233,0,0,2,0,0,,,,,,,,,,,,,,,,,,,,
2026-07-01 02:29:39,139182.968750,B0DB8AF16E20,mous,male,C57BL/6,1.1.1,FreeFeed,0,PelletTaken,233,0,0,2,0,0,TimedOut,542.000,0,1,,,,,,,,,,,,,,,,
2026-07-01 02:37:29,139653.859375,B0DB8AF16E20,mous,male,C57BL/6,1.1.1,FreeFeed,0,Status,233,0,0,2,0,0,,,,,Disabled,25.8,40.2,994.7,14.4,0.000,0.000,253872,344900,250888,5759,3.85,56.31
2026-07-01 02:47:42,140266.640625,B0DB8AF16E20,mous,male,C57BL/6,1.1.1,FreeFeed,0,Status,233,0,0,2,0,0,,,,,Disabled,25.9,40.0,994.7,14.4,0.000,0.000,253872,344900,250888,5784,3.85,56.00
2026-07-01 02:53:43,140627.593750,B0DB8AF16E20,mous,male,C57BL/6,1.1.1,FreeFeed,0,PelletDrop,234,0,0,2,0,0,,,,,,,,,,,,,,,,,,,,
2026-07-01 02:54:03,140648.140625,B0DB8AF16E20,mous,male,C57BL/6,1.1.1,FreeFeed,0,PelletTaken,234,0,0,2,0,0,TimedOut,542.000,0,1,,,,,,,,,,,,,,,,
2026-07-01 02:54:11,140655.328125,B0DB8AF16E20,mous,male,C57BL/6,1.1.1,FreeFeed,0,PelletDrop,235,0,0,2,0,0,,,,,,,,,,,,,,,,,,,,
2026-07-01 02:54:25,140669.343750,B0DB8AF16E20,mous,male,C57BL/6,1.1.1,FreeFeed,0,PelletTaken,235,0,0,2,0,0,13.469,542.000,0,1,,,,,,,,,,,,,,,,
2026-07-01 02:54:32,140676.578125,B0DB8AF16E20,mous,male,C57BL/6,1.1.1,FreeFeed,0,PelletDrop,236,0,0,2,0,0,,,,,,,,,,,,,,,,,,,,
2026-07-01 02:54:42,140687.250000,B0DB8AF16E20,mous,male,C57BL/6,1.1.1,FreeFeed,0,PelletTaken,236,0,0,2,0,0,10.124,542.000,0,1,,,,,,,,,,,,,,,,
2026-07-01 02:54:50,140694.437500,B0DB8AF16E20,mous,male,C57BL/6,1.1.1,FreeFeed,0,PelletDrop,237,0,0,2,0,0,,,,,,,,,,,,,,,,,,,,
2026-07-01 02:55:10,140714.984375,B0DB8AF16E20,mous,male,C57BL/6,1.1.1,FreeFeed,0,PelletTaken,237,0,0,2,0,0,TimedOut,542.000,0,1,,,,,,,,,,,,,,,,
2026-07-01 02:57:44,140868.984375,B0DB8AF16E20,mous,male,C57BL/6,1.1.1,FreeFeed,0,Status,237,0,0,2,0,0,,,,,Disabled,25.9,40.0,994.7,14.2,0.000,0.000,253872,344900,250888,5809,3.85,55.68
2026-07-01 03:07:57,141481.765625,B0DB8AF16E20,mous,male,C57BL/6,1.1.1,FreeFeed,0,Status,237,0,0,2,0,0,,,,,Disabled,25.9,39.9,994.7,14.4,0.000,0.000,253872,344900,250888,5834,3.85,55.68
2026-07-01 03:18:09,142094.546875,B0DB8AF16E20,mous,male,C57BL/6,1.1.1,FreeFeed,0,Status,237,0,0,2,0,0,,,,,Disabled,25.9,39.9,994.7,14.3,0.000,0.000,253872,344900,250888,5859,3.86,55.36
2026-07-01 03:21:01,142266.406250,B0DB8AF16E20,mous,male,C57BL/6,1.1.1,FreeFeed,0,PelletDrop,238,0,0,2,0,0,,,,,,,,,,,,,,,,,,,,
2026-07-01 03:21:16,142281.156250,B0DB8AF16E20,mous,male,C57BL/6,1.1.1,FreeFeed,0,PelletTaken,238,0,0,2,0,0,14.194,542.000,0,1,,,,,,,,,,,,,,,,
2026-07-01 03:21:23,142288.343750,B0DB8AF16E20,mous,male,C57BL/6,1.1.1,FreeFeed,0,PelletDrop,239,0,0,2,0,0,,,,,,,,,,,,,,,,,,,,
2026-07-01 03:21:31,142296.343750,B0DB8AF16E20,mous,male,C57BL/6,1.1.1,FreeFeed,0,PelletTaken,239,0,0,2,0,0,7.419,542.000,0,1,,,,,,,,,,,,,,,,
2026-07-01 03:21:38,142303.515625,B0DB8AF16E20,mous,male,C57BL/6,1.1.1,FreeFeed,0,PelletDrop,240,0,0,2,0,0,,,,,,,,,,,,,,,,,,,,
2026-07-01 03:21:50,142315.437500,B0DB8AF16E20,mous,male,C57BL/6,1.1.1,FreeFeed,0,PelletTaken,240,0,0,2,0,0,11.357,542.000,0,1,,,,,,,,,,,,,,,,
2026-07-01 03:21:57,142322.625000,B0DB8AF16E20,mous,male,C57BL/6,1.1.1,FreeFeed,0,PelletDrop,241,0,0,2,0,0,,,,,,,,,,,,,,,,,,,,
2026-07-01 03:22:08,142333.359375,B0DB8AF16E20,mous,male,C57BL/6,1.1.1,FreeFeed,0,PelletTaken,241,0,0,2,0,0,10.169,542.000,0,1,,,,,,,,,,,,,,,,
2026-07-01 03:22:15,142340.546875,B0DB8AF16E20,mous,male,C57BL/6,1.1.1,FreeFeed,0,PelletDrop,242,0,0,2,0,0,,,,,,,,,,,,,,,,,,,,
2026-07-01 03:22:26,142351.781250,B0DB8AF16E20,mous,male,C57BL/6,1.1.1,FreeFeed,0,PelletTaken,242,0,0,2,0,0,10.686,542.000,0,1,,,,,,,,,,,,,,,,
2026-07-01 03:22:34,142358.968750,B0DB8AF16E20,mous,male,C57BL/6,1.1.1,FreeFeed,0,PelletDrop,243,0,0,2,0,0,,,,,,,,,,,,,,,,,,,,
2026-07-01 03:22:47,142372.828125,B0DB8AF16E20,mous,male,C57BL/6,1.1.1,FreeFeed,0,PelletTaken,243,0,0,2,0,0,13.282,542.000,0,1,,,,,,,,,,,,,,,,
2026-07-01 03:22:55,142380.015625,B0DB8AF16E20,mous,male,C57BL/6,1.1.1,FreeFeed,0,PelletDrop,244,0,0,2,0,0,,,,,,,,,,,,,,,,,,,,
2026-07-01 03:23:15,142400.562500,B0DB8AF16E20,mous,male,C57BL/6,1.1.1,FreeFeed,0,PelletTaken,244,0,0,2,0,0,TimedOut,542.000,0,1,,,,,,,,,,,,,,,,
2026-07-01 03:28:15,142700.812500,B0DB8AF16E20,mous,male,C57BL/6,1.1.1,FreeFeed,0,Status,244,0,0,2,0,0,,,,,Disabled,25.9,39.9,994.7,14.3,0.000,0.000,253872,344900,250888,5885,3.85,55.05
2026-07-01 03:38:28,143313.593750,B0DB8AF16E20,mous,male,C57BL/6,1.1.1,FreeFeed,0,Status,244,0,0,2,0,0,,,,,Disabled,25.9,40.1,994.7,14.4,0.000,0.000,253872,344900,250888,5910,3.85,54.73
2026-07-01 03:48:40,143926.375000,B0DB8AF16E20,mous,male,C57BL/6,1.1.1,FreeFeed,0,Status,244,0,0,2,0,0,,,,,Disabled,25.8,40.4,994.7,14.5,0.000,0.000,253872,344900,250888,5935,3.86,54.41
2026-07-01 03:58:53,144539.187500,B0DB8AF16E20,mous,male,C57BL/6,1.1.1,FreeFeed,0,Status,244,0,0,2,0,0,,,,,Disabled,25.8,40.6,994.7,14.5,0.000,0.000,253872,344900,250888,5960,3.84,54.41
2026-07-01 04:08:15,145101.500000,B0DB8AF16E20,mous,male,C57BL/6,1.1.1,FreeFeed,0,PelletDrop,245,0,0,2,0,0,,,,,,,,,,,,,,,,,,,,
2026-07-01 04:08:34,145120.828125,B0DB8AF16E20,mous,male,C57BL/6,1.1.1,FreeFeed,0,PelletTaken,245,0,0,2,0,0,18.782,542.000,0,1,,,,,,,,,,,,,,,,
2026-07-01 04:08:42,145128.031250,B0DB8AF16E20,mous,male,C57BL/6,1.1.1,FreeFeed,0,PelletDrop,246,0,0,2,0,0,,,,,,,,,,,,,,,,,,,,
2026-07-01 04:08:47,145133.625000,B0DB8AF16E20,mous,male,C57BL/6,1.1.1,FreeFeed,0,PelletTaken,246,0,0,2,0,0,5.031,542.000,0,1,,,,,,,,,,,,,,,,
2026-07-01 04:08:55,145141.312500,B0DB8AF16E20,mous,male,C57BL/6,1.1.1,FreeFeed,0,Status,246,0,0,2,0,0,,,,,Disabled,25.7,40.7,994.8,14.6,0.000,0.000,253872,344900,250888,5985,3.84,54.10
2026-07-01 04:08:58,145144.125000,B0DB8AF16E20,mous,male,C57BL/6,1.1.1,FreeFeed,0,PelletDrop,247,0,0,2,0,0,,,,,,,,,,,,,,,,,,,,
2026-07-01 04:09:01,145147.296875,B0DB8AF16E20,mous,male,C57BL/6,1.1.1,FreeFeed,0,PelletTaken,247,0,0,2,0,0,2.601,542.000,0,1,,,,,,,,,,,,,,,,
2026-07-01 04:09:08,145154.484375,B0DB8AF16E20,mous,male,C57BL/6,1.1.1,FreeFeed,0,PelletDrop,248,0,0,2,0,0,,,,,,,,,,,,,,,,,,,,
2026-07-01 04:09:16,145162.687500,B0DB8AF16E20,mous,male,C57BL/6,1.1.1,FreeFeed,0,PelletTaken,248,0,0,2,0,0,7.650,542.000,0,1,,,,,,,,,,,,,,,,
2026-07-01 04:09:23,145169.875000,B0DB8AF16E20,mous,male,C57BL/6,1.1.1,FreeFeed,0,PelletDrop,249,0,0,2,0,0,,,,,,,,,,,,,,,,,,,,
2026-07-01 04:09:44,145190.437500,B0DB8AF16E20,mous,male,C57BL/6,1.1.1,FreeFeed,0,PelletTaken,249,0,0,2,0,0,TimedOut,542.000,0,1,,,,,,,,,,,,,,,,
2026-07-01 04:10:00,145206.390625,B0DB8AF16E20,mous,male,C57BL/6,1.1.1,FreeFeed,0,PelletDrop,250,0,0,2,0,0,,,,,,,,,,,,,,,,,,,,
2026-07-01 04:10:14,145220.437500,B0DB8AF16E20,mous,male,C57BL/6,1.1.1,FreeFeed,0,PelletTaken,250,0,0,2,0,0,13.491,542.000,0,1,,,,,,,,,,,,,,,,
2026-07-01 04:10:21,145227.625000,B0DB8AF16E20,mous,male,C57BL/6,1.1.1,FreeFeed,0,PelletDrop,251,0,0,2,0,0,,,,,,,,,,,,,,,,,,,,
2026-07-01 04:10:29,145235.093750,B0DB8AF16E20,mous,male,C57BL/6,1.1.1,FreeFeed,0,PelletTaken,251,0,0,2,0,0,6.912,542.000,0,1,,,,,,,,,,,,,,,,
2026-07-01 04:10:38,145244.500000,B0DB8AF16E20,mous,male,C57BL/6,1.1.1,FreeFeed,0,PelletDrop,252,0,0,2,0,0,,,,,,,,,,,,,,,,,,,,
2026-07-01 04:10:43,145249.015625,B0DB8AF16E20,mous,male,C57BL/6,1.1.1,FreeFeed,0,PelletTaken,252,0,0,2,0,0,3.966,542.000,0,2,,,,,,,,,,,,,,,,
2026-07-01 04:10:50,145256.218750,B0DB8AF16E20,mous,male,C57BL/6,1.1.1,FreeFeed,0,PelletDrop,253,0,0,2,0,0,,,,,,,,,,,,,,,,,,,,
2026-07-01 04:10:58,145264.781250,B0DB8AF16E20,mous,male,C57BL/6,1.1.1,FreeFeed,0,PelletTaken,253,0,0,2,0,0,8.002,542.000,0,1,,,,,,,,,,,,,,,,
2026-07-01 04:11:05,145271.968750,B0DB8AF16E20,mous,male,C57BL/6,1.1.1,FreeFeed,0,PelletDrop,254,0,0,2,0,0,,,,,,,,,,,,,,,,,,,,
2026-07-01 04:11:26,145292.125000,B0DB8AF16E20,mous,male,C57BL/6,1.1.1,FreeFeed,0,PelletTaken,254,0,0,2,0,0,19.606,542.000,0,1,,,,,,,,,,,,,,,,
2026-07-01 04:11:33,145299.343750,B0DB8AF16E20,mous,male,C57BL/6,1.1.1,FreeFeed,0,PelletDrop,255,0,0,2,0,0,,,,,,,,,,,,,,,,,,,,
2026-07-01 04:11:53,145319.890625,B0DB8AF16E20,mous,male,C57BL/6,1.1.1,FreeFeed,0,PelletTaken,255,0,0,2,0,0,TimedOut,542.000,0,1,,,,,,,,,,,,,,,,
2026-07-01 04:19:14,145760.781250,B0DB8AF16E20,mous,male,C57BL/6,1.1.1,FreeFeed,0,Status,255,0,0,2,0,0,,,,,Disabled,25.7,40.9,994.8,14.6,0.000,0.000,253872,344900,250888,6013,3.84,53.78
2026-07-01 04:29:27,146373.578125,B0DB8AF16E20,mous,male,C57BL/6,1.1.1,FreeFeed,0,Status,255,0,0,2,0,0,,,,,Disabled,25.7,40.6,994.8,14.5,0.000,0.000,253872,344900,250888,6038,3.84,53.46
2026-07-01 04:39:39,146986.359375,B0DB8AF16E20,mous,male,C57BL/6,1.1.1,FreeFeed,0,Status,255,0,0,2,0,0,,,,,Disabled,25.7,40.3,994.9,14.6,0.000,0.000,253872,344900,250888,6063,3.84,53.08
2026-07-01 04:49:52,147599.156250,B0DB8AF16E20,mous,male,C57BL/6,1.1.1,FreeFeed,0,Status,255,0,0,2,0,0,,,,,Disabled,25.7,40.1,994.9,14.6,0.000,0.000,253872,344900,250888,6088,3.85,53.08
2026-07-01 05:00:04,148211.953125,B0DB8AF16E20,mous,male,C57BL/6,1.1.1,FreeFeed,0,Status,255,0,0,2,0,0,,,,,Disabled,25.8,40.1,994.9,14.7,0.000,0.000,253872,344900,250888,6113,3.84,52.70
2026-07-01 05:06:13,148580.437500,B0DB8AF16E20,mous,male,C57BL/6,1.1.1,FreeFeed,0,PelletDrop,256,0,0,2,0,0,,,,,,,,,,,,,,,,,,,,
2026-07-01 05:06:27,148595.015625,B0DB8AF16E20,mous,male,C57BL/6,1.1.1,FreeFeed,0,PelletTaken,256,0,0,2,0,0,14.019,542.000,0,1,,,,,,,,,,,,,,,,
2026-07-01 05:06:35,148602.203125,B0DB8AF16E20,mous,male,C57BL/6,1.1.1,FreeFeed,0,PelletDrop,257,0,0,2,0,0,,,,,,,,,,,,,,,,,,,,
2026-07-01 05:06:44,148611.343750,B0DB8AF16E20,mous,male,C57BL/6,1.1.1,FreeFeed,0,PelletTaken,257,0,0,2,0,0,8.575,542.000,0,1,,,,,,,,,,,,,,,,
2026-07-01 05:06:51,148618.531250,B0DB8AF16E20,mous,male,C57BL/6,1.1.1,FreeFeed,0,PelletDrop,258,0,0,2,0,0,,,,,,,,,,,,,,,,,,,,
2026-07-01 05:07:01,148628.234375,B0DB8AF16E20,mous,male,C57BL/6,1.1.1,FreeFeed,0,PelletTaken,258,0,0,2,0,0,9.157,542.000,0,1,,,,,,,,,,,,,,,,
2026-07-01 05:07:08,148635.453125,B0DB8AF16E20,mous,male,C57BL/6,1.1.1,FreeFeed,0,PelletDrop,259,0,0,2,0,0,,,,,,,,,,,,,,,,,,,,
2026-07-01 05:07:18,148645.687500,B0DB8AF16E20,mous,male,C57BL/6,1.1.1,FreeFeed,0,PelletTaken,259,0,0,2,0,0,9.686,542.000,0,1,,,,,,,,,,,,,,,,
2026-07-01 05:07:25,148652.875000,B0DB8AF16E20,mous,male,C57BL/6,1.1.1,FreeFeed,0,PelletDrop,260,0,0,2,0,0,,,,,,,,,,,,,,,,,,,,
2026-07-01 05:07:39,148666.203125,B0DB8AF16E20,mous,male,C57BL/6,1.1.1,FreeFeed,0,PelletTaken,260,0,0,2,0,0,12.776,542.000,0,1,,,,,,,,,,,,,,,,
2026-07-01 05:07:46,148673.406250,B0DB8AF16E20,mous,male,C57BL/6,1.1.1,FreeFeed,0,PelletDrop,261,0,0,2,0,0,,,,,,,,,,,,,,,,,,,,
2026-07-01 05:07:56,148683.468750,B0DB8AF16E20,mous,male,C57BL/6,1.1.1,FreeFeed,0,PelletTaken,261,0,0,2,0,0,9.510,542.000,0,1,,,,,,,,,,,,,,,,
2026-07-01 05:08:03,148690.656250,B0DB8AF16E20,mous,male,C57BL/6,1.1.1,FreeFeed,0,PelletDrop,262,0,0,2,0,0,,,,,,,,,,,,,,,,,,,,
2026-07-01 05:08:15,148702.765625,B0DB8AF16E20,mous,male,C57BL/6,1.1.1,FreeFeed,0,PelletTaken,262,0,0,2,0,0,11.555,542.000,0,1,,,,,,,,,,,,,,,,
2026-07-01 05:08:22,148709.984375,B0DB8AF16E20,mous,male,C57BL/6,1.1.1,FreeFeed,0,PelletDrop,263,0,0,2,0,0,,,,,,,,,,,,,,,,,,,,
2026-07-01 05:08:33,148720.265625,B0DB8AF16E20,mous,male,C57BL/6,1.1.1,FreeFeed,0,PelletTaken,263,0,0,2,0,0,9.719,542.000,0,1,,,,,,,,,,,,,,,,
2026-07-01 05:08:40,148727.437500,B0DB8AF16E20,mous,male,C57BL/6,1.1.1,FreeFeed,0,PelletDrop,264,0,0,2,0,0,,,,,,,,,,,,,,,,,,,,
2026-07-01 05:09:00,148748.015625,B0DB8AF16E20,mous,male,C57BL/6,1.1.1,FreeFeed,0,PelletTaken,264,0,0,2,0,0,TimedOut,542.000,0,1,,,,,,,,,,,,,,,,
2026-07-01 05:10:21,148828.843750,B0DB8AF16E20,mous,male,C57BL/6,1.1.1,FreeFeed,0,Status,264,0,0,2,0,0,,,,,Disabled,25.8,40.2,994.9,14.6,0.000,0.000,253872,344900,250888,6140,3.85,52.31
2026-07-01 05:20:34,149441.625000,B0DB8AF16E20,mous,male,C57BL/6,1.1.1,FreeFeed,0,Status,264,0,0,2,0,0,,,,,Disabled,25.8,40.0,995.0,14.7,0.000,0.000,253872,344900,250888,6165,3.84,51.93
2026-07-01 05:30:46,150054.421875,B0DB8AF16E20,mous,male,C57BL/6,1.1.1,FreeFeed,0,Status,264,0,0,2,0,0,,,,,Disabled,25.8,40.0,995.0,14.6,0.000,0.000,253872,344900,250888,6190,3.83,51.93
2026-07-01 05:37:58,150486.218750,B0DB8AF16E20,mous,male,C57BL/6,1.1.1,FreeFeed,0,PelletDrop,265,0,0,2,0,0,,,,,,,,,,,,,,,,,,,,
2026-07-01 05:38:14,150502.468750,B0DB8AF16E20,mous,male,C57BL/6,1.1.1,FreeFeed,0,PelletTaken,265,0,0,2,0,0,15.691,542.000,0,1,,,,,,,,,,,,,,,,
2026-07-01 05:38:21,150509.656250,B0DB8AF16E20,mous,male,C57BL/6,1.1.1,FreeFeed,0,PelletDrop,266,0,0,2,0,0,,,,,,,,,,,,,,,,,,,,
2026-07-01 05:38:31,150519.484375,B0DB8AF16E20,mous,male,C57BL/6,1.1.1,FreeFeed,0,PelletTaken,266,0,0,2,0,0,9.256,542.000,0,1,,,,,,,,,,,,,,,,
2026-07-01 05:38:38,150526.671875,B0DB8AF16E20,mous,male,C57BL/6,1.1.1,FreeFeed,0,PelletDrop,267,0,0,2,0,0,,,,,,,,,,,,,,,,,,,,
2026-07-01 05:38:51,150538.937500,B0DB8AF16E20,mous,male,C57BL/6,1.1.1,FreeFeed,0,PelletTaken,267,0,0,2,0,0,11.709,542.000,0,1,,,,,,,,,,,,,,,,
2026-07-01 05:38:58,150546.109375,B0DB8AF16E20,mous,male,C57BL/6,1.1.1,FreeFeed,0,PelletDrop,268,0,0,2,0,0,,,,,,,,,,,,,,,,,,,,
2026-07-01 05:39:11,150559.875000,B0DB8AF16E20,mous,male,C57BL/6,1.1.1,FreeFeed,0,PelletTaken,268,0,0,2,0,0,13.194,542.000,0,1,,,,,,,,,,,,,,,,
2026-07-01 05:39:19,150567.062500,B0DB8AF16E20,mous,male,C57BL/6,1.1.1,FreeFeed,0,PelletDrop,269,0,0,2,0,0,,,,,,,,,,,,,,,,,,,,
2026-07-01 05:39:39,150587.609375,B0DB8AF16E20,mous,male,C57BL/6,1.1.1,FreeFeed,0,PelletTaken,269,0,0,2,0,0,TimedOut,542.000,0,1,,,,,,,,,,,,,,,,
2026-07-01 05:41:00,150668.468750,B0DB8AF16E20,mous,male,C57BL/6,1.1.1,FreeFeed,0,Status,269,0,0,2,0,0,,,,,Disabled,25.8,39.9,995.0,14.7,0.000,0.000,253872,344900,250888,6216,3.83,51.55
2026-07-01 05:51:13,151281.250000,B0DB8AF16E20,mous,male,C57BL/6,1.1.1,FreeFeed,0,Status,269,0,0,2,0,0,,,,,Disabled,25.8,40.1,995.1,14.7,0.000,0.000,253872,344900,250888,6241,3.83,51.16
2026-07-01 06:01:25,151894.031250,B0DB8AF16E20,mous,male,C57BL/6,1.1.1,FreeFeed,0,Status,269,0,0,2,0,0,,,,,Disabled,25.8,40.0,995.1,14.7,0.108,58.000,253872,344900,250888,6266,3.84,50.78
2026-07-01 06:11:38,152506.843750,B0DB8AF16E20,mous,male,C57BL/6,1.1.1,FreeFeed,0,Status,269,0,0,2,0,0,,,,,Disabled,25.8,40.0,995.2,14.7,0.112,56.000,253872,344900,250888,6291,3.83,50.39
2026-07-01 06:21:50,153119.625000,B0DB8AF16E20,mous,male,C57BL/6,1.1.1,FreeFeed,0,Status,269,0,0,2,0,0,,,,,Disabled,25.8,39.9,995.1,14.8,0.122,62.000,253872,344900,250888,6316,3.83,50.01
2026-07-01 06:23:18,153207.296875,B0DB8AF16E20,mous,male,C57BL/6,1.1.1,FreeFeed,0,PelletDrop,270,0,0,2,0,0,,,,,,,,,,,,,,,,,,,,
2026-07-01 06:23:32,153221.453125,B0DB8AF16E20,mous,male,C57BL/6,1.1.1,FreeFeed,0,PelletTaken,270,0,0,2,0,0,13.579,542.000,0,1,,,,,,,,,,,,,,,,
2026-07-01 06:23:39,153228.625000,B0DB8AF16E20,mous,male,C57BL/6,1.1.1,FreeFeed,0,PelletDrop,271,0,0,2,0,0,,,,,,,,,,,,,,,,,,,,
2026-07-01 06:23:50,153239.093750,B0DB8AF16E20,mous,male,C57BL/6,1.1.1,FreeFeed,0,PelletTaken,271,0,0,2,0,0,9.905,542.000,0,1,,,,,,,,,,,,,,,,
2026-07-01 06:23:57,153246.281250,B0DB8AF16E20,mous,male,C57BL/6,1.1.1,FreeFeed,0,PelletDrop,272,0,0,2,0,0,,,,,,,,,,,,,,,,,,,,
2026-07-01 06:24:17,153266.421875,B0DB8AF16E20,mous,male,C57BL/6,1.1.1,FreeFeed,0,PelletTaken,272,0,0,2,0,0,19.552,542.000,0,1,,,,,,,,,,,,,,,,
2026-07-01 06:24:24,153273.609375,B0DB8AF16E20,mous,male,C57BL/6,1.1.1,FreeFeed,0,PelletDrop,273,0,0,2,0,0,,,,,,,,,,,,,,,,,,,,
2026-07-01 06:24:37,153286.906250,B0DB8AF16E20,mous,male,C57BL/6,1.1.1,FreeFeed,0,PelletTaken,273,0,0,2,0,0,12.732,542.000,0,1,,,,,,,,,,,,,,,,
2026-07-01 06:24:45,153294.093750,B0DB8AF16E20,mous,male,C57BL/6,1.1.1,FreeFeed,0,PelletDrop,274,0,0,2,0,0,,,,,,,,,,,,,,,,,,,,
2026-07-01 06:24:58,153307.703125,B0DB8AF16E20,mous,male,C57BL/6,1.1.1,FreeFeed,0,PelletTaken,274,0,0,2,0,0,13.050,542.000,0,1,,,,,,,,,,,,,,,,
2026-07-01 06:25:05,153314.890625,B0DB8AF16E20,mous,male,C57BL/6,1.1.1,FreeFeed,0,PelletDrop,275,0,0,2,0,0,,,,,,,,,,,,,,,,,,,,
2026-07-01 06:25:26,153335.437500,B0DB8AF16E20,mous,male,C57BL/6,1.1.1,FreeFeed,0,PelletTaken,275,0,0,2,0,0,TimedOut,542.000,0,1,,,,,,,,,,,,,,,,
2026-07-01 06:32:04,153733.203125,B0DB8AF16E20,mous,male,C57BL/6,1.1.1,FreeFeed,0,Status,275,0,0,2,0,0,,,,,Disabled,25.8,40.0,995.2,14.7,0.130,66.000,253872,344900,250888,6342,3.83,49.62
2026-07-01 06:42:16,154346.000000,B0DB8AF16E20,mous,male,C57BL/6,1.1.1,FreeFeed,0,Status,275,0,0,2,0,0,,,,,Disabled,25.8,39.8,995.2,14.7,0.130,67.000,253872,344900,250888,6367,3.83,49.24
2026-07-01 06:47:03,154632.781250,B0DB8AF16E20,mous,male,C57BL/6,1.1.1,FreeFeed,0,PelletDrop,276,0,0,2,0,0,,,,,,,,,,,,,,,,,,,,
2026-07-01 06:47:23,154653.359375,B0DB8AF16E20,mous,male,C57BL/6,1.1.1,FreeFeed,0,PelletTaken,276,0,0,2,0,0,TimedOut,542.000,0,1,,,,,,,,,,,,,,,,
2026-07-01 06:47:31,154660.531250,B0DB8AF16E20,mous,male,C57BL/6,1.1.1,FreeFeed,0,PelletDrop,277,0,0,2,0,0,,,,,,,,,,,,,,,,,,,,
2026-07-01 06:47:44,154673.515625,B0DB8AF16E20,mous,male,C57BL/6,1.1.1,FreeFeed,0,PelletTaken,277,0,0,2,0,0,12.424,542.000,0,1,,,,,,,,,,,,,,,,
2026-07-01 06:47:51,154680.703125,B0DB8AF16E20,mous,male,C57BL/6,1.1.1,FreeFeed,0,PelletDrop,278,0,0,2,0,0,,,,,,,,,,,,,,,,,,,,
2026-07-01 06:48:11,154701.265625,B0DB8AF16E20,mous,male,C57BL/6,1.1.1,FreeFeed,0,PelletTaken,278,0,0,2,0,0,TimedOut,542.000,0,1,,,,,,,,,,,,,,,,
2026-07-01 06:52:23,154952.750000,B0DB8AF16E20,mous,male,C57BL/6,1.1.1,FreeFeed,0,Status,278,0,0,2,0,0,,,,,Disabled,25.8,39.9,995.3,14.7,0.122,65.000,253872,344900,250888,6392,3.83,48.86
2026-07-01 07:02:35,155565.546875,B0DB8AF16E20,mous,male,C57BL/6,1.1.1,FreeFeed,0,Status,278,0,0,2,0,0,,,,,Disabled,25.8,39.8,995.4,14.7,0.130,66.000,253872,344900,250888,6417,3.83,48.86
2026-07-01 07:12:48,156178.343750,B0DB8AF16E20,mous,male,C57BL/6,1.1.1,FreeFeed,0,Status,278,0,0,2,0,0,,,,,Disabled,25.8,39.8,995.5,14.6,0.130,68.000,253872,344900,250888,6442,3.82,48.48
2026-07-01 07:23:00,156791.125000,B0DB8AF16E20,mous,male,C57BL/6,1.1.1,FreeFeed,0,Status,278,0,0,2,0,0,,,,,Disabled,25.8,39.7,995.6,14.6,0.137,68.000,253872,344900,250888,6467,3.83,48.09
2026-07-01 07:33:13,157403.921875,B0DB8AF16E20,mous,male,C57BL/6,1.1.1,FreeFeed,0,Status,278,0,0,2,0,0,,,,,Disabled,25.8,39.7,995.7,14.6,0.094,53.000,253872,344900,250888,6492,3.82,47.71
2026-07-01 07:43:26,158016.718750,B0DB8AF16E20,mous,male,C57BL/6,1.1.1,FreeFeed,0,Status,278,0,0,2,0,0,,,,,Disabled,25.8,39.6,995.7,14.6,0.101,54.000,253872,344900,250888,6517,3.82,47.32
2026-07-01 07:53:38,158629.500000,B0DB8AF16E20,mous,male,C57BL/6,1.1.1,FreeFeed,0,Status,278,0,0,2,0,0,,,,,Disabled,25.8,39.5,995.8,14.6,0.108,58.000,253872,344900,250888,6542,3.82,46.91
2026-07-01 07:55:58,158768.937500,B0DB8AF16E20,mous,male,C57BL/6,1.1.1,FreeFeed,0,PelletDrop,279,0,0,2,0,0,,,,,,,,,,,,,,,,,,,,
2026-07-01 07:56:16,158787.562500,B0DB8AF16E20,mous,male,C57BL/6,1.1.1,FreeFeed,0,PelletTaken,279,0,0,2,0,0,18.045,542.000,0,1,,,,,,,,,,,,,,,,
2026-07-01 07:56:23,158794.750000,B0DB8AF16E20,mous,male,C57BL/6,1.1.1,FreeFeed,0,PelletDrop,280,0,0,2,0,0,,,,,,,,,,,,,,,,,,,,
2026-07-01 07:56:44,158815.296875,B0DB8AF16E20,mous,male,C57BL/6,1.1.1,FreeFeed,0,PelletTaken,280,0,0,2,0,0,TimedOut,542.000,0,1,,,,,,,,,,,,,,,,
2026-07-01 07:56:51,158822.484375,B0DB8AF16E20,mous,male,C57BL/6,1.1.1,FreeFeed,0,PelletDrop,281,0,0,2,0,0,,,,,,,,,,,,,,,,,,,,
2026-07-01 07:57:05,158836.203125,B0DB8AF16E20,mous,male,C57BL/6,1.1.1,FreeFeed,0,PelletTaken,281,0,0,2,0,0,13.161,542.000,0,1,,,,,,,,,,,,,,,,
2026-07-01 07:57:12,158843.390625,B0DB8AF16E20,mous,male,C57BL/6,1.1.1,FreeFeed,0,PelletDrop,282,0,0,2,0,0,,,,,,,,,,,,,,,,,,,,
2026-07-01 07:57:33,158863.937500,B0DB8AF16E20,mous,male,C57BL/6,1.1.1,FreeFeed,0,PelletTaken,282,0,0,2,0,0,TimedOut,542.000,0,1,,,,,,,,,,,,,,,,
2026-07-01 07:57:40,158871.140625,B0DB8AF16E20,mous,male,C57BL/6,1.1.1,FreeFeed,0,PelletDrop,283,0,0,2,0,0,,,,,,,,,,,,,,,,,,,,
2026-07-01 07:57:56,158886.937500,B0DB8AF16E20,mous,male,C57BL/6,1.1.1,FreeFeed,0,PelletTaken,283,0,0,2,0,0,15.241,542.000,0,1,,,,,,,,,,,,,,,,
2026-07-01 07:58:03,158894.125000,B0DB8AF16E20,mous,male,C57BL/6,1.1.1,FreeFeed,0,PelletDrop,284,0,0,2,0,0,,,,,,,,,,,,,,,,,,,,
2026-07-01 07:58:19,158910.296875,B0DB8AF16E20,mous,male,C57BL/6,1.1.1,FreeFeed,0,PelletTaken,284,0,0,2,0,0,15.614,542.000,0,1,,,,,,,,,,,,,,,,
2026-07-01 07:58:26,158917.500000,B0DB8AF16E20,mous,male,C57BL/6,1.1.1,FreeFeed,0,PelletDrop,285,0,0,2,0,0,,,,,,,,,,,,,,,,,,,,
2026-07-01 07:58:47,158938.062500,B0DB8AF16E20,mous,male,C57BL/6,1.1.1,FreeFeed,0,PelletTaken,285,0,0,2,0,0,TimedOut,542.000,0,1,,,,,,,,,,,,,,,,
2026-07-01 08:03:47,159238.296875,B0DB8AF16E20,mous,male,C57BL/6,1.1.1,FreeFeed,0,Status,285,0,0,2,0,0,,,,,Disabled,25.8,39.6,995.8,14.6,0.108,59.000,253872,344900,250888,6567,3.82,46.50
2026-07-01 08:13:59,159851.093750,B0DB8AF16E20,mous,male,C57BL/6,1.1.1,FreeFeed,0,Status,285,0,0,2,0,0,,,,,Disabled,25.8,39.9,995.8,14.6,0.065,40.000,253872,344900,250888,6592,3.82,46.50
2026-07-01 08:24:12,160463.906250,B0DB8AF16E20,mous,male,C57BL/6,1.1.1,FreeFeed,0,Status,285,0,0,2,0,0,,,,,Disabled,25.8,39.9,995.9,14.5,0.158,92.000,253872,344900,250888,6617,3.81,46.10
2026-07-01 08:34:24,161076.687500,B0DB8AF16E20,mous,male,C57BL/6,1.1.1,FreeFeed,0,Status,285,0,0,2,0,0,,,,,Disabled,25.8,39.8,996.0,14.5,0.162,90.000,253872,344900,250888,6642,3.81,45.69
2026-07-01 08:44:37,161689.484375,B0DB8AF16E20,mous,male,C57BL/6,1.1.1,FreeFeed,0,Status,285,0,0,2,0,0,,,,,Disabled,25.8,39.6,996.0,14.5,0.162,90.000,253872,344900,250888,6667,3.81,45.28
2026-07-01 08:54:50,162302.265625,B0DB8AF16E20,mous,male,C57BL/6,1.1.1,FreeFeed,0,Status,285,0,0,2,0,0,,,,,Disabled,25.8,39.8,996.1,14.6,0.158,90.000,253872,344900,250888,6692,3.81,44.87
2026-07-01 09:05:02,162915.046875,B0DB8AF16E20,mous,male,C57BL/6,1.1.1,FreeFeed,0,Status,285,0,0,2,0,0,,,,,Disabled,25.8,39.7,996.1,14.7,0.144,86.000,253872,344900,250888,6717,3.81,44.46
2026-07-01 09:15:15,163527.843750,B0DB8AF16E20,mous,male,C57BL/6,1.1.1,FreeFeed,0,Status,285,0,0,2,0,0,,,,,Disabled,25.7,39.7,996.2,14.7,0.151,88.000,253872,344900,250888,6742,3.82,44.05
2026-07-01 09:19:34,163787.484375,B0DB8AF16E20,mous,male,C57BL/6,1.1.1,FreeFeed,0,PelletDrop,286,0,0,2,0,0,,,,,,,,,,,,,,,,,,,,
2026-07-01 09:19:55,163808.031250,B0DB8AF16E20,mous,male,C57BL/6,1.1.1,FreeFeed,0,PelletTaken,286,0,0,2,0,0,TimedOut,542.000,0,1,,,,,,,,,,,,,,,,
2026-07-01 09:20:02,163815.234375,B0DB8AF16E20,mous,male,C57BL/6,1.1.1,FreeFeed,0,PelletDrop,287,0,0,2,0,0,,,,,,,,,,,,,,,,,,,,
2026-07-01 09:20:23,163835.781250,B0DB8AF16E20,mous,male,C57BL/6,1.1.1,FreeFeed,0,PelletTaken,287,0,0,2,0,0,TimedOut,542.000,0,1,,,,,,,,,,,,,,,,
2026-07-01 09:20:35,163848.000000,B0DB8AF16E20,mous,male,C57BL/6,1.1.1,FreeFeed,0,PelletDrop,288,0,0,2,0,0,,,,,,,,,,,,,,,,,,,,
2026-07-01 09:20:50,163862.828125,B0DB8AF16E20,mous,male,C57BL/6,1.1.1,FreeFeed,0,PelletTaken,288,0,0,2,0,0,14.284,542.000,0,1,,,,,,,,,,,,,,,,
2026-07-01 09:20:57,163870.031250,B0DB8AF16E20,mous,male,C57BL/6,1.1.1,FreeFeed,0,PelletDrop,289,0,0,2,0,0,,,,,,,,,,,,,,,,,,,,
2026-07-01 09:21:15,163888.687500,B0DB8AF16E20,mous,male,C57BL/6,1.1.1,FreeFeed,0,PelletTaken,289,0,0,2,0,0,18.100,542.000,0,1,,,,,,,,,,,,,,,,
2026-07-01 09:21:23,163895.875000,B0DB8AF16E20,mous,male,C57BL/6,1.1.1,FreeFeed,0,PelletDrop,290,0,0,2,0,0,,,,,,,,,,,,,,,,,,,,
2026-07-01 09:21:34,163906.718750,B0DB8AF16E20,mous,male,C57BL/6,1.1.1,FreeFeed,0,PelletTaken,290,0,0,2,0,0,10.290,542.000,0,1,,,,,,,,,,,,,,,,
2026-07-01 09:21:41,163913.921875,B0DB8AF16E20,mous,male,C57BL/6,1.1.1,FreeFeed,0,PelletDrop,291,0,0,2,0,0,,,,,,,,,,,,,,,,,,,,
2026-07-01 09:21:54,163927.250000,B0DB8AF16E20,mous,male,C57BL/6,1.1.1,FreeFeed,0,PelletTaken,291,0,0,2,0,0,12.775,542.000,0,1,,,,,,,,,,,,,,,,
2026-07-01 09:22:01,163934.437500,B0DB8AF16E20,mous,male,C57BL/6,1.1.1,FreeFeed,0,PelletDrop,292,0,0,2,0,0,,,,,,,,,,,,,,,,,,,,
2026-07-01 09:22:16,163949.390625,B0DB8AF16E20,mous,male,C57BL/6,1.1.1,FreeFeed,0,PelletTaken,292,0,0,2,0,0,14.381,542.000,0,1,,,,,,,,,,,,,,,,
2026-07-01 09:22:23,163956.578125,B0DB8AF16E20,mous,male,C57BL/6,1.1.1,FreeFeed,0,PelletDrop,293,0,0,2,0,0,,,,,,,,,,,,,,,,,,,,
2026-07-01 09:22:37,163969.937500,B0DB8AF16E20,mous,male,C57BL/6,1.1.1,FreeFeed,0,PelletTaken,293,0,0,2,0,0,12.809,542.000,0,1,,,,,,,,,,,,,,,,
2026-07-01 09:22:44,163977.125000,B0DB8AF16E20,mous,male,C57BL/6,1.1.1,FreeFeed,0,PelletDrop,294,0,0,2,0,0,,,,,,,,,,,,,,,,,,,,
2026-07-01 09:23:04,163997.687500,B0DB8AF16E20,mous,male,C57BL/6,1.1.1,FreeFeed,0,PelletTaken,294,0,0,2,0,0,TimedOut,542.000,0,1,,,,,,,,,,,,,,,,
2026-07-01 09:25:38,164151.656250,B0DB8AF16E20,mous,male,C57BL/6,1.1.1,FreeFeed,0,Status,294,0,0,2,0,0,,,,,Disabled,25.7,39.8,996.2,14.6,0.180,98.000,253872,344900,250888,6769,3.81,43.64
2026-07-01 09:35:51,164764.437500,B0DB8AF16E20,mous,male,C57BL/6,1.1.1,FreeFeed,0,Status,294,0,0,2,0,0,,,,,Disabled,25.7,39.6,996.2,14.7,0.140,66.000,253872,344900,250888,6794,3.81,43.23
2026-07-01 09:46:04,165377.265625,B0DB8AF16E20,mous,male,C57BL/6,1.1.1,FreeFeed,0,Status,294,0,0,2,0,0,,,,,Disabled,25.7,39.7,996.2,14.6,0.133,64.000,253872,344900,250888,6819,3.80,42.82
2026-07-01 09:56:16,165990.046875,B0DB8AF16E20,mous,male,C57BL/6,1.1.1,FreeFeed,0,Status,294,0,0,2,0,0,,,,,Disabled,25.7,39.6,996.2,14.6,0.090,44.000,253872,344900,250888,6844,3.81,42.41
2026-07-01 10:06:29,166602.828125,B0DB8AF16E20,mous,male,C57BL/6,1.1.1,FreeFeed,0,Status,294,0,0,2,0,0,,,,,Disabled,25.7,39.5,996.2,14.6,0.108,56.000,253872,344900,250888,6869,3.80,42.00
2026-07-01 10:16:41,167215.625000,B0DB8AF16E20,mous,male,C57BL/6,1.1.1,FreeFeed,0,Status,294,0,0,2,0,0,,,,,Disabled,25.7,39.5,996.2,14.7,0.115,60.000,253872,344900,250888,6894,3.81,41.59
2026-07-01 10:26:54,167828.406250,B0DB8AF16E20,mous,male,C57BL/6,1.1.1,FreeFeed,0,Status,294,0,0,2,0,0,,,,,Disabled,25.7,39.4,996.3,14.6,0.158,92.000,253872,344900,250888,6919,3.80,41.59
2026-07-01 10:37:06,168441.203125,B0DB8AF16E20,mous,male,C57BL/6,1.1.1,FreeFeed,0,Status,294,0,0,2,0,0,,,,,Disabled,25.7,39.5,996.3,14.6,0.173,95.000,253872,344900,250888,6944,3.80,40.82
2026-07-01 10:39:54,168608.812500,B0DB8AF16E20,mous,male,C57BL/6,1.1.1,FreeFeed,0,PelletDrop,295,0,0,2,0,0,,,,,,,,,,,,,,,,,,,,
2026-07-01 10:40:14,168629.359375,B0DB8AF16E20,mous,male,C57BL/6,1.1.1,FreeFeed,0,PelletTaken,295,0,0,2,0,0,TimedOut,542.000,0,1,,,,,,,,,,,,,,,,
2026-07-01 10:40:22,168636.546875,B0DB8AF16E20,mous,male,C57BL/6,1.1.1,FreeFeed,0,PelletDrop,296,0,0,2,0,0,,,,,,,,,,,,,,,,,,,,
2026-07-01 10:40:39,168653.703125,B0DB8AF16E20,mous,male,C57BL/6,1.1.1,FreeFeed,0,PelletTaken,296,0,0,2,0,0,16.582,542.000,0,1,,,,,,,,,,,,,,,,
2026-07-01 10:40:46,168660.890625,B0DB8AF16E20,mous,male,C57BL/6,1.1.1,FreeFeed,0,PelletDrop,297,0,0,2,0,0,,,,,,,,,,,,,,,,,,,,
2026-07-01 10:41:07,168681.437500,B0DB8AF16E20,mous,male,C57BL/6,1.1.1,FreeFeed,0,PelletTaken,297,0,0,2,0,0,TimedOut,542.000,0,1,,,,,,,,,,,,,,,,
2026-07-01 10:42:07,168742.390625,B0DB8AF16E20,mous,male,C57BL/6,1.1.1,FreeFeed,0,PelletDrop,298,0,0,2,0,0,,,,,,,,,,,,,,,,,,,,
2026-07-01 10:42:28,168762.953125,B0DB8AF16E20,mous,male,C57BL/6,1.1.1,FreeFeed,0,PelletTaken,298,0,0,2,0,0,TimedOut,542.000,0,1,,,,,,,,,,,,,,,,
2026-07-01 10:47:28,169063.203125,B0DB8AF16E20,mous,male,C57BL/6,1.1.1,FreeFeed,0,Status,298,0,0,2,0,0,,,,,Disabled,25.7,39.8,996.3,14.6,0.137,81.000,253872,344900,250888,6970,3.80,40.46
2026-07-01 10:57:41,169675.984375,B0DB8AF16E20,mous,male,C57BL/6,1.1.1,FreeFeed,0,Status,298,0,0,2,0,0,,,,,Disabled,25.7,39.8,996.4,14.5,0.166,88.000,253872,344900,250888,6995,3.81,40.11
2026-07-01 11:07:53,170288.796875,B0DB8AF16E20,mous,male,C57BL/6,1.1.1,FreeFeed,0,Status,298,0,0,2,0,0,,,,,Disabled,25.7,39.7,996.4,14.5,0.144,85.000,253872,344900,250888,7020,3.79,39.75
2026-07-01 11:18:06,170901.578125,B0DB8AF16E20,mous,male,C57BL/6,1.1.1,FreeFeed,0,Status,298,0,0,2,0,0,,,,,Disabled,25.6,39.6,996.4,14.5,0.104,52.000,253872,344900,250888,7045,3.79,39.38
2026-07-01 11:28:18,171514.359375,B0DB8AF16E20,mous,male,C57BL/6,1.1.1,FreeFeed,0,Status,298,0,0,2,0,0,,,,,Disabled,25.6,39.6,996.4,14.6,0.086,48.000,253872,344900,250888,7070,3.79,39.02
2026-07-01 11:38:31,172127.156250,B0DB8AF16E20,mous,male,C57BL/6,1.1.1,FreeFeed,0,Status,298,0,0,2,0,0,,,,,Disabled,25.6,39.5,996.4,14.5,0.101,55.000,253872,344900,250888,7095,3.79,38.66
2026-07-01 11:48:44,172739.953125,B0DB8AF16E20,mous,male,C57BL/6,1.1.1,FreeFeed,0,Status,298,0,0,2,0,0,,,,,Disabled,25.6,39.6,996.4,14.5,0.151,86.000,253872,344900,250888,7120,3.79,38.30
2026-07-01 11:57:33,173269.937500,B0DB8AF16E20,mous,male,C57BL/6,1.1.1,FreeFeed,0,PelletDrop,299,0,0,2,0,0,,,,,,,,,,,,,,,,,,,,
2026-07-01 11:57:52,173288.609375,B0DB8AF16E20,mous,male,C57BL/6,1.1.1,FreeFeed,0,PelletTaken,299,0,0,2,0,0,18.089,542.000,0,1,,,,,,,,,,,,,,,,
2026-07-01 11:57:59,173295.781250,B0DB8AF16E20,mous,male,C57BL/6,1.1.1,FreeFeed,0,PelletDrop,300,0,0,2,0,0,,,,,,,,,,,,,,,,,,,,
2026-07-01 11:58:13,173309.500000,B0DB8AF16E20,mous,male,C57BL/6,1.1.1,FreeFeed,0,PelletTaken,300,0,0,2,0,0,13.150,542.000,0,1,,,,,,,,,,,,,,,,
2026-07-01 11:58:20,173316.687500,B0DB8AF16E20,mous,male,C57BL/6,1.1.1,FreeFeed,0,PelletDrop,301,0,0,2,0,0,,,,,,,,,,,,,,,,,,,,
2026-07-01 11:58:34,173330.984375,B0DB8AF16E20,mous,male,C57BL/6,1.1.1,FreeFeed,0,PelletTaken,301,0,0,2,0,0,13.733,542.000,0,1,,,,,,,,,,,,,,,,
2026-07-01 11:58:42,173338.171875,B0DB8AF16E20,mous,male,C57BL/6,1.1.1,FreeFeed,0,PelletDrop,302,0,0,2,0,0,,,,,,,,,,,,,,,,,,,,
2026-07-01 11:59:02,173358.718750,B0DB8AF16E20,mous,male,C57BL/6,1.1.1,FreeFeed,0,PelletTaken,302,0,0,2,0,0,TimedOut,542.000,0,1,,,,,,,,,,,,,,,,
2026-07-01 11:59:10,173366.421875,B0DB8AF16E20,mous,male,C57BL/6,1.1.1,FreeFeed,0,Status,302,0,0,2,0,0,,,,,Disabled,25.6,39.7,996.4,14.4,0.144,82.000,253872,344900,250888,7146,3.79,37.94
2026-07-01 12:09:22,173979.218750,B0DB8AF16E20,mous,male,C57BL/6,1.1.1,FreeFeed,0,Status,302,0,0,2,0,0,,,,,Disabled,25.6,39.6,996.4,14.5,0.184,98.000,253872,344900,250888,7171,3.79,37.22
2026-07-01 12:19:35,174592.000000,B0DB8AF16E20,mous,male,C57BL/6,1.1.1,FreeFeed,0,Status,302,0,0,2,0,0,,,,,Disabled,25.6,39.5,996.3,14.5,0.180,96.000,253872,344900,250888,7196,3.79,36.86
2026-07-01 12:29:48,175204.812500,B0DB8AF16E20,mous,male,C57BL/6,1.1.1,FreeFeed,0,Status,302,0,0,2,0,0,,,,,Disabled,25.6,39.4,996.3,14.5,0.166,95.000,253872,344900,250888,7221,3.79,36.50
2026-07-01 12:40:00,175817.593750,B0DB8AF16E20,mous,male,C57BL/6,1.1.1,FreeFeed,0,Status,302,0,0,2,0,0,,,,,Disabled,25.6,39.4,996.2,14.6,0.173,94.000,253872,344900,250888,7246,3.78,36.14
2026-07-01 12:50:13,176430.375000,B0DB8AF16E20,mous,male,C57BL/6,1.1.1,FreeFeed,0,Status,302,0,0,2,0,0,,,,,Disabled,25.6,39.5,996.2,14.5,0.173,96.000,253872,344900,250888,7271,3.78,35.78
2026-07-01 13:00:25,177043.171875,B0DB8AF16E20,mous,male,C57BL/6,1.1.1,FreeFeed,0,Status,302,0,0,2,0,0,,,,,Disabled,25.6,39.6,996.2,14.6,0.169,95.000,253872,344900,250888,7296,3.78,35.42
2026-07-01 13:10:38,177655.968750,B0DB8AF16E20,mous,male,C57BL/6,1.1.1,FreeFeed,0,Status,302,0,0,2,0,0,,,,,Disabled,25.6,39.7,996.2,14.6,0.112,68.000,253872,344900,250888,7321,3.78,35.06
2026-07-01 13:20:50,178268.765625,B0DB8AF16E20,mous,male,C57BL/6,1.1.1,FreeFeed,0,Status,302,0,0,2,0,0,,,,,Disabled,25.6,39.8,996.1,14.6,0.115,58.000,253872,344900,250888,7346,3.79,34.70
2026-07-01 13:25:33,178551.468750,B0DB8AF16E20,mous,male,C57BL/6,1.1.1,FreeFeed,0,PelletDrop,303,0,0,2,0,0,,,,,,,,,,,,,,,,,,,,
2026-07-01 13:25:54,178572.015625,B0DB8AF16E20,mous,male,C57BL/6,1.1.1,FreeFeed,0,PelletTaken,303,0,0,2,0,0,TimedOut,542.000,0,1,,,,,,,,,,,,,,,,
2026-07-01 13:26:01,178579.203125,B0DB8AF16E20,mous,male,C57BL/6,1.1.1,FreeFeed,0,PelletDrop,304,0,0,2,0,0,,,,,,,,,,,,,,,,,,,,
2026-07-01 13:26:11,178589.578125,B0DB8AF16E20,mous,male,C57BL/6,1.1.1,FreeFeed,0,PelletTaken,304,0,0,2,0,0,9.806,542.000,0,1,,,,,,,,,,,,,,,,
2026-07-01 13:26:18,178596.765625,B0DB8AF16E20,mous,male,C57BL/6,1.1.1,FreeFeed,0,PelletDrop,305,0,0,2,0,0,,,,,,,,,,,,,,,,,,,,
2026-07-01 13:26:30,178608.250000,B0DB8AF16E20,mous,male,C57BL/6,1.1.1,FreeFeed,0,PelletTaken,305,0,0,2,0,0,10.928,542.000,0,1,,,,,,,,,,,,,,,,
2026-07-01 13:26:37,178615.453125,B0DB8AF16E20,mous,male,C57BL/6,1.1.1,FreeFeed,0,PelletDrop,306,0,0,2,0,0,,,,,,,,,,,,,,,,,,,,
2026-07-01 13:26:47,178625.281250,B0DB8AF16E20,mous,male,C57BL/6,1.1.1,FreeFeed,0,PelletTaken,306,0,0,2,0,0,9.266,542.000,0,1,,,,,,,,,,,,,,,,
2026-07-01 13:26:54,178632.468750,B0DB8AF16E20,mous,male,C57BL/6,1.1.1,FreeFeed,0,PelletDrop,307,0,0,2,0,0,,,,,,,,,,,,,,,,,,,,
2026-07-01 13:27:15,178653.015625,B0DB8AF16E20,mous,male,C57BL/6,1.1.1,FreeFeed,0,PelletTaken,307,0,0,2,0,0,TimedOut,542.000,0,1,,,,,,,,,,,,,,,,
2026-07-01 13:31:02,178880.125000,B0DB8AF16E20,mous,male,C57BL/6,1.1.1,FreeFeed,0,Status,307,0,0,2,0,0,,,,,Disabled,25.6,39.7,996.1,14.6,0.184,84.000,253872,344900,250888,7372,3.77,34.27
2026-07-01 13:41:14,179492.906250,B0DB8AF16E20,mous,male,C57BL/6,1.1.1,FreeFeed,0,Status,307,0,0,2,0,0,,,,,Disabled,25.6,40.1,996.0,14.6,0.122,63.000,253872,344900,250888,7397,3.77,33.84
2026-07-01 13:51:27,180105.718750,B0DB8AF16E20,mous,male,C57BL/6,1.1.1,FreeFeed,0,Status,307,0,0,2,0,0,,,,,Disabled,25.5,40.6,996.0,14.5,0.022,30.000,253872,344900,250888,7422,3.77,33.41
2026-07-01 14:01:39,180718.515625,B0DB8AF16E20,mous,male,C57BL/6,1.1.1,FreeFeed,0,Status,307,0,0,2,0,0,,,,,Disabled,25.5,40.9,995.9,14.5,0.202,111.000,253872,344900,250888,7447,3.77,32.98
2026-07-01 14:11:52,181331.296875,B0DB8AF16E20,mous,male,C57BL/6,1.1.1,FreeFeed,0,Status,307,0,0,2,0,0,,,,,Disabled,25.5,40.5,995.8,14.5,0.187,104.000,253872,344900,250888,7472,3.77,32.55
2026-07-01 14:22:04,181944.078125,B0DB8AF16E20,mous,male,C57BL/6,1.1.1,FreeFeed,0,Status,307,0,0,2,0,0,,,,,Disabled,25.5,40.3,995.7,14.5,0.191,102.000,253872,344900,250888,7497,3.77,31.69
2026-07-01 14:32:17,182556.890625,B0DB8AF16E20,mous,male,C57BL/6,1.1.1,FreeFeed,0,Status,307,0,0,2,0,0,,,,,Disabled,25.5,40.2,995.7,14.5,0.169,90.000,253872,344900,250888,7522,3.76,31.26
2026-07-01 14:42:30,183169.671875,B0DB8AF16E20,mous,male,C57BL/6,1.1.1,FreeFeed,0,Status,307,0,0,2,0,0,,,,,Disabled,25.6,40.1,995.6,14.5,0.191,102.000,253872,344900,250888,7547,3.77,30.83
2026-07-01 14:47:56,183495.828125,B0DB8AF16E20,mous,male,C57BL/6,1.1.1,FreeFeed,0,PelletDrop,308,0,0,2,0,0,,,,,,,,,,,,,,,,,,,,
2026-07-01 14:48:15,183515.609375,B0DB8AF16E20,mous,male,C57BL/6,1.1.1,FreeFeed,0,PelletTaken,308,0,0,2,0,0,19.221,542.000,0,1,,,,,,,,,,,,,,,,
2026-07-01 14:48:23,183522.796875,B0DB8AF16E20,mous,male,C57BL/6,1.1.1,FreeFeed,0,PelletDrop,309,0,0,2,0,0,,,,,,,,,,,,,,,,,,,,
2026-07-01 14:48:35,183535.109375,B0DB8AF16E20,mous,male,C57BL/6,1.1.1,FreeFeed,0,PelletTaken,309,0,0,2,0,0,11.765,542.000,0,1,,,,,,,,,,,,,,,,
2026-07-01 14:48:42,183542.312500,B0DB8AF16E20,mous,male,C57BL/6,1.1.1,FreeFeed,0,PelletDrop,310,0,0,2,0,0,,,,,,,,,,,,,,,,,,,,
2026-07-01 14:48:56,183556.468750,B0DB8AF16E20,mous,male,C57BL/6,1.1.1,FreeFeed,0,PelletTaken,310,0,0,2,0,0,13.600,542.000,0,1,,,,,,,,,,,,,,,,
2026-07-01 14:49:03,183563.656250,B0DB8AF16E20,mous,male,C57BL/6,1.1.1,FreeFeed,0,PelletDrop,311,0,0,2,0,0,,,,,,,,,,,,,,,,,,,,
2026-07-01 14:49:24,183584.203125,B0DB8AF16E20,mous,male,C57BL/6,1.1.1,FreeFeed,0,PelletTaken,311,0,0,2,0,0,TimedOut,542.000,0,1,,,,,,,,,,,,,,,,
2026-07-01 14:49:31,183591.406250,B0DB8AF16E20,mous,male,C57BL/6,1.1.1,FreeFeed,0,PelletDrop,312,0,0,2,0,0,,,,,,,,,,,,,,,,,,,,
2026-07-01 14:49:49,183608.921875,B0DB8AF16E20,mous,male,C57BL/6,1.1.1,FreeFeed,0,PelletTaken,312,0,0,2,0,0,16.955,542.000,0,1,,,,,,,,,,,,,,,,
2026-07-01 14:49:56,183616.109375,B0DB8AF16E20,mous,male,C57BL/6,1.1.1,FreeFeed,0,PelletDrop,313,0,0,2,0,0,,,,,,,,,,,,,,,,,,,,
2026-07-01 14:50:14,183634.078125,B0DB8AF16E20,mous,male,C57BL/6,1.1.1,FreeFeed,0,PelletTaken,313,0,0,2,0,0,17.418,542.000,0,1,,,,,,,,,,,,,,,,
2026-07-01 14:50:21,183641.281250,B0DB8AF16E20,mous,male,C57BL/6,1.1.1,FreeFeed,0,PelletDrop,314,0,0,2,0,0,,,,,,,,,,,,,,,,,,,,
2026-07-01 14:50:42,183661.828125,B0DB8AF16E20,mous,male,C57BL/6,1.1.1,FreeFeed,0,PelletTaken,314,0,0,2,0,0,TimedOut,542.000,0,1,,,,,,,,,,,,,,,,
2026-07-01 14:52:51,183791.406250,B0DB8AF16E20,mous,male,C57BL/6,1.1.1,FreeFeed,0,Status,314,0,0,2,0,0,,,,,Disabled,25.6,40.1,995.5,14.5,0.133,76.000,253872,344900,250888,7573,3.76,30.40
2026-07-01 15:03:04,184404.218750,B0DB8AF16E20,mous,male,C57BL/6,1.1.1,FreeFeed,0,Status,314,0,0,2,0,0,,,,,Disabled,25.6,39.9,995.5,14.4,0.202,106.000,253872,344900,250888,7598,3.76,29.97
2026-07-01 15:13:16,185017.015625,B0DB8AF16E20,mous,male,C57BL/6,1.1.1,FreeFeed,0,Status,314,0,0,2,0,0,,,,,Disabled,25.6,39.8,995.4,14.5,0.169,90.000,253872,344900,250888,7623,3.76,29.54
2026-07-01 15:23:29,185629.796875,B0DB8AF16E20,mous,male,C57BL/6,1.1.1,FreeFeed,0,Status,314,0,0,2,0,0,,,,,Disabled,25.6,39.7,995.4,14.5,0.144,84.000,253872,344900,250888,7648,3.77,28.68
2026-07-01 15:33:41,186242.609375,B0DB8AF16E20,mous,male,C57BL/6,1.1.1,FreeFeed,0,Status,314,0,0,2,0,0,,,,,Disabled,25.6,39.6,995.3,14.5,0.144,72.000,253872,344900,250888,7673,3.76,28.25
2026-07-01 15:43:54,186855.390625,B0DB8AF16E20,mous,male,C57BL/6,1.1.1,FreeFeed,0,Status,314,0,0,2,0,0,,,,,Disabled,25.6,39.6,995.3,14.5,0.144,72.000,253872,344900,250888,7698,3.76,27.82
2026-07-01 15:54:07,187468.171875,B0DB8AF16E20,mous,male,C57BL/6,1.1.1,FreeFeed,0,Status,314,0,0,2,0,0,,,,,Disabled,25.6,39.6,995.3,14.5,0.108,54.000,253872,344900,250888,7723,3.75,27.39
2026-07-01 16:03:01,188002.281250,B0DB8AF16E20,mous,male,C57BL/6,1.1.1,FreeFeed,0,PelletDrop,315,0,0,2,0,0,,,,,,,,,,,,,,,,,,,,
2026-07-01 16:03:21,188022.828125,B0DB8AF16E20,mous,male,C57BL/6,1.1.1,FreeFeed,0,PelletTaken,315,0,0,2,0,0,TimedOut,542.000,0,1,,,,,,,,,,,,,,,,
2026-07-01 16:03:38,188039.437500,B0DB8AF16E20,mous,male,C57BL/6,1.1.1,FreeFeed,0,PelletDrop,316,0,0,2,0,0,,,,,,,,,,,,,,,,,,,,
2026-07-01 16:03:58,188059.906250,B0DB8AF16E20,mous,male,C57BL/6,1.1.1,FreeFeed,0,PelletTaken,316,0,0,2,0,0,TimedOut,542.000,0,1,,,,,,,,,,,,,,,,
2026-07-01 16:04:08,188069.312500,B0DB8AF16E20,mous,male,C57BL/6,1.1.1,FreeFeed,0,PelletDrop,317,0,0,2,0,0,,,,,,,,,,,,,,,,,,,,
2026-07-01 16:04:21,188082.421875,B0DB8AF16E20,mous,male,C57BL/6,1.1.1,FreeFeed,0,PelletTaken,317,0,0,2,0,0,12.556,542.000,0,2,,,,,,,,,,,,,,,,
2026-07-01 16:04:28,188090.125000,B0DB8AF16E20,mous,male,C57BL/6,1.1.1,FreeFeed,0,Status,317,0,0,2,0,0,,,,,Disabled,25.7,39.6,995.2,14.5,0.029,22.000,253872,344900,250888,7749,3.74,26.54
2026-07-01 16:04:31,188092.953125,B0DB8AF16E20,mous,male,C57BL/6,1.1.1,FreeFeed,0,PelletDrop,318,0,0,2,0,0,,,,,,,,,,,,,,,,,,,,
2026-07-01 16:04:42,188103.406250,B0DB8AF16E20,mous,male,C57BL/6,1.1.1,FreeFeed,0,PelletTaken,318,0,0,2,0,0,9.905,542.000,0,1,,,,,,,,,,,,,,,,
2026-07-01 16:04:49,188110.593750,B0DB8AF16E20,mous,male,C57BL/6,1.1.1,FreeFeed,0,PelletDrop,319,0,0,2,0,0,,,,,,,,,,,,,,,,,,,,
2026-07-01 16:05:09,188131.156250,B0DB8AF16E20,mous,male,C57BL/6,1.1.1,FreeFeed,0,PelletTaken,319,0,0,2,0,0,TimedOut,542.000,0,1,,,,,,,,,,,,,,,,
2026-07-01 16:05:26,188147.390625,B0DB8AF16E20,mous,male,C57BL/6,1.1.1,FreeFeed,0,PelletDrop,320,0,0,2,0,0,,,,,,,,,,,,,,,,,,,,
2026-07-01 16:05:46,188167.937500,B0DB8AF16E20,mous,male,C57BL/6,1.1.1,FreeFeed,0,PelletTaken,320,0,0,2,0,0,TimedOut,542.000,0,1,,,,,,,,,,,,,,,,
2026-07-01 16:14:50,188711.953125,B0DB8AF16E20,mous,male,C57BL/6,1.1.1,FreeFeed,0,Status,320,0,0,2,0,0,,,,,Disabled,25.7,40.0,995.1,14.4,0.036,26.000,253872,344900,250888,7775,3.75,26.11
2026-07-01 16:25:03,189324.765625,B0DB8AF16E20,mous,male,C57BL/6,1.1.1,FreeFeed,0,Status,320,0,0,2,0,0,,,,,Disabled,25.7,40.1,995.1,14.4,0.230,125.000,253872,344900,250888,7800,3.75,25.68
2026-07-01 16:35:15,189937.562500,B0DB8AF16E20,mous,male,C57BL/6,1.1.1,FreeFeed,0,Status,320,0,0,2,0,0,,,,,Disabled,25.7,40.1,995.0,14.4,0.176,96.000,253872,344900,250888,7825,3.74,25.25
2026-07-01 16:45:28,190550.343750,B0DB8AF16E20,mous,male,C57BL/6,1.1.1,FreeFeed,0,Status,320,0,0,2,0,0,,,,,Disabled,25.7,40.0,994.9,14.4,0.180,98.000,253872,344900,250888,7850,3.75,24.39
2026-07-01 16:55:40,191163.140625,B0DB8AF16E20,mous,male,C57BL/6,1.1.1,FreeFeed,0,Status,320,0,0,2,0,0,,,,,Disabled,25.7,40.0,994.8,14.4,0.180,100.000,253872,344900,250888,7875,3.74,23.96
2026-07-01 17:05:53,191775.937500,B0DB8AF16E20,mous,male,C57BL/6,1.1.1,FreeFeed,0,Status,320,0,0,2,0,0,,,,,Disabled,25.7,39.9,994.8,14.4,0.184,98.000,253872,344900,250888,7900,3.73,23.53
2026-07-01 17:12:57,192200.109375,B0DB8AF16E20,mous,male,C57BL/6,1.1.1,FreeFeed,0,PelletDrop,321,0,0,2,0,0,,,,,,,,,,,,,,,,,,,,
2026-07-01 17:13:12,192214.937500,B0DB8AF16E20,mous,male,C57BL/6,1.1.1,FreeFeed,0,PelletTaken,321,0,0,2,0,0,14.271,542.000,0,1,,,,,,,,,,,,,,,,
2026-07-01 17:13:19,192222.125000,B0DB8AF16E20,mous,male,C57BL/6,1.1.1,FreeFeed,0,PelletDrop,322,0,0,2,0,0,,,,,,,,,,,,,,,,,,,,
2026-07-01 17:13:32,192234.765625,B0DB8AF16E20,mous,male,C57BL/6,1.1.1,FreeFeed,0,PelletTaken,322,0,0,2,0,0,12.083,542.000,0,1,,,,,,,,,,,,,,,,
2026-07-01 17:13:39,192241.968750,B0DB8AF16E20,mous,male,C57BL/6,1.1.1,FreeFeed,0,PelletDrop,323,0,0,2,0,0,,,,,,,,,,,,,,,,,,,,
2026-07-01 17:13:54,192257.234375,B0DB8AF16E20,mous,male,C57BL/6,1.1.1,FreeFeed,0,PelletTaken,323,0,0,2,0,0,14.711,542.000,0,1,,,,,,,,,,,,,,,,
2026-07-01 17:14:01,192264.421875,B0DB8AF16E20,mous,male,C57BL/6,1.1.1,FreeFeed,0,PelletDrop,324,0,0,2,0,0,,,,,,,,,,,,,,,,,,,,
2026-07-01 17:14:15,192277.859375,B0DB8AF16E20,mous,male,C57BL/6,1.1.1,FreeFeed,0,PelletTaken,324,0,0,2,0,0,12.886,542.000,0,1,,,,,,,,,,,,,,,,
2026-07-01 17:14:22,192285.062500,B0DB8AF16E20,mous,male,C57BL/6,1.1.1,FreeFeed,0,PelletDrop,325,0,0,2,0,0,,,,,,,,,,,,,,,,,,,,
2026-07-01 17:14:35,192297.921875,B0DB8AF16E20,mous,male,C57BL/6,1.1.1,FreeFeed,0,PelletTaken,325,0,0,2,0,0,12.302,542.000,0,1,,,,,,,,,,,,,,,,
2026-07-01 17:14:42,192305.109375,B0DB8AF16E20,mous,male,C57BL/6,1.1.1,FreeFeed,0,PelletDrop,326,0,0,2,0,0,,,,,,,,,,,,,,,,,,,,
2026-07-01 17:14:56,192319.671875,B0DB8AF16E20,mous,male,C57BL/6,1.1.1,FreeFeed,0,PelletTaken,326,0,0,2,0,0,14.019,542.000,0,1,,,,,,,,,,,,,,,,
2026-07-01 17:15:04,192326.890625,B0DB8AF16E20,mous,male,C57BL/6,1.1.1,FreeFeed,0,PelletDrop,327,0,0,2,0,0,,,,,,,,,,,,,,,,,,,,
2026-07-01 17:15:17,192340.156250,B0DB8AF16E20,mous,male,C57BL/6,1.1.1,FreeFeed,0,PelletTaken,327,0,0,2,0,0,12.709,542.000,0,1,,,,,,,,,,,,,,,,
2026-07-01 17:15:24,192347.343750,B0DB8AF16E20,mous,male,C57BL/6,1.1.1,FreeFeed,0,PelletDrop,328,0,0,2,0,0,,,,,,,,,,,,,,,,,,,,
2026-07-01 17:15:45,192367.906250,B0DB8AF16E20,mous,male,C57BL/6,1.1.1,FreeFeed,0,PelletTaken,328,0,0,2,0,0,TimedOut,542.000,0,1,,,,,,,,,,,,,,,,
2026-07-01 17:16:17,192399.968750,B0DB8AF16E20,mous,male,C57BL/6,1.1.1,FreeFeed,0,Status,328,0,0,2,0,0,,,,,Disabled,25.7,40.2,994.7,14.4,0.050,44.000,253872,344900,250888,7927,3.74,22.67
2026-07-01 17:26:29,193012.765625,B0DB8AF16E20,mous,male,C57BL/6,1.1.1,FreeFeed,0,Status,328,0,0,2,0,0,,,,,Disabled,25.7,40.1,994.7,14.4,0.022,28.000,253872,344900,250888,7952,3.75,22.24
2026-07-01 17:33:02,193405.640625,B0DB8AF16E20,mous,male,C57BL/6,1.1.1,FreeFeed,0,PelletDrop,329,0,0,2,0,0,,,,,,,,,,,,,,,,,,,,
2026-07-01 17:33:23,193426.187500,B0DB8AF16E20,mous,male,C57BL/6,1.1.1,FreeFeed,0,PelletTaken,329,0,0,2,0,0,TimedOut,542.000,0,1,,,,,,,,,,,,,,,,
2026-07-01 17:33:30,193433.375000,B0DB8AF16E20,mous,male,C57BL/6,1.1.1,FreeFeed,0,PelletDrop,330,0,0,2,0,0,,,,,,,,,,,,,,,,,,,,
2026-07-01 17:33:47,193451.062500,B0DB8AF16E20,mous,male,C57BL/6,1.1.1,FreeFeed,0,PelletTaken,330,0,0,2,0,0,17.132,542.000,0,1,,,,,,,,,,,,,,,,
2026-07-01 17:33:55,193458.265625,B0DB8AF16E20,mous,male,C57BL/6,1.1.1,FreeFeed,0,PelletDrop,331,0,0,2,0,0,,,,,,,,,,,,,,,,,,,,
2026-07-01 17:34:09,193472.406250,B0DB8AF16E20,mous,male,C57BL/6,1.1.1,FreeFeed,0,PelletTaken,331,0,0,2,0,0,13.590,542.000,0,1,,,,,,,,,,,,,,,,
2026-07-01 17:34:16,193479.593750,B0DB8AF16E20,mous,male,C57BL/6,1.1.1,FreeFeed,0,PelletDrop,332,0,0,2,0,0,,,,,,,,,,,,,,,,,,,,
2026-07-01 17:34:28,193492.000000,B0DB8AF16E20,mous,male,C57BL/6,1.1.1,FreeFeed,0,PelletTaken,332,0,0,2,0,0,11.852,542.000,0,1,,,,,,,,,,,,,,,,
2026-07-01 17:34:36,193499.203125,B0DB8AF16E20,mous,male,C57BL/6,1.1.1,FreeFeed,0,PelletDrop,333,0,0,2,0,0,,,,,,,,,,,,,,,,,,,,
2026-07-01 17:34:46,193509.375000,B0DB8AF16E20,mous,male,C57BL/6,1.1.1,FreeFeed,0,PelletTaken,333,0,0,2,0,0,9.619,542.000,0,1,,,,,,,,,,,,,,,,
2026-07-01 17:34:53,193516.562500,B0DB8AF16E20,mous,male,C57BL/6,1.1.1,FreeFeed,0,PelletDrop,334,0,0,2,0,0,,,,,,,,,,,,,,,,,,,,
2026-07-01 17:35:13,193537.109375,B0DB8AF16E20,mous,male,C57BL/6,1.1.1,FreeFeed,0,PelletTaken,334,0,0,2,0,0,TimedOut,542.000,0,1,,,,,,,,,,,,,,,,
2026-07-01 17:36:34,193617.953125,B0DB8AF16E20,mous,male,C57BL/6,1.1.1,FreeFeed,0,Status,334,0,0,2,0,0,,,,,Disabled,25.7,39.9,994.6,14.4,0.047,38.000,253872,344900,250888,7977,3.73,21.81
2026-07-01 17:46:47,194230.765625,B0DB8AF16E20,mous,male,C57BL/6,1.1.1,FreeFeed,0,Status,334,0,0,2,0,0,,,,,Disabled,25.7,39.9,994.6,14.4,0.151,86.000,253872,344900,250888,8002,3.73,20.95
2026-07-01 17:56:59,194843.546875,B0DB8AF16E20,mous,male,C57BL/6,1.1.1,FreeFeed,0,Status,334,0,0,2,0,0,,,,,Disabled,25.6,39.8,994.5,14.5,0.000,0.000,253872,344900,250888,8027,3.73,20.52
2026-07-01 18:00:07,195031.703125,B0DB8AF16E20,mous,male,C57BL/6,1.1.1,FreeFeed,0,PelletDrop,335,0,0,2,0,0,,,,,,,,,,,,,,,,,,,,
2026-07-01 18:00:24,195048.578125,B0DB8AF16E20,mous,male,C57BL/6,1.1.1,FreeFeed,0,PelletTaken,335,0,0,2,0,0,16.307,542.000,0,1,,,,,,,,,,,,,,,,
2026-07-01 18:00:32,195055.750000,B0DB8AF16E20,mous,male,C57BL/6,1.1.1,FreeFeed,0,PelletDrop,336,0,0,2,0,0,,,,,,,,,,,,,,,,,,,,
2026-07-01 18:00:49,195073.500000,B0DB8AF16E20,mous,male,C57BL/6,1.1.1,FreeFeed,0,PelletTaken,336,0,0,2,0,0,17.164,542.000,0,1,,,,,,,,,,,,,,,,
2026-07-01 18:00:56,195080.671875,B0DB8AF16E20,mous,male,C57BL/6,1.1.1,FreeFeed,0,PelletDrop,337,0,0,2,0,0,,,,,,,,,,,,,,,,,,,,
2026-07-01 18:01:11,195095.687500,B0DB8AF16E20,mous,male,C57BL/6,1.1.1,FreeFeed,0,PelletTaken,337,0,0,2,0,0,14.448,542.000,0,1,,,,,,,,,,,,,,,,
2026-07-01 18:01:19,195102.875000,B0DB8AF16E20,mous,male,C57BL/6,1.1.1,FreeFeed,0,PelletDrop,338,0,0,2,0,0,,,,,,,,,,,,,,,,,,,,
2026-07-01 18:01:39,195123.437500,B0DB8AF16E20,mous,male,C57BL/6,1.1.1,FreeFeed,0,PelletTaken,338,0,0,2,0,0,TimedOut,542.000,0,1,,,,,,,,,,,,,,,,
2026-07-01 18:07:04,195448.062500,B0DB8AF16E20,mous,male,C57BL/6,1.1.1,FreeFeed,0,Status,338,0,0,2,0,0,,,,,Disabled,25.6,39.8,994.5,14.5,0.000,0.000,253872,344900,250888,8052,3.74,19.57
2026-07-01 18:17:16,196060.843750,B0DB8AF16E20,mous,male,C57BL/6,1.1.1,FreeFeed,0,Status,338,0,0,2,0,0,,,,,Disabled,25.6,39.8,994.4,14.5,0.000,0.000,253872,344900,250888,8077,3.73,19.05
2026-07-01 18:25:14,196538.718750,B0DB8AF16E20,mous,male,C57BL/6,1.1.1,FreeFeed,0,PelletDrop,339,0,0,2,0,0,,,,,,,,,,,,,,,,,,,,
2026-07-01 18:25:26,196550.671875,B0DB8AF16E20,mous,male,C57BL/6,1.1.1,FreeFeed,0,PelletTaken,339,0,0,2,0,0,11.401,542.000,0,1,,,,,,,,,,,,,,,,
2026-07-01 18:25:33,196557.859375,B0DB8AF16E20,mous,male,C57BL/6,1.1.1,FreeFeed,0,PelletDrop,340,0,0,2,0,0,,,,,,,,,,,,,,,,,,,,
2026-07-01 18:25:41,196565.828125,B0DB8AF16E20,mous,male,C57BL/6,1.1.1,FreeFeed,0,PelletTaken,340,0,0,2,0,0,7.408,542.000,0,1,,,,,,,,,,,,,,,,
2026-07-01 18:25:48,196573.031250,B0DB8AF16E20,mous,male,C57BL/6,1.1.1,FreeFeed,0,PelletDrop,341,0,0,2,0,0,,,,,,,,,,,,,,,,,,,,
2026-07-01 18:25:55,196579.328125,B0DB8AF16E20,mous,male,C57BL/6,1.1.1,FreeFeed,0,PelletTaken,341,0,0,2,0,0,5.736,542.000,0,1,,,,,,,,,,,,,,,,
2026-07-01 18:26:02,196586.515625,B0DB8AF16E20,mous,male,C57BL/6,1.1.1,FreeFeed,0,PelletDrop,342,0,0,2,0,0,,,,,,,,,,,,,,,,,,,,
2026-07-01 18:26:22,196607.078125,B0DB8AF16E20,mous,male,C57BL/6,1.1.1,FreeFeed,0,PelletTaken,342,0,0,2,0,0,TimedOut,542.000,0,1,,,,,,,,,,,,,,,,
2026-07-01 18:27:19,196663.531250,B0DB8AF16E20,mous,male,C57BL/6,1.1.1,FreeFeed,0,Status,342,0,0,2,0,0,,,,,Disabled,25.6,40.1,994.3,14.5,0.000,0.000,253872,344900,250888,8103,3.72,18.54
2026-07-01 18:37:31,197276.312500,B0DB8AF16E20,mous,male,C57BL/6,1.1.1,FreeFeed,0,Status,342,0,0,2,0,0,,,,,Disabled,25.5,40.1,994.3,14.5,0.000,0.000,253872,344900,250888,8128,3.72,18.02
2026-07-01 18:47:44,197889.109375,B0DB8AF16E20,mous,male,C57BL/6,1.1.1,FreeFeed,0,Status,342,0,0,2,0,0,,,,,Disabled,25.5,40.2,994.3,14.6,0.000,0.000,253872,344900,250888,8153,3.73,17.50
2026-07-01 18:57:31,198476.671875,B0DB8AF16E20,mous,male,C57BL/6,1.1.1,FreeFeed,0,PelletDrop,343,0,0,2,0,0,,,,,,,,,,,,,,,,,,,,
2026-07-01 18:57:39,198484.109375,B0DB8AF16E20,mous,male,C57BL/6,1.1.1,FreeFeed,0,PelletTaken,343,0,0,2,0,0,6.880,542.000,0,1,,,,,,,,,,,,,,,,
2026-07-01 18:57:46,198491.796875,B0DB8AF16E20,mous,male,C57BL/6,1.1.1,FreeFeed,0,Status,343,0,0,2,0,0,,,,,Disabled,25.5,40.4,994.3,14.6,0.000,0.000,253872,344900,250888,8178,3.73,16.98
2026-07-01 18:57:49,198494.640625,B0DB8AF16E20,mous,male,C57BL/6,1.1.1,FreeFeed,0,PelletDrop,344,0,0,2,0,0,,,,,,,,,,,,,,,,,,,,
2026-07-01 18:57:52,198497.359375,B0DB8AF16E20,mous,male,C57BL/6,1.1.1,FreeFeed,0,PelletTaken,344,0,0,2,0,0,2.161,542.000,0,1,,,,,,,,,,,,,,,,
2026-07-01 18:57:59,198504.546875,B0DB8AF16E20,mous,male,C57BL/6,1.1.1,FreeFeed,0,PelletDrop,345,0,0,2,0,0,,,,,,,,,,,,,,,,,,,,
2026-07-01 18:58:06,198511.265625,B0DB8AF16E20,mous,male,C57BL/6,1.1.1,FreeFeed,0,PelletTaken,345,0,0,2,0,0,6.143,542.000,0,1,,,,,,,,,,,,,,,,
2026-07-01 18:58:13,198518.437500,B0DB8AF16E20,mous,male,C57BL/6,1.1.1,FreeFeed,0,PelletDrop,346,0,0,2,0,0,,,,,,,,,,,,,,,,,,,,
2026-07-01 18:58:33,198538.984375,B0DB8AF16E20,mous,male,C57BL/6,1.1.1,FreeFeed,0,PelletTaken,346,0,0,2,0,0,TimedOut,542.000,0,1,,,,,,,,,,,,,,,,
2026-07-01 19:08:02,199107.406250,B0DB8AF16E20,mous,male,C57BL/6,1.1.1,FreeFeed,0,Status,346,0,0,2,0,0,,,,,Disabled,25.5,40.8,994.3,14.5,0.000,0.000,253872,344900,250888,8204,3.71,16.47
2026-07-01 19:14:12,199478.156250,B0DB8AF16E20,mous,male,C57BL/6,1.1.1,FreeFeed,0,LeftWithPellet,346,1,0,2,0,0,,,,,,,,,,,,,,,,,,,,
2026-07-01 19:14:25,199490.921875,B0DB8AF16E20,mous,male,C57BL/6,1.1.1,FreeFeed,0,PelletDrop,347,1,0,2,0,0,,,,,,,,,,,,,,,,,,,,
2026-07-01 19:14:34,199499.781250,B0DB8AF16E20,mous,male,C57BL/6,1.1.1,FreeFeed,0,PelletTaken,347,1,0,2,0,0,8.299,3.000,0,1,,,,,,,,,,,,,,,,
2026-07-01 19:14:41,199507.000000,B0DB8AF16E20,mous,male,C57BL/6,1.1.1,FreeFeed,0,PelletDrop,348,1,0,2,0,0,,,,,,,,,,,,,,,,,,,,
2026-07-01 19:14:47,199512.609375,B0DB8AF16E20,mous,male,C57BL/6,1.1.1,FreeFeed,0,PelletTaken,348,1,0,2,0,0,5.064,3.000,0,1,,,,,,,,,,,,,,,,
2026-07-01 19:14:54,199519.796875,B0DB8AF16E20,mous,male,C57BL/6,1.1.1,FreeFeed,0,PelletDrop,349,1,0,2,0,0,,,,,,,,,,,,,,,,,,,,
2026-07-01 19:14:58,199524.312500,B0DB8AF16E20,mous,male,C57BL/6,1.1.1,FreeFeed,0,PelletTaken,349,1,0,2,0,0,3.954,3.000,0,1,,,,,,,,,,,,,,,,
2026-07-01 19:15:06,199531.515625,B0DB8AF16E20,mous,male,C57BL/6,1.1.1,FreeFeed,0,PelletDrop,350,1,0,2,0,0,,,,,,,,,,,,,,,,,,,,
2026-07-01 19:15:11,199537.078125,B0DB8AF16E20,mous,male,C57BL/6,1.1.1,FreeFeed,0,PelletTaken,350,1,0,2,0,0,5.009,3.000,0,1,,,,,,,,,,,,,,,,
2026-07-01 19:15:18,199544.265625,B0DB8AF16E20,mous,male,C57BL/6,1.1.1,FreeFeed,0,PelletDrop,351,1,0,2,0,0,,,,,,,,,,,,,,,,,,,,
2026-07-01 19:15:25,199551.281250,B0DB8AF16E20,mous,male,C57BL/6,1.1.1,FreeFeed,0,PelletTaken,351,1,0,2,0,0,6.462,3.000,0,1,,,,,,,,,,,,,,,,
2026-07-01 19:15:33,199558.484375,B0DB8AF16E20,mous,male,C57BL/6,1.1.1,FreeFeed,0,PelletDrop,352,1,0,2,0,0,,,,,,,,,,,,,,,,,,,,
2026-07-01 19:15:39,199565.156250,B0DB8AF16E20,mous,male,C57BL/6,1.1.1,FreeFeed,0,PelletTaken,352,1,0,2,0,0,6.120,3.000,0,1,,,,,,,,,,,,,,,,
2026-07-01 19:15:46,199572.343750,B0DB8AF16E20,mous,male,C57BL/6,1.1.1,FreeFeed,0,PelletDrop,353,1,0,2,0,0,,,,,,,,,,,,,,,,,,,,
2026-07-01 19:16:07,199592.890625,B0DB8AF16E20,mous,male,C57BL/6,1.1.1,FreeFeed,0,PelletTaken,353,1,0,2,0,0,TimedOut,3.000,0,1,,,,,,,,,,,,,,,,
2026-07-01 19:18:17,199722.484375,B0DB8AF16E20,mous,male,C57BL/6,1.1.1,FreeFeed,0,Status,353,1,0,2,0,0,,,,,Disabled,25.4,41.0,994.3,14.5,0.000,0.000,253872,344900,250888,8232,3.72,15.95
2026-07-01 19:28:29,200335.265625,B0DB8AF16E20,mous,male,C57BL/6,1.1.1,FreeFeed,0,Status,353,1,0,2,0,0,,,,,Disabled,25.4,41.0,994.3,14.5,0.000,0.000,253872,344900,250888,8257,3.71,15.43
2026-07-01 19:38:13,200919.671875,B0DB8AF16E20,mous,male,C57BL/6,1.1.1,FreeFeed,0,PelletDrop,354,1,0,2,0,0,,,,,,,,,,,,,,,,,,,,
2026-07-01 19:38:22,200928.171875,B0DB8AF16E20,mous,male,C57BL/6,1.1.1,FreeFeed,0,PelletTaken,354,1,0,2,0,0,7.914,3.000,0,1,,,,,,,,,,,,,,,,
2026-07-01 19:38:29,200935.875000,B0DB8AF16E20,mous,male,C57BL/6,1.1.1,FreeFeed,0,Status,354,1,0,2,0,0,,,,,Disabled,25.4,41.3,994.3,14.5,0.000,0.000,253872,344900,250888,8282,3.71,14.91
2026-07-01 19:38:32,200938.671875,B0DB8AF16E20,mous,male,C57BL/6,1.1.1,FreeFeed,0,PelletDrop,355,1,0,2,0,0,,,,,,,,,,,,,,,,,,,,
2026-07-01 19:38:35,200941.046875,B0DB8AF16E20,mous,male,C57BL/6,1.1.1,FreeFeed,0,PelletTaken,355,1,0,2,0,0,1.798,3.000,0,1,,,,,,,,,,,,,,,,
2026-07-01 19:38:42,200948.234375,B0DB8AF16E20,mous,male,C57BL/6,1.1.1,FreeFeed,0,PelletDrop,356,1,0,2,0,0,,,,,,,,,,,,,,,,,,,,
2026-07-01 19:38:47,200953.750000,B0DB8AF16E20,mous,male,C57BL/6,1.1.1,FreeFeed,0,PelletTaken,356,1,0,2,0,0,4.965,3.000,0,1,,,,,,,,,,,,,,,,
2026-07-01 19:38:55,200960.937500,B0DB8AF16E20,mous,male,C57BL/6,1.1.1,FreeFeed,0,PelletDrop,357,1,0,2,0,0,,,,,,,,,,,,,,,,,,,,
2026-07-01 19:39:01,200967.578125,B0DB8AF16E20,mous,male,C57BL/6,1.1.1,FreeFeed,0,PelletTaken,357,1,0,2,0,0,6.066,3.000,0,1,,,,,,,,,,,,,,,,
2026-07-01 19:39:08,200974.765625,B0DB8AF16E20,mous,male,C57BL/6,1.1.1,FreeFeed,0,PelletDrop,358,1,0,2,0,0,,,,,,,,,,,,,,,,,,,,
2026-07-01 19:39:29,200995.312500,B0DB8AF16E20,mous,male,C57BL/6,1.1.1,FreeFeed,0,PelletTaken,358,1,0,2,0,0,TimedOut,3.000,0,1,,,,,,,,,,,,,,,,
2026-07-01 19:48:33,201539.328125,B0DB8AF16E20,mous,male,C57BL/6,1.1.1,FreeFeed,0,Status,358,1,0,2,0,0,,,,,Disabled,25.4,41.3,994.3,14.5,0.000,0.000,253872,344900,250888,8308,3.70,14.40
2026-07-01 19:56:05,201991.703125,B0DB8AF16E20,mous,male,C57BL/6,1.1.1,FreeFeed,0,LeftWithPellet,358,2,0,2,0,0,,,,,,,,,,,,,,,,,,,,
2026-07-01 19:58:45,202152.125000,B0DB8AF16E20,mous,male,C57BL/6,1.1.1,FreeFeed,0,Status,358,2,0,2,0,0,,,,,Disabled,25.4,41.3,994.3,14.5,0.000,0.000,253872,344900,250888,8333,3.70,13.88
2026-07-01 20:08:58,202764.906250,B0DB8AF16E20,mous,male,C57BL/6,1.1.1,FreeFeed,0,Status,358,2,0,2,0,0,,,,,Disabled,25.4,41.3,994.3,14.5,0.000,0.000,253872,344900,250888,8358,3.69,13.36
2026-07-01 20:12:26,202972.765625,B0DB8AF16E20,mous,male,C57BL/6,1.1.1,FreeFeed,0,PelletDrop,359,2,0,2,0,0,,,,,,,,,,,,,,,,,,,,
2026-07-01 20:12:34,202981.359375,B0DB8AF16E20,mous,male,C57BL/6,1.1.1,FreeFeed,0,PelletTaken,359,2,0,2,0,0,8.045,3.000,0,1,,,,,,,,,,,,,,,,
2026-07-01 20:12:41,202988.546875,B0DB8AF16E20,mous,male,C57BL/6,1.1.1,FreeFeed,0,PelletDrop,360,2,0,2,0,0,,,,,,,,,,,,,,,,,,,,
2026-07-01 20:12:46,202993.234375,B0DB8AF16E20,mous,male,C57BL/6,1.1.1,FreeFeed,0,PelletTaken,360,2,0,2,0,0,4.119,3.000,0,1,,,,,,,,,,,,,,,,
2026-07-01 20:12:53,203000.421875,B0DB8AF16E20,mous,male,C57BL/6,1.1.1,FreeFeed,0,PelletDrop,361,2,0,2,0,0,,,,,,,,,,,,,,,,,,,,
2026-07-01 20:12:58,203004.906250,B0DB8AF16E20,mous,male,C57BL/6,1.1.1,FreeFeed,0,PelletTaken,361,2,0,2,0,0,3.932,3.000,0,1,,,,,,,,,,,,,,,,
2026-07-01 20:13:05,203012.093750,B0DB8AF16E20,mous,male,C57BL/6,1.1.1,FreeFeed,0,PelletDrop,362,2,0,2,0,0,,,,,,,,,,,,,,,,,,,,
2026-07-01 20:13:25,203032.656250,B0DB8AF16E20,mous,male,C57BL/6,1.1.1,FreeFeed,0,PelletTaken,362,2,0,2,0,0,TimedOut,3.000,0,1,,,,,,,,,,,,,,,,
2026-07-01 20:19:14,203381.656250,B0DB8AF16E20,mous,male,C57BL/6,1.1.1,FreeFeed,0,Status,362,2,0,2,0,0,,,,,Disabled,25.4,41.4,994.4,14.4,0.000,0.000,253872,344900,250888,8385,3.70,12.84
2026-07-01 20:29:27,203994.468750,B0DB8AF16E20,mous,male,C57BL/6,1.1.1,FreeFeed,0,Status,362,2,0,2,0,0,,,,,Disabled,25.4,41.4,994.4,14.4,0.000,0.000,253872,344900,250888,8410,3.70,12.33
2026-07-01 20:35:11,204338.578125,B0DB8AF16E20,mous,male,C57BL/6,1.1.1,FreeFeed,0,PelletDrop,363,2,0,2,0,0,,,,,,,,,,,,,,,,,,,,
2026-07-01 20:35:19,204347.093750,B0DB8AF16E20,mous,male,C57BL/6,1.1.1,FreeFeed,0,PelletTaken,363,2,0,2,0,0,7.957,3.000,0,1,,,,,,,,,,,,,,,,
2026-07-01 20:35:27,204354.281250,B0DB8AF16E20,mous,male,C57BL/6,1.1.1,FreeFeed,0,PelletDrop,364,2,0,2,0,0,,,,,,,,,,,,,,,,,,,,
2026-07-01 20:35:31,204358.171875,B0DB8AF16E20,mous,male,C57BL/6,1.1.1,FreeFeed,0,PelletTaken,364,2,0,2,0,0,3.338,3.000,0,1,,,,,,,,,,,,,,,,
2026-07-01 20:35:38,204365.375000,B0DB8AF16E20,mous,male,C57BL/6,1.1.1,FreeFeed,0,PelletDrop,365,2,0,2,0,0,,,,,,,,,,,,,,,,,,,,
2026-07-01 20:35:43,204370.234375,B0DB8AF16E20,mous,male,C57BL/6,1.1.1,FreeFeed,0,PelletTaken,365,2,0,2,0,0,4.294,3.000,0,1,,,,,,,,,,,,,,,,
2026-07-01 20:35:50,204377.406250,B0DB8AF16E20,mous,male,C57BL/6,1.1.1,FreeFeed,0,PelletDrop,366,2,0,2,0,0,,,,,,,,,,,,,,,,,,,,
2026-07-01 20:35:54,204381.468750,B0DB8AF16E20,mous,male,C57BL/6,1.1.1,FreeFeed,0,PelletTaken,366,2,0,2,0,0,3.492,3.000,0,1,,,,,,,,,,,,,,,,
2026-07-01 20:36:01,204388.656250,B0DB8AF16E20,mous,male,C57BL/6,1.1.1,FreeFeed,0,PelletDrop,367,2,0,2,0,0,,,,,,,,,,,,,,,,,,,,
2026-07-01 20:36:09,204396.578125,B0DB8AF16E20,mous,male,C57BL/6,1.1.1,FreeFeed,0,PelletTaken,367,2,0,2,0,0,7.363,3.000,0,1,,,,,,,,,,,,,,,,
2026-07-01 20:36:16,204403.765625,B0DB8AF16E20,mous,male,C57BL/6,1.1.1,FreeFeed,0,PelletDrop,368,2,0,2,0,0,,,,,,,,,,,,,,,,,,,,
2026-07-01 20:36:23,204411.093750,B0DB8AF16E20,mous,male,C57BL/6,1.1.1,FreeFeed,0,PelletTaken,368,2,0,2,0,0,6.759,3.000,0,1,,,,,,,,,,,,,,,,
2026-07-01 20:36:31,204418.296875,B0DB8AF16E20,mous,male,C57BL/6,1.1.1,FreeFeed,0,PelletDrop,369,2,0,2,0,0,,,,,,,,,,,,,,,,,,,,
2026-07-01 20:36:37,204424.812500,B0DB8AF16E20,mous,male,C57BL/6,1.1.1,FreeFeed,0,PelletTaken,369,2,0,2,0,0,5.956,3.000,0,1,,,,,,,,,,,,,,,,
2026-07-01 20:36:44,204431.984375,B0DB8AF16E20,mous,male,C57BL/6,1.1.1,FreeFeed,0,PelletDrop,370,2,0,2,0,0,,,,,,,,,,,,,,,,,,,,
2026-07-01 20:37:05,204452.546875,B0DB8AF16E20,mous,male,C57BL/6,1.1.1,FreeFeed,0,PelletTaken,370,2,0,2,0,0,TimedOut,3.000,0,1,,,,,,,,,,,,,,,,
2026-07-01 20:39:39,204606.515625,B0DB8AF16E20,mous,male,C57BL/6,1.1.1,FreeFeed,0,Status,370,2,0,2,0,0,,,,,Disabled,25.4,41.3,994.4,14.5,0.000,0.000,253872,344900,250888,8438,3.69,12.07
2026-07-01 20:42:32,204779.984375,B0DB8AF16E20,mous,male,C57BL/6,1.1.1,FreeFeed,0,PelletDrop,371,2,0,2,0,0,,,,,,,,,,,,,,,,,,,,
2026-07-01 20:42:41,204788.718750,B0DB8AF16E20,mous,male,C57BL/6,1.1.1,FreeFeed,0,PelletTaken,371,2,0,2,0,0,8.178,3.000,0,1,,,,,,,,,,,,,,,,
2026-07-01 20:42:48,204795.921875,B0DB8AF16E20,mous,male,C57BL/6,1.1.1,FreeFeed,0,PelletDrop,372,2,0,2,0,0,,,,,,,,,,,,,,,,,,,,
2026-07-01 20:43:09,204816.468750,B0DB8AF16E20,mous,male,C57BL/6,1.1.1,FreeFeed,0,PelletTaken,372,2,0,2,0,0,TimedOut,3.000,0,1,,,,,,,,,,,,,,,,
2026-07-01 20:49:46,205214.218750,B0DB8AF16E20,mous,male,C57BL/6,1.1.1,FreeFeed,0,Status,372,2,0,2,0,0,,,,,Disabled,25.4,41.3,994.5,14.5,0.000,0.000,253872,344900,250888,8463,3.69,11.55
2026-07-01 20:59:59,205827.078125,B0DB8AF16E20,mous,male,C57BL/6,1.1.1,FreeFeed,0,Status,372,2,0,2,0,0,,,,,Disabled,25.4,41.4,994.6,14.5,0.000,0.000,253872,344900,250888,8488,3.69,11.03
2026-07-01 21:10:11,206439.859375,B0DB8AF16E20,mous,male,C57BL/6,1.1.1,FreeFeed,0,Status,372,2,0,2,0,0,,,,,Disabled,25.4,41.4,994.7,14.4,0.000,0.000,253872,344900,250888,8513,3.69,10.52
2026-07-01 21:12:49,206597.906250,B0DB8AF16E20,mous,male,C57BL/6,1.1.1,FreeFeed,0,PelletDrop,373,2,0,2,0,0,,,,,,,,,,,,,,,,,,,,
2026-07-01 21:12:58,206606.656250,B0DB8AF16E20,mous,male,C57BL/6,1.1.1,FreeFeed,0,PelletTaken,373,2,0,2,0,0,8.179,3.000,0,1,,,,,,,,,,,,,,,,
2026-07-01 21:13:05,206613.843750,B0DB8AF16E20,mous,male,C57BL/6,1.1.1,FreeFeed,0,PelletDrop,374,2,0,2,0,0,,,,,,,,,,,,,,,,,,,,
2026-07-01 21:13:11,206619.921875,B0DB8AF16E20,mous,male,C57BL/6,1.1.1,FreeFeed,0,PelletTaken,374,2,0,2,0,0,5.527,3.000,0,1,,,,,,,,,,,,,,,,
2026-07-01 21:13:19,206627.109375,B0DB8AF16E20,mous,male,C57BL/6,1.1.1,FreeFeed,0,PelletDrop,375,2,0,2,0,0,,,,,,,,,,,,,,,,,,,,
2026-07-01 21:13:23,206631.750000,B0DB8AF16E20,mous,male,C57BL/6,1.1.1,FreeFeed,0,PelletTaken,375,2,0,2,0,0,4.063,3.000,0,1,,,,,,,,,,,,,,,,
2026-07-01 21:13:30,206638.937500,B0DB8AF16E20,mous,male,C57BL/6,1.1.1,FreeFeed,0,PelletDrop,376,2,0,2,0,0,,,,,,,,,,,,,,,,,,,,
2026-07-01 21:13:36,206644.187500,B0DB8AF16E20,mous,male,C57BL/6,1.1.1,FreeFeed,0,PelletTaken,376,2,0,2,0,0,4.702,3.000,0,1,,,,,,,,,,,,,,,,
2026-07-01 21:13:43,206651.375000,B0DB8AF16E20,mous,male,C57BL/6,1.1.1,FreeFeed,0,PelletDrop,377,2,0,2,0,0,,,,,,,,,,,,,,,,,,,,
2026-07-01 21:13:48,206656.453125,B0DB8AF16E20,mous,male,C57BL/6,1.1.1,FreeFeed,0,PelletTaken,377,2,0,2,0,0,4.503,3.000,0,1,,,,,,,,,,,,,,,,
2026-07-01 21:13:55,206663.640625,B0DB8AF16E20,mous,male,C57BL/6,1.1.1,FreeFeed,0,PelletDrop,378,2,0,2,0,0,,,,,,,,,,,,,,,,,,,,
2026-07-01 21:13:59,206667.718750,B0DB8AF16E20,mous,male,C57BL/6,1.1.1,FreeFeed,0,PelletTaken,378,2,0,2,0,0,3.525,3.000,0,1,,,,,,,,,,,,,,,,
2026-07-01 21:14:06,206674.906250,B0DB8AF16E20,mous,male,C57BL/6,1.1.1,FreeFeed,0,PelletDrop,379,2,0,2,0,0,,,,,,,,,,,,,,,,,,,,
2026-07-01 21:14:16,206684.234375,B0DB8AF16E20,mous,male,C57BL/6,1.1.1,FreeFeed,0,PelletTaken,379,2,0,2,0,0,8.760,3.000,0,1,,,,,,,,,,,,,,,,
2026-07-01 21:14:23,206691.421875,B0DB8AF16E20,mous,male,C57BL/6,1.1.1,FreeFeed,0,PelletDrop,380,2,0,2,0,0,,,,,,,,,,,,,,,,,,,,
2026-07-01 21:14:29,206697.890625,B0DB8AF16E20,mous,male,C57BL/6,1.1.1,FreeFeed,0,PelletTaken,380,2,0,2,0,0,5.923,3.000,0,1,,,,,,,,,,,,,,,,
2026-07-01 21:14:36,206705.093750,B0DB8AF16E20,mous,male,C57BL/6,1.1.1,FreeFeed,0,PelletDrop,381,2,0,2,0,0,,,,,,,,,,,,,,,,,,,,
2026-07-01 21:14:42,206711.015625,B0DB8AF16E20,mous,male,C57BL/6,1.1.1,FreeFeed,0,PelletTaken,381,2,0,2,0,0,5.361,3.000,0,1,,,,,,,,,,,,,,,,
2026-07-01 21:14:50,206718.203125,B0DB8AF16E20,mous,male,C57BL/6,1.1.1,FreeFeed,0,PelletDrop,382,2,0,2,0,0,,,,,,,,,,,,,,,,,,,,
2026-07-01 21:15:10,206738.750000,B0DB8AF16E20,mous,male,C57BL/6,1.1.1,FreeFeed,0,PelletTaken,382,2,0,2,0,0,TimedOut,3.000,0,1,,,,,,,,,,,,,,,,
2026-07-01 21:20:35,207063.375000,B0DB8AF16E20,mous,male,C57BL/6,1.1.1,FreeFeed,0,Status,382,2,0,2,0,0,,,,,Disabled,25.4,41.3,994.7,14.4,0.000,0.000,253872,344900,250888,8543,3.69,10.00
2026-07-01 21:30:47,207676.156250,B0DB8AF16E20,mous,male,C57BL/6,1.1.1,FreeFeed,0,Status,382,2,0,2,0,0,,,,,Disabled,25.4,41.3,994.8,14.4,0.000,0.000,253872,344900,250888,8568,3.68,9.74
2026-07-01 21:37:34,208083.578125,B0DB8AF16E20,mous,male,C57BL/6,1.1.1,FreeFeed,0,PelletDrop,383,2,0,2,0,0,,,,,,,,,,,,,,,,,,,,
2026-07-01 21:37:43,208091.781250,B0DB8AF16E20,mous,male,C57BL/6,1.1.1,FreeFeed,0,PelletTaken,383,2,0,2,0,0,7.628,3.000,0,1,,,,,,,,,,,,,,,,
2026-07-01 21:37:50,208098.968750,B0DB8AF16E20,mous,male,C57BL/6,1.1.1,FreeFeed,0,PelletDrop,384,2,0,2,0,0,,,,,,,,,,,,,,,,,,,,
2026-07-01 21:37:52,208100.921875,B0DB8AF16E20,mous,male,C57BL/6,1.1.1,FreeFeed,0,PelletTaken,384,2,0,2,0,0,1.402,3.000,0,1,,,,,,,,,,,,,,,,
2026-07-01 21:37:59,208108.109375,B0DB8AF16E20,mous,male,C57BL/6,1.1.1,FreeFeed,0,PelletDrop,385,2,0,2,0,0,,,,,,,,,,,,,,,,,,,,
2026-07-01 21:38:20,208128.671875,B0DB8AF16E20,mous,male,C57BL/6,1.1.1,FreeFeed,0,PelletTaken,385,2,0,2,0,0,TimedOut,3.000,0,1,,,,,,,,,,,,,,,,
2026-07-01 21:40:53,208282.640625,B0DB8AF16E20,mous,male,C57BL/6,1.1.1,FreeFeed,0,Status,385,2,0,2,0,0,,,,,Disabled,25.4,41.3,994.9,14.4,0.000,0.000,253872,344900,250888,8594,3.68,9.22
2026-07-01 21:51:06,208895.437500,B0DB8AF16E20,mous,male,C57BL/6,1.1.1,FreeFeed,0,Status,385,2,0,2,0,0,,,,,Disabled,25.4,41.3,994.9,14.4,0.000,0.000,253872,344900,250888,8619,3.68,8.96
2026-07-01 21:55:51,209180.640625,B0DB8AF16E20,mous,male,C57BL/6,1.1.1,FreeFeed,0,PelletDrop,386,2,0,2,0,0,,,,,,,,,,,,,,,,,,,,
2026-07-01 21:55:59,209188.187500,B0DB8AF16E20,mous,male,C57BL/6,1.1.1,FreeFeed,0,PelletTaken,386,2,0,2,0,0,6.990,3.000,0,1,,,,,,,,,,,,,,,,
2026-07-01 21:56:06,209195.375000,B0DB8AF16E20,mous,male,C57BL/6,1.1.1,FreeFeed,0,PelletDrop,387,2,0,2,0,0,,,,,,,,,,,,,,,,,,,,
2026-07-01 21:56:10,209199.265625,B0DB8AF16E20,mous,male,C57BL/6,1.1.1,FreeFeed,0,PelletTaken,387,2,0,2,0,0,3.338,3.000,0,1,,,,,,,,,,,,,,,,
2026-07-01 21:56:17,209206.468750,B0DB8AF16E20,mous,male,C57BL/6,1.1.1,FreeFeed,0,PelletDrop,388,2,0,2,0,0,,,,,,,,,,,,,,,,,,,,
2026-07-01 21:56:25,209214.062500,B0DB8AF16E20,mous,male,C57BL/6,1.1.1,FreeFeed,0,PelletTaken,388,2,0,2,0,0,7.033,3.000,0,1,,,,,,,,,,,,,,,,
2026-07-01 21:56:32,209221.250000,B0DB8AF16E20,mous,male,C57BL/6,1.1.1,FreeFeed,0,PelletDrop,389,2,0,2,0,0,,,,,,,,,,,,,,,,,,,,
2026-07-01 21:56:37,209226.546875,B0DB8AF16E20,mous,male,C57BL/6,1.1.1,FreeFeed,0,PelletTaken,389,2,0,2,0,0,4.736,3.000,0,1,,,,,,,,,,,,,,,,
2026-07-01 21:56:44,209233.750000,B0DB8AF16E20,mous,male,C57BL/6,1.1.1,FreeFeed,0,PelletDrop,390,2,0,2,0,0,,,,,,,,,,,,,,,,,,,,
2026-07-01 21:57:05,209254.296875,B0DB8AF16E20,mous,male,C57BL/6,1.1.1,FreeFeed,0,PelletTaken,390,2,0,2,0,0,TimedOut,3.000,0,1,,,,,,,,,,,,,,,,
2026-07-01 22:01:16,209505.781250,B0DB8AF16E20,mous,male,C57BL/6,1.1.1,FreeFeed,0,Status,390,2,0,2,0,0,,,,,Disabled,25.4,41.2,995.0,14.4,0.000,0.000,253872,344900,250888,8646,3.68,8.34
2026-07-01 22:11:29,210118.578125,B0DB8AF16E20,mous,male,C57BL/6,1.1.1,FreeFeed,0,Status,390,2,0,2,0,0,,,,,Disabled,25.4,41.4,995.1,14.4,0.000,0.000,253872,344900,250888,8671,3.68,8.09
2026-07-01 22:21:41,210731.359375,B0DB8AF16E20,mous,male,C57BL/6,1.1.1,FreeFeed,0,Status,390,2,0,2,0,0,,,,,Disabled,25.4,41.4,995.2,14.3,0.000,0.000,253872,344900,250888,8696,3.68,7.96
2026-07-01 22:31:54,211344.140625,B0DB8AF16E20,mous,male,C57BL/6,1.1.1,FreeFeed,0,Status,390,2,0,2,0,0,,,,,Disabled,25.4,41.4,995.3,14.4,0.000,0.000,253872,344900,250888,8721,3.67,7.72
2026-07-01 22:36:45,211635.890625,B0DB8AF16E20,mous,male,C57BL/6,1.1.1,FreeFeed,0,PelletDrop,391,2,0,2,0,0,,,,,,,,,,,,,,,,,,,,
2026-07-01 22:36:52,211642.671875,B0DB8AF16E20,mous,male,C57BL/6,1.1.1,FreeFeed,0,PelletTaken,391,2,0,2,0,0,6.231,3.000,0,1,,,,,,,,,,,,,,,,
2026-07-01 22:36:59,211649.859375,B0DB8AF16E20,mous,male,C57BL/6,1.1.1,FreeFeed,0,PelletDrop,392,2,0,2,0,0,,,,,,,,,,,,,,,,,,,,
2026-07-01 22:37:05,211655.671875,B0DB8AF16E20,mous,male,C57BL/6,1.1.1,FreeFeed,0,PelletTaken,392,2,0,2,0,0,5.263,3.000,0,1,,,,,,,,,,,,,,,,
2026-07-01 22:37:12,211662.875000,B0DB8AF16E20,mous,male,C57BL/6,1.1.1,FreeFeed,0,PelletDrop,393,2,0,2,0,0,,,,,,,,,,,,,,,,,,,,
2026-07-01 22:37:18,211668.578125,B0DB8AF16E20,mous,male,C57BL/6,1.1.1,FreeFeed,0,PelletTaken,393,2,0,2,0,0,5.143,3.000,0,1,,,,,,,,,,,,,,,,
2026-07-01 22:37:25,211675.765625,B0DB8AF16E20,mous,male,C57BL/6,1.1.1,FreeFeed,0,PelletDrop,394,2,0,2,0,0,,,,,,,,,,,,,,,,,,,,
2026-07-01 22:37:31,211681.125000,B0DB8AF16E20,mous,male,C57BL/6,1.1.1,FreeFeed,0,PelletTaken,394,2,0,2,0,0,4.812,3.000,0,1,,,,,,,,,,,,,,,,
2026-07-01 22:37:38,211688.296875,B0DB8AF16E20,mous,male,C57BL/6,1.1.1,FreeFeed,0,PelletDrop,395,2,0,2,0,0,,,,,,,,,,,,,,,,,,,,
2026-07-01 22:37:44,211694.656250,B0DB8AF16E20,mous,male,C57BL/6,1.1.1,FreeFeed,0,PelletTaken,395,2,0,2,0,0,5.792,3.000,0,1,,,,,,,,,,,,,,,,
2026-07-01 22:37:51,211701.828125,B0DB8AF16E20,mous,male,C57BL/6,1.1.1,FreeFeed,0,PelletDrop,396,2,0,2,0,0,,,,,,,,,,,,,,,,,,,,
2026-07-01 22:38:12,211722.390625,B0DB8AF16E20,mous,male,C57BL/6,1.1.1,FreeFeed,0,PelletTaken,396,2,0,2,0,0,TimedOut,3.000,0,1,,,,,,,,,,,,,,,,
2026-07-01 22:40:37,211867.421875,B0DB8AF16E20,mous,male,C57BL/6,1.1.1,FreeFeed,0,PelletDrop,397,2,0,2,0,0,,,,,,,,,,,,,,,,,,,,
2026-07-01 22:40:47,211877.765625,B0DB8AF16E20,mous,male,C57BL/6,1.1.1,FreeFeed,0,PelletTaken,397,2,0,2,0,0,9.773,3.000,0,1,,,,,,,,,,,,,,,,
2026-07-01 22:40:54,211884.953125,B0DB8AF16E20,mous,male,C57BL/6,1.1.1,FreeFeed,0,PelletDrop,398,2,0,2,0,0,,,,,,,,,,,,,,,,,,,,
2026-07-01 22:41:15,211905.515625,B0DB8AF16E20,mous,male,C57BL/6,1.1.1,FreeFeed,0,PelletTaken,398,2,0,2,0,0,TimedOut,3.000,0,1,,,,,,,,,,,,,,,,
2026-07-01 22:41:52,211942.828125,B0DB8AF16E20,mous,male,C57BL/6,1.1.1,FreeFeed,0,PelletDrop,399,2,0,2,0,0,,,,,,,,,,,,,,,,,,,,
2026-07-01 22:42:13,211963.375000,B0DB8AF16E20,mous,male,C57BL/6,1.1.1,FreeFeed,0,PelletTaken,399,2,0,2,0,0,TimedOut,3.000,0,1,,,,,,,,,,,,,,,,
2026-07-01 22:42:20,211971.078125,B0DB8AF16E20,mous,male,C57BL/6,1.1.1,FreeFeed,0,Status,399,2,0,2,0,0,,,,,Disabled,25.4,41.5,995.3,14.4,0.000,0.000,253872,344900,250888,8750,3.67,7.47
2026-07-01 22:52:33,212583.875000,B0DB8AF16E20,mous,male,C57BL/6,1.1.1,FreeFeed,0,Status,399,2,0,2,0,0,,,,,Disabled,25.4,41.3,995.4,14.4,0.000,0.000,253872,344900,250888,8775,3.67,7.35
2026-07-01 23:02:05,213155.906250,B0DB8AF16E20,mous,male,C57BL/6,1.1.1,FreeFeed,0,PelletDrop,400,2,0,2,0,0,,,,,,,,,,,,,,,,,,,,
2026-07-01 23:02:17,213168.484375,B0DB8AF16E20,mous,male,C57BL/6,1.1.1,FreeFeed,0,PelletTaken,400,2,0,2,0,0,12.017,3.000,0,1,,,,,,,,,,,,,,,,
2026-07-01 23:02:25,213175.671875,B0DB8AF16E20,mous,male,C57BL/6,1.1.1,FreeFeed,0,PelletDrop,401,2,0,2,0,0,,,,,,,,,,,,,,,,,,,,
2026-07-01 23:02:34,213184.687500,B0DB8AF16E20,mous,male,C57BL/6,1.1.1,FreeFeed,0,PelletTaken,401,2,0,2,0,0,8.452,3.000,0,1,,,,,,,,,,,,,,,,
2026-07-01 23:02:41,213192.406250,B0DB8AF16E20,mous,male,C57BL/6,1.1.1,FreeFeed,0,Status,401,2,0,2,0,0,,,,,Disabled,25.4,41.0,995.4,14.5,0.000,0.000,253872,344900,250888,8801,3.67,7.23
2026-07-01 23:02:44,213195.234375,B0DB8AF16E20,mous,male,C57BL/6,1.1.1,FreeFeed,0,PelletDrop,402,2,0,2,0,0,,,,,,,,,,,,,,,,,,,,
2026-07-01 23:02:53,213204.421875,B0DB8AF16E20,mous,male,C57BL/6,1.1.1,FreeFeed,0,PelletTaken,402,2,0,2,0,0,8.628,3.000,0,1,,,,,,,,,,,,,,,,
2026-07-01 23:03:00,213211.593750,B0DB8AF16E20,mous,male,C57BL/6,1.1.1,FreeFeed,0,PelletDrop,403,2,0,2,0,0,,,,,,,,,,,,,,,,,,,,
2026-07-01 23:03:09,213220.203125,B0DB8AF16E20,mous,male,C57BL/6,1.1.1,FreeFeed,0,PelletTaken,403,2,0,2,0,0,8.046,3.000,0,1,,,,,,,,,,,,,,,,
2026-07-01 23:03:16,213227.406250,B0DB8AF16E20,mous,male,C57BL/6,1.1.1,FreeFeed,0,PelletDrop,404,2,0,2,0,0,,,,,,,,,,,,,,,,,,,,
2026-07-01 23:03:37,213247.953125,B0DB8AF16E20,mous,male,C57BL/6,1.1.1,FreeFeed,0,PelletTaken,404,2,0,2,0,0,TimedOut,3.000,0,1,,,,,,,,,,,,,,,,
2026-07-01 23:13:05,213816.343750,B0DB8AF16E20,mous,male,C57BL/6,1.1.1,FreeFeed,0,Status,404,2,0,2,0,0,,,,,Disabled,25.4,40.8,995.4,14.5,0.000,0.000,253872,344900,250888,8827,3.67,6.98
2026-07-01 23:23:18,214429.140625,B0DB8AF16E20,mous,male,C57BL/6,1.1.1,FreeFeed,0,Status,404,2,0,2,0,0,,,,,Disabled,25.4,40.6,995.4,14.6,0.000,0.000,253872,344900,250888,8852,3.66,6.86
2026-07-01 23:33:30,215041.906250,B0DB8AF16E20,mous,male,C57BL/6,1.1.1,FreeFeed,0,Status,404,2,0,2,0,0,,,,,Disabled,25.4,40.5,995.4,14.6,0.000,0.000,253872,344900,250888,8877,3.66,6.73
2026-07-01 23:39:34,215405.531250,B0DB8AF16E20,mous,male,C57BL/6,1.1.1,FreeFeed,0,PelletDrop,405,2,0,2,0,0,,,,,,,,,,,,,,,,,,,,
2026-07-01 23:39:45,215416.468750,B0DB8AF16E20,mous,male,C57BL/6,1.1.1,FreeFeed,0,PelletTaken,405,2,0,2,0,0,10.378,3.000,0,1,,,,,,,,,,,,,,,,
2026-07-01 23:39:52,215423.671875,B0DB8AF16E20,mous,male,C57BL/6,1.1.1,FreeFeed,0,PelletDrop,406,2,0,2,0,0,,,,,,,,,,,,,,,,,,,,
2026-07-01 23:40:02,215433.437500,B0DB8AF16E20,mous,male,C57BL/6,1.1.1,FreeFeed,0,PelletTaken,406,2,0,2,0,0,9.211,3.000,0,1,,,,,,,,,,,,,,,,
2026-07-01 23:40:09,215440.609375,B0DB8AF16E20,mous,male,C57BL/6,1.1.1,FreeFeed,0,PelletDrop,407,2,0,2,0,0,,,,,,,,,,,,,,,,,,,,
2026-07-01 23:40:16,215448.140625,B0DB8AF16E20,mous,male,C57BL/6,1.1.1,FreeFeed,0,PelletTaken,407,2,0,2,0,0,6.957,3.000,0,1,,,,,,,,,,,,,,,,
2026-07-01 23:40:23,215455.328125,B0DB8AF16E20,mous,male,C57BL/6,1.1.1,FreeFeed,0,PelletDrop,408,2,0,2,0,0,,,,,,,,,,,,,,,,,,,,
2026-07-01 23:40:34,215466.140625,B0DB8AF16E20,mous,male,C57BL/6,1.1.1,FreeFeed,0,PelletTaken,408,2,0,2,0,0,10.256,3.000,0,1,,,,,,,,,,,,,,,,
2026-07-01 23:40:41,215473.328125,B0DB8AF16E20,mous,male,C57BL/6,1.1.1,FreeFeed,0,PelletDrop,409,2,0,2,0,0,,,,,,,,,,,,,,,,,,,,
2026-07-01 23:40:53,215484.875000,B0DB8AF16E20,mous,male,C57BL/6,1.1.1,FreeFeed,0,PelletTaken,409,2,0,2,0,0,10.983,3.000,0,1,,,,,,,,,,,,,,,,
2026-07-01 23:41:00,215492.062500,B0DB8AF16E20,mous,male,C57BL/6,1.1.1,FreeFeed,0,PelletDrop,410,2,0,2,0,0,,,,,,,,,,,,,,,,,,,,
2026-07-01 23:41:21,215512.609375,B0DB8AF16E20,mous,male,C57BL/6,1.1.1,FreeFeed,0,PelletTaken,410,2,0,2,0,0,TimedOut,3.000,0,1,,,,,,,,,,,,,,,,
2026-07-01 23:43:30,215642.203125,B0DB8AF16E20,mous,male,C57BL/6,1.1.1,FreeFeed,0,Status,410,2,0,2,0,0,,,,,Disabled,25.4,40.5,995.4,14.7,0.000,0.000,253872,344900,250888,8903,3.66,6.61
2026-07-01 23:53:43,216255.000000,B0DB8AF16E20,mous,male,C57BL/6,1.1.1,FreeFeed,0,Status,410,2,0,2,0,0,,,,,Disabled,25.4,40.4,995.4,14.7,0.000,0.000,253872,344900,250888,8928,3.66,6.49
2026-07-02 00:03:48,216859.875000,B0DB8AF16E20,mous,male,C57BL/6,1.1.1,FreeFeed,0,Status,410,2,0,2,0,0,,,,,Disabled,25.4,40.5,995.3,14.7,0.000,0.000,253872,344900,250888,8953,3.66,6.37
2026-07-02 00:14:00,217472.671875,B0DB8AF16E20,mous,male,C57BL/6,1.1.1,FreeFeed,0,Status,410,2,0,2,0,0,,,,,Disabled,25.4,40.5,995.3,14.7,0.000,0.000,253872,344900,250888,8978,3.66,6.24
2026-07-02 00:15:34,217566.312500,B0DB8AF16E20,mous,male,C57BL/6,1.1.1,FreeFeed,0,PelletDrop,411,2,0,2,0,0,,,,,,,,,,,,,,,,,,,,
2026-07-02 00:15:45,217577.343750,B0DB8AF16E20,mous,male,C57BL/6,1.1.1,FreeFeed,0,PelletTaken,411,2,0,2,0,0,10.477,3.000,0,1,,,,,,,,,,,,,,,,
2026-07-02 00:15:52,217584.531250,B0DB8AF16E20,mous,male,C57BL/6,1.1.1,FreeFeed,0,PelletDrop,412,2,0,2,0,0,,,,,,,,,,,,,,,,,,,,
2026-07-02 00:16:01,217593.296875,B0DB8AF16E20,mous,male,C57BL/6,1.1.1,FreeFeed,0,PelletTaken,412,2,0,2,0,0,8.200,3.000,0,1,,,,,,,,,,,,,,,,
2026-07-02 00:16:08,217600.484375,B0DB8AF16E20,mous,male,C57BL/6,1.1.1,FreeFeed,0,PelletDrop,413,2,0,2,0,0,,,,,,,,,,,,,,,,,,,,
2026-07-02 00:16:18,217610.171875,B0DB8AF16E20,mous,male,C57BL/6,1.1.1,FreeFeed,0,PelletTaken,413,2,0,2,0,0,9.136,3.000,0,1,,,,,,,,,,,,,,,,
2026-07-02 00:16:25,217617.359375,B0DB8AF16E20,mous,male,C57BL/6,1.1.1,FreeFeed,0,PelletDrop,414,2,0,2,0,0,,,,,,,,,,,,,,,,,,,,
2026-07-02 00:16:27,217619.187500,B0DB8AF16E20,mous,male,C57BL/6,1.1.1,FreeFeed,0,PelletTaken,414,2,0,2,0,0,1.259,3.000,0,1,,,,,,,,,,,,,,,,
2026-07-02 00:16:34,217626.375000,B0DB8AF16E20,mous,male,C57BL/6,1.1.1,FreeFeed,0,PelletDrop,415,2,0,2,0,0,,,,,,,,,,,,,,,,,,,,
2026-07-02 00:16:43,217636.109375,B0DB8AF16E20,mous,male,C57BL/6,1.1.1,FreeFeed,0,PelletTaken,415,2,0,2,0,0,9.178,3.000,0,1,,,,,,,,,,,,,,,,
2026-07-02 00:16:51,217643.296875,B0DB8AF16E20,mous,male,C57BL/6,1.1.1,FreeFeed,0,PelletDrop,416,2,0,2,0,0,,,,,,,,,,,,,,,,,,,,
2026-07-02 00:17:11,217663.859375,B0DB8AF16E20,mous,male,C57BL/6,1.1.1,FreeFeed,0,PelletTaken,416,2,0,2,0,0,TimedOut,3.000,0,1,,,,,,,,,,,,,,,,
2026-07-02 00:24:13,218086.015625,B0DB8AF16E20,mous,male,C57BL/6,1.1.1,FreeFeed,0,Status,416,2,0,2,0,0,,,,,Disabled,25.4,40.6,995.2,14.7,0.000,0.000,253872,344900,250888,9005,3.66,6.00
2026-07-02 00:34:26,218698.796875,B0DB8AF16E20,mous,male,C57BL/6,1.1.1,FreeFeed,0,Status,416,2,0,2,0,0,,,,,Disabled,25.4,40.6,995.1,14.7,0.000,0.000,253872,344900,250888,9030,3.66,5.91
2026-07-02 00:44:38,219311.593750,B0DB8AF16E20,mous,male,C57BL/6,1.1.1,FreeFeed,0,Status,416,2,0,2,0,0,,,,,Disabled,25.4,40.9,995.0,14.6,0.000,0.000,253872,344900,250888,9055,3.65,5.83
2026-07-02 00:54:51,219924.375000,B0DB8AF16E20,mous,male,C57BL/6,1.1.1,FreeFeed,0,Status,416,2,0,2,0,0,,,,,Disabled,25.4,41.2,995.0,14.6,0.000,0.000,253872,344900,250888,9080,3.65,5.74
2026-07-02 01:05:03,220537.156250,B0DB8AF16E20,mous,male,C57BL/6,1.1.1,FreeFeed,0,Status,416,2,0,2,0,0,,,,,Disabled,25.4,41.3,995.0,14.5,0.000,0.000,253872,344900,250888,9105,3.66,5.66
2026-07-02 01:12:25,220978.796875,B0DB8AF16E20,mous,male,C57BL/6,1.1.1,FreeFeed,0,PelletDrop,417,2,0,2,0,0,,,,,,,,,,,,,,,,,,,,
2026-07-02 01:12:36,220989.765625,B0DB8AF16E20,mous,male,C57BL/6,1.1.1,FreeFeed,0,PelletTaken,417,2,0,2,0,0,10.421,3.000,0,1,,,,,,,,,,,,,,,,
2026-07-02 01:12:43,220996.953125,B0DB8AF16E20,mous,male,C57BL/6,1.1.1,FreeFeed,0,PelletDrop,418,2,0,2,0,0,,,,,,,,,,,,,,,,,,,,
2026-07-02 01:12:51,221005.156250,B0DB8AF16E20,mous,male,C57BL/6,1.1.1,FreeFeed,0,PelletTaken,418,2,0,2,0,0,7.628,3.000,0,1,,,,,,,,,,,,,,,,
2026-07-02 01:12:58,221012.343750,B0DB8AF16E20,mous,male,C57BL/6,1.1.1,FreeFeed,0,PelletDrop,419,2,0,2,0,0,,,,,,,,,,,,,,,,,,,,
2026-07-02 01:13:03,221016.406250,B0DB8AF16E20,mous,male,C57BL/6,1.1.1,FreeFeed,0,PelletTaken,419,2,0,2,0,0,3.514,3.000,0,1,,,,,,,,,,,,,,,,
2026-07-02 01:13:10,221023.593750,B0DB8AF16E20,mous,male,C57BL/6,1.1.1,FreeFeed,0,PelletDrop,420,2,0,2,0,0,,,,,,,,,,,,,,,,,,,,
2026-07-02 01:13:17,221031.125000,B0DB8AF16E20,mous,male,C57BL/6,1.1.1,FreeFeed,0,PelletTaken,420,2,0,2,0,0,6.968,3.000,0,1,,,,,,,,,,,,,,,,
2026-07-02 01:13:24,221038.328125,B0DB8AF16E20,mous,male,C57BL/6,1.1.1,FreeFeed,0,PelletDrop,421,2,0,2,0,0,,,,,,,,,,,,,,,,,,,,
2026-07-02 01:13:29,221042.765625,B0DB8AF16E20,mous,male,C57BL/6,1.1.1,FreeFeed,0,PelletTaken,421,2,0,2,0,0,3.887,3.000,0,1,,,,,,,,,,,,,,,,
2026-07-02 01:13:36,221049.953125,B0DB8AF16E20,mous,male,C57BL/6,1.1.1,FreeFeed,0,PelletDrop,422,2,0,2,0,0,,,,,,,,,,,,,,,,,,,,
2026-07-02 01:13:44,221057.562500,B0DB8AF16E20,mous,male,C57BL/6,1.1.1,FreeFeed,0,PelletTaken,422,2,0,2,0,0,7.045,3.000,0,1,,,,,,,,,,,,,,,,
2026-07-02 01:13:51,221064.750000,B0DB8AF16E20,mous,male,C57BL/6,1.1.1,FreeFeed,0,PelletDrop,423,2,0,2,0,0,,,,,,,,,,,,,,,,,,,,
2026-07-02 01:14:11,221085.296875,B0DB8AF16E20,mous,male,C57BL/6,1.1.1,FreeFeed,0,PelletTaken,423,2,0,2,0,0,TimedOut,3.000,0,1,,,,,,,,,,,,,,,,
2026-07-02 01:15:08,221141.750000,B0DB8AF16E20,mous,male,C57BL/6,1.1.1,FreeFeed,0,Status,423,2,0,2,0,0,,,,,Disabled,25.4,41.5,994.9,14.5,0.000,0.000,253872,344900,250888,9132,3.65,5.57
2026-07-02 01:22:27,221581.312500,B0DB8AF16E20,mous,male,C57BL/6,1.1.1,FreeFeed,0,PelletDrop,424,2,0,2,0,0,,,,,,,,,,,,,,,,,,,,
2026-07-02 01:22:36,221590.187500,B0DB8AF16E20,mous,male,C57BL/6,1.1.1,FreeFeed,0,PelletTaken,424,2,0,2,0,0,8.299,3.000,0,1,,,,,,,,,,,,,,,,
2026-07-02 01:22:43,221597.359375,B0DB8AF16E20,mous,male,C57BL/6,1.1.1,FreeFeed,0,PelletDrop,425,2,0,2,0,0,,,,,,,,,,,,,,,,,,,,
2026-07-02 01:23:04,221617.921875,B0DB8AF16E20,mous,male,C57BL/6,1.1.1,FreeFeed,0,PelletTaken,425,2,0,2,0,0,TimedOut,3.000,0,1,,,,,,,,,,,,,,,,
2026-07-02 01:25:13,221747.515625,B0DB8AF16E20,mous,male,C57BL/6,1.1.1,FreeFeed,0,Status,425,2,0,2,0,0,,,,,Disabled,25.4,41.6,994.9,14.4,0.000,0.000,253872,344900,250888,9157,3.65,5.49
2026-07-02 01:35:26,222360.296875,B0DB8AF16E20,mous,male,C57BL/6,1.1.1,FreeFeed,0,Status,425,2,0,2,0,0,,,,,Disabled,25.4,41.8,994.8,14.4,0.000,0.000,253872,344900,250888,9182,3.65,5.40
2026-07-02 01:37:18,222472.687500,B0DB8AF16E20,mous,male,C57BL/6,1.1.1,FreeFeed,0,PelletDrop,426,2,0,2,0,0,,,,,,,,,,,,,,,,,,,,
2026-07-02 01:37:33,222486.968750,B0DB8AF16E20,mous,male,C57BL/6,1.1.1,FreeFeed,0,PelletTaken,426,2,0,2,0,0,13.733,3.000,0,1,,,,,,,,,,,,,,,,
2026-07-02 01:37:40,222494.156250,B0DB8AF16E20,mous,male,C57BL/6,1.1.1,FreeFeed,0,PelletDrop,427,2,0,2,0,0,,,,,,,,,,,,,,,,,,,,
2026-07-02 01:37:44,222498.906250,B0DB8AF16E20,mous,male,C57BL/6,1.1.1,FreeFeed,0,PelletTaken,427,2,0,2,0,0,4.185,3.000,0,1,,,,,,,,,,,,,,,,
2026-07-02 01:37:52,222506.093750,B0DB8AF16E20,mous,male,C57BL/6,1.1.1,FreeFeed,0,PelletDrop,428,2,0,2,0,0,,,,,,,,,,,,,,,,,,,,
2026-07-02 01:38:00,222514.781250,B0DB8AF16E20,mous,male,C57BL/6,1.1.1,FreeFeed,0,PelletTaken,428,2,0,2,0,0,8.123,3.000,0,1,,,,,,,,,,,,,,,,
2026-07-02 01:38:07,222521.968750,B0DB8AF16E20,mous,male,C57BL/6,1.1.1,FreeFeed,0,PelletDrop,429,2,0,2,0,0,,,,,,,,,,,,,,,,,,,,
2026-07-02 01:38:13,222527.593750,B0DB8AF16E20,mous,male,C57BL/6,1.1.1,FreeFeed,0,PelletTaken,429,2,0,2,0,0,5.075,3.000,0,1,,,,,,,,,,,,,,,,
2026-07-02 01:38:20,222534.796875,B0DB8AF16E20,mous,male,C57BL/6,1.1.1,FreeFeed,0,PelletDrop,430,2,0,2,0,0,,,,,,,,,,,,,,,,,,,,
2026-07-02 01:38:26,222540.390625,B0DB8AF16E20,mous,male,C57BL/6,1.1.1,FreeFeed,0,PelletTaken,430,2,0,2,0,0,5.043,3.000,0,1,,,,,,,,,,,,,,,,
2026-07-02 01:38:33,222547.578125,B0DB8AF16E20,mous,male,C57BL/6,1.1.1,FreeFeed,0,PelletDrop,431,2,0,2,0,0,,,,,,,,,,,,,,,,,,,,
2026-07-02 01:38:38,222552.734375,B0DB8AF16E20,mous,male,C57BL/6,1.1.1,FreeFeed,0,PelletTaken,431,2,0,2,0,0,4.580,3.000,0,1,,,,,,,,,,,,,,,,
2026-07-02 01:38:45,222559.921875,B0DB8AF16E20,mous,male,C57BL/6,1.1.1,FreeFeed,0,PelletDrop,432,2,0,2,0,0,,,,,,,,,,,,,,,,,,,,
2026-07-02 01:39:06,222580.468750,B0DB8AF16E20,mous,male,C57BL/6,1.1.1,FreeFeed,0,PelletTaken,432,2,0,2,0,0,TimedOut,3.000,0,1,,,,,,,,,,,,,,,,
2026-07-02 01:45:44,222978.234375,B0DB8AF16E20,mous,male,C57BL/6,1.1.1,FreeFeed,0,Status,432,2,0,2,0,0,,,,,Disabled,25.4,41.5,994.8,14.4,0.000,0.000,253872,344900,250888,9210,3.65,5.32
2026-07-02 01:55:56,223591.031250,B0DB8AF16E20,mous,male,C57BL/6,1.1.1,FreeFeed,0,Status,432,2,0,2,0,0,,,,,Disabled,25.4,41.5,994.8,14.4,0.000,0.000,253872,344900,250888,9235,3.65,5.23
2026-07-02 02:06:09,224203.828125,B0DB8AF16E20,mous,male,C57BL/6,1.1.1,FreeFeed,0,Status,432,2,0,2,0,0,,,,,Disabled,25.4,41.5,994.9,14.4,0.000,0.000,253872,344900,250888,9260,3.64,5.15
2026-07-02 02:16:21,224816.609375,B0DB8AF16E20,mous,male,C57BL/6,1.1.1,FreeFeed,0,Status,432,2,0,2,0,0,,,,,Disabled,25.4,41.4,995.0,14.4,0.000,0.000,253872,344900,250888,9285,3.64,5.06
2026-07-02 02:26:34,225429.406250,B0DB8AF16E20,mous,male,C57BL/6,1.1.1,FreeFeed,0,Status,432,2,0,2,0,0,,,,,Disabled,25.4,41.5,995.0,14.4,0.000,0.000,253872,344900,250888,9310,3.64,4.98
2026-07-02 02:36:46,226042.187500,B0DB8AF16E20,mous,male,C57BL/6,1.1.1,FreeFeed,0,Status,432,2,0,2,0,0,,,,,Disabled,25.4,41.7,995.1,14.4,0.000,0.000,253872,344900,250888,9335,3.65,4.89
2026-07-02 02:46:59,226654.968750,B0DB8AF16E20,mous,male,C57BL/6,1.1.1,FreeFeed,0,Status,432,2,0,2,0,0,,,,,Disabled,25.5,41.2,995.2,14.4,0.000,0.000,253872,344900,250888,9360,3.64,4.81
2026-07-02 02:57:12,227267.765625,B0DB8AF16E20,mous,male,C57BL/6,1.1.1,FreeFeed,0,Status,432,2,0,2,0,0,,,,,Disabled,25.5,40.7,995.3,14.5,0.000,0.000,253872,344900,250888,9385,3.65,4.81
2026-07-02 03:07:24,227880.578125,B0DB8AF16E20,mous,male,C57BL/6,1.1.1,FreeFeed,0,Status,432,2,0,2,0,0,,,,,Disabled,25.5,40.6,995.4,14.5,0.000,0.000,253872,344900,250888,9410,3.64,4.72
2026-07-02 03:14:53,228329.609375,B0DB8AF16E20,mous,male,C57BL/6,1.1.1,FreeFeed,0,PelletDrop,433,2,0,2,0,0,,,,,,,,,,,,,,,,,,,,
2026-07-02 03:15:05,228341.593750,B0DB8AF16E20,mous,male,C57BL/6,1.1.1,FreeFeed,0,PelletTaken,433,2,0,2,0,0,11.435,3.000,0,1,,,,,,,,,,,,,,,,
2026-07-02 03:15:12,228348.781250,B0DB8AF16E20,mous,male,C57BL/6,1.1.1,FreeFeed,0,PelletDrop,434,2,0,2,0,0,,,,,,,,,,,,,,,,,,,,
2026-07-02 03:15:22,228358.265625,B0DB8AF16E20,mous,male,C57BL/6,1.1.1,FreeFeed,0,PelletTaken,434,2,0,2,0,0,8.926,3.000,0,1,,,,,,,,,,,,,,,,
2026-07-02 03:15:29,228365.453125,B0DB8AF16E20,mous,male,C57BL/6,1.1.1,FreeFeed,0,PelletDrop,435,2,0,2,0,0,,,,,,,,,,,,,,,,,,,,
2026-07-02 03:15:37,228373.734375,B0DB8AF16E20,mous,male,C57BL/6,1.1.1,FreeFeed,0,PelletTaken,435,2,0,2,0,0,7.717,3.000,0,1,,,,,,,,,,,,,,,,
2026-07-02 03:15:44,228380.921875,B0DB8AF16E20,mous,male,C57BL/6,1.1.1,FreeFeed,0,PelletDrop,436,2,0,2,0,0,,,,,,,,,,,,,,,,,,,,
2026-07-02 03:15:53,228389.906250,B0DB8AF16E20,mous,male,C57BL/6,1.1.1,FreeFeed,0,PelletTaken,436,2,0,2,0,0,8.420,3.000,0,1,,,,,,,,,,,,,,,,
2026-07-02 03:16:00,228397.109375,B0DB8AF16E20,mous,male,C57BL/6,1.1.1,FreeFeed,0,PelletDrop,437,2,0,2,0,0,,,,,,,,,,,,,,,,,,,,
2026-07-02 03:16:09,228406.000000,B0DB8AF16E20,mous,male,C57BL/6,1.1.1,FreeFeed,0,PelletTaken,437,2,0,2,0,0,8.332,3.000,0,1,,,,,,,,,,,,,,,,
2026-07-02 03:16:17,228413.187500,B0DB8AF16E20,mous,male,C57BL/6,1.1.1,FreeFeed,0,PelletDrop,438,2,0,2,0,0,,,,,,,,,,,,,,,,,,,,
2026-07-02 03:16:26,228422.953125,B0DB8AF16E20,mous,male,C57BL/6,1.1.1,FreeFeed,0,PelletTaken,438,2,0,2,0,0,9.211,3.000,0,1,,,,,,,,,,,,,,,,
2026-07-02 03:16:34,228430.156250,B0DB8AF16E20,mous,male,C57BL/6,1.1.1,FreeFeed,0,PelletDrop,439,2,0,2,0,0,,,,,,,,,,,,,,,,,,,,
2026-07-02 03:16:51,228447.734375,B0DB8AF16E20,mous,male,C57BL/6,1.1.1,FreeFeed,0,PelletTaken,439,2,0,2,0,0,17.021,3.000,0,1,,,,,,,,,,,,,,,,
2026-07-02 03:17:48,228504.187500,B0DB8AF16E20,mous,male,C57BL/6,1.1.1,FreeFeed,0,Status,439,2,0,2,0,0,,,,,Disabled,25.6,40.6,995.5,14.5,0.000,0.000,253872,344900,250888,9438,3.64,4.72
2026-07-02 03:28:00,229116.984375,B0DB8AF16E20,mous,male,C57BL/6,1.1.1,FreeFeed,0,Status,439,2,0,2,0,0,,,,,Disabled,25.6,40.4,995.5,14.6,0.000,0.000,253872,344900,250888,9463,3.64,4.55
2026-07-02 03:38:13,229729.765625,B0DB8AF16E20,mous,male,C57BL/6,1.1.1,FreeFeed,0,Status,439,2,0,2,0,0,,,,,Disabled,25.6,40.3,995.5,14.6,0.000,0.000,253872,344900,250888,9488,3.65,4.55
2026-07-02 03:45:40,230176.781250,B0DB8AF16E20,mous,male,C57BL/6,1.1.1,FreeFeed,0,PelletDrop,440,2,0,2,0,0,,,,,,,,,,,,,,,,,,,,
2026-07-02 03:45:56,230192.734375,B0DB8AF16E20,mous,male,C57BL/6,1.1.1,FreeFeed,0,PelletTaken,440,2,0,2,0,0,15.383,3.000,0,1,,,,,,,,,,,,,,,,
2026-07-02 03:46:03,230199.921875,B0DB8AF16E20,mous,male,C57BL/6,1.1.1,FreeFeed,0,PelletDrop,441,2,0,2,0,0,,,,,,,,,,,,,,,,,,,,
2026-07-02 03:46:19,230216.718750,B0DB8AF16E20,mous,male,C57BL/6,1.1.1,FreeFeed,0,PelletTaken,441,2,0,2,0,0,16.252,3.000,0,1,,,,,,,,,,,,,,,,
2026-07-02 03:46:27,230223.906250,B0DB8AF16E20,mous,male,C57BL/6,1.1.1,FreeFeed,0,PelletDrop,442,2,0,2,0,0,,,,,,,,,,,,,,,,,,,,
2026-07-02 03:46:47,230244.468750,B0DB8AF16E20,mous,male,C57BL/6,1.1.1,FreeFeed,0,PelletTaken,442,2,0,2,0,0,TimedOut,3.000,0,1,,,,,,,,,,,,,,,,
2026-07-02 03:48:32,230349.687500,B0DB8AF16E20,mous,male,C57BL/6,1.1.1,FreeFeed,0,Status,442,2,0,2,0,0,,,,,Disabled,25.6,40.4,995.5,14.5,0.000,0.000,253872,344900,250888,9514,3.64,4.47
2026-07-02 03:55:28,230765.312500,B0DB8AF16E20,mous,male,C57BL/6,1.1.1,FreeFeed,0,PelletDrop,443,2,0,2,0,0,,,,,,,,,,,,,,,,,,,,
2026-07-02 03:55:41,230778.593750,B0DB8AF16E20,mous,male,C57BL/6,1.1.1,FreeFeed,0,PelletTaken,443,2,0,2,0,0,12.710,3.000,0,1,,,,,,,,,,,,,,,,
2026-07-02 03:55:48,230785.781250,B0DB8AF16E20,mous,male,C57BL/6,1.1.1,FreeFeed,0,PelletDrop,444,2,0,2,0,0,,,,,,,,,,,,,,,,,,,,
2026-07-02 03:56:04,230801.078125,B0DB8AF16E20,mous,male,C57BL/6,1.1.1,FreeFeed,0,PelletTaken,444,2,0,2,0,0,14.734,3.000,0,1,,,,,,,,,,,,,,,,
2026-07-02 03:56:11,230808.265625,B0DB8AF16E20,mous,male,C57BL/6,1.1.1,FreeFeed,0,PelletDrop,445,2,0,2,0,0,,,,,,,,,,,,,,,,,,,,
2026-07-02 03:56:20,230817.875000,B0DB8AF16E20,mous,male,C57BL/6,1.1.1,FreeFeed,0,PelletTaken,445,2,0,2,0,0,9.036,3.000,0,1,,,,,,,,,,,,,,,,
2026-07-02 03:56:28,230825.046875,B0DB8AF16E20,mous,male,C57BL/6,1.1.1,FreeFeed,0,PelletDrop,446,2,0,2,0,0,,,,,,,,,,,,,,,,,,,,
2026-07-02 03:56:37,230834.187500,B0DB8AF16E20,mous,male,C57BL/6,1.1.1,FreeFeed,0,PelletTaken,446,2,0,2,0,0,8.585,3.000,0,1,,,,,,,,,,,,,,,,
2026-07-02 03:56:44,230841.375000,B0DB8AF16E20,mous,male,C57BL/6,1.1.1,FreeFeed,0,PelletDrop,447,2,0,2,0,0,,,,,,,,,,,,,,,,,,,,
2026-07-02 03:57:01,230858.875000,B0DB8AF16E20,mous,male,C57BL/6,1.1.1,FreeFeed,0,PelletTaken,447,2,0,2,0,0,16.923,3.000,0,1,,,,,,,,,,,,,,,,
2026-07-02 03:57:09,230866.062500,B0DB8AF16E20,mous,male,C57BL/6,1.1.1,FreeFeed,0,PelletDrop,448,2,0,2,0,0,,,,,,,,,,,,,,,,,,,,
2026-07-02 03:57:14,230871.281250,B0DB8AF16E20,mous,male,C57BL/6,1.1.1,FreeFeed,0,PelletTaken,448,2,0,2,0,0,4.669,3.000,0,1,,,,,,,,,,,,,,,,
2026-07-02 03:57:21,230878.468750,B0DB8AF16E20,mous,male,C57BL/6,1.1.1,FreeFeed,0,PelletDrop,449,2,0,2,0,0,,,,,,,,,,,,,,,,,,,,
2026-07-02 03:57:42,230899.031250,B0DB8AF16E20,mous,male,C57BL/6,1.1.1,FreeFeed,0,PelletTaken,449,2,0,2,0,0,TimedOut,3.000,0,1,,,,,,,,,,,,,,,,
2026-07-02 03:58:38,230955.484375,B0DB8AF16E20,mous,male,C57BL/6,1.1.1,FreeFeed,0,Status,449,2,0,2,0,0,,,,,Disabled,25.6,40.5,995.5,14.6,0.000,0.000,253872,344900,250888,9540,3.63,4.38
2026-07-02 04:08:51,231568.265625,B0DB8AF16E20,mous,male,C57BL/6,1.1.1,FreeFeed,0,Status,449,2,0,2,0,0,,,,,Disabled,25.5,40.5,995.5,14.5,0.000,0.000,253872,344900,250888,9565,3.63,4.30
2026-07-02 04:19:03,232181.062500,B0DB8AF16E20,mous,male,C57BL/6,1.1.1,FreeFeed,0,Status,449,2,0,2,0,0,,,,,Disabled,25.5,41.1,995.5,14.4,0.000,0.000,253872,344900,250888,9590,3.63,4.21
2026-07-02 04:24:14,232492.468750,B0DB8AF16E20,mous,male,C57BL/6,1.1.1,FreeFeed,0,PelletDrop,450,2,0,2,0,0,,,,,,,,,,,,,,,,,,,,
2026-07-02 04:24:35,232513.031250,B0DB8AF16E20,mous,male,C57BL/6,1.1.1,FreeFeed,0,PelletTaken,450,2,0,2,0,0,TimedOut,3.000,0,1,,,,,,,,,,,,,,,,
2026-07-02 04:29:11,232788.906250,B0DB8AF16E20,mous,male,C57BL/6,1.1.1,FreeFeed,0,Status,450,2,0,2,0,0,,,,,Disabled,25.5,41.2,995.5,14.4,0.000,0.000,253872,344900,250888,9615,3.63,4.13
2026-07-02 04:39:23,233401.687500,B0DB8AF16E20,mous,male,C57BL/6,1.1.1,FreeFeed,0,Status,450,2,0,2,0,0,,,,,Disabled,25.4,41.3,995.5,14.4,0.000,0.000,253872,344900,250888,9640,3.63,4.13
2026-07-02 04:49:36,234014.484375,B0DB8AF16E20,mous,male,C57BL/6,1.1.1,FreeFeed,0,Status,450,2,0,2,0,0,,,,,Disabled,25.4,41.4,995.6,14.4,0.000,0.000,253872,344900,250888,9665,3.63,4.04
2026-07-02 04:59:48,234627.281250,B0DB8AF16E20,mous,male,C57BL/6,1.1.1,FreeFeed,0,Status,450,2,0,2,0,0,,,,,Disabled,25.4,41.2,995.7,14.4,0.000,0.000,253872,344900,250888,9690,3.63,3.96
2026-07-02 05:10:01,235240.062500,B0DB8AF16E20,mous,male,C57BL/6,1.1.1,FreeFeed,0,Status,450,2,0,2,0,0,,,,,Disabled,25.4,41.4,995.8,14.3,0.000,0.000,253872,344900,250888,9715,3.63,3.87
2026-07-02 05:20:14,235852.843750,B0DB8AF16E20,mous,male,C57BL/6,1.1.1,FreeFeed,0,Status,450,2,0,2,0,0,,,,,Disabled,25.4,41.5,995.9,14.3,0.000,0.000,253872,344900,250888,9740,3.62,3.87
2026-07-02 05:30:26,236465.671875,B0DB8AF16E20,mous,male,C57BL/6,1.1.1,FreeFeed,0,Status,450,2,0,2,0,0,,,,,Disabled,25.5,41.1,995.9,14.3,0.000,0.000,253872,344900,250888,9765,3.63,3.79
2026-07-02 05:40:39,237078.453125,B0DB8AF16E20,mous,male,C57BL/6,1.1.1,FreeFeed,0,Status,450,2,0,2,0,0,,,,,Disabled,25.5,40.7,996.0,14.3,0.000,0.000,253872,344900,250888,9790,3.62,3.70
2026-07-02 05:50:51,237691.250000,B0DB8AF16E20,mous,male,C57BL/6,1.1.1,FreeFeed,0,Status,450,2,0,2,0,0,,,,,Disabled,25.6,40.5,996.1,14.4,0.000,0.000,253872,344900,250888,9815,3.63,3.62
2026-07-02 05:52:45,237804.515625,B0DB8AF16E20,mous,male,C57BL/6,1.1.1,FreeFeed,0,PelletDrop,451,2,0,2,0,0,,,,,,,,,,,,,,,,,,,,
2026-07-02 05:53:01,237820.593750,B0DB8AF16E20,mous,male,C57BL/6,1.1.1,FreeFeed,0,PelletTaken,451,2,0,2,0,0,15.515,3.000,0,1,,,,,,,,,,,,,,,,
2026-07-02 05:53:08,237827.781250,B0DB8AF16E20,mous,male,C57BL/6,1.1.1,FreeFeed,0,PelletDrop,452,2,0,2,0,0,,,,,,,,,,,,,,,,,,,,
2026-07-02 05:53:21,237840.453125,B0DB8AF16E20,mous,male,C57BL/6,1.1.1,FreeFeed,0,PelletTaken,452,2,0,2,0,0,12.105,3.000,0,1,,,,,,,,,,,,,,,,
2026-07-02 05:53:28,237847.640625,B0DB8AF16E20,mous,male,C57BL/6,1.1.1,FreeFeed,0,PelletDrop,453,2,0,2,0,0,,,,,,,,,,,,,,,,,,,,
2026-07-02 05:53:40,237860.078125,B0DB8AF16E20,mous,male,C57BL/6,1.1.1,FreeFeed,0,PelletTaken,453,2,0,2,0,0,11.885,3.000,0,1,,,,,,,,,,,,,,,,
2026-07-02 05:53:47,237867.265625,B0DB8AF16E20,mous,male,C57BL/6,1.1.1,FreeFeed,0,PelletDrop,454,2,0,2,0,0,,,,,,,,,,,,,,,,,,,,
2026-07-02 05:53:58,237877.687500,B0DB8AF16E20,mous,male,C57BL/6,1.1.1,FreeFeed,0,PelletTaken,454,2,0,2,0,0,9.850,3.000,0,1,,,,,,,,,,,,,,,,
2026-07-02 05:54:05,237884.859375,B0DB8AF16E20,mous,male,C57BL/6,1.1.1,FreeFeed,0,PelletDrop,455,2,0,2,0,0,,,,,,,,,,,,,,,,,,,,
2026-07-02 05:54:19,237899.343750,B0DB8AF16E20,mous,male,C57BL/6,1.1.1,FreeFeed,0,PelletTaken,455,2,0,2,0,0,13.920,3.000,0,1,,,,,,,,,,,,,,,,
2026-07-02 05:54:27,237906.531250,B0DB8AF16E20,mous,male,C57BL/6,1.1.1,FreeFeed,0,PelletDrop,456,2,0,2,0,0,,,,,,,,,,,,,,,,,,,,
2026-07-02 05:54:43,237922.937500,B0DB8AF16E20,mous,male,C57BL/6,1.1.1,FreeFeed,0,PelletTaken,456,2,0,2,0,0,15.834,3.000,0,1,,,,,,,,,,,,,,,,
2026-07-02 05:54:50,237930.109375,B0DB8AF16E20,mous,male,C57BL/6,1.1.1,FreeFeed,0,PelletDrop,457,2,0,2,0,0,,,,,,,,,,,,,,,,,,,,
2026-07-02 05:55:11,237950.656250,B0DB8AF16E20,mous,male,C57BL/6,1.1.1,FreeFeed,0,PelletTaken,457,2,0,2,0,0,TimedOut,3.000,0,1,,,,,,,,,,,,,,,,
2026-07-02 06:01:00,238299.734375,B0DB8AF16E20,mous,male,C57BL/6,1.1.1,FreeFeed,0,Status,457,2,0,2,0,0,,,,,Disabled,25.6,40.4,996.2,14.4,0.173,82.000,253872,344900,250888,9841,3.63,3.62
2026-07-02 06:11:12,238912.515625,B0DB8AF16E20,mous,male,C57BL/6,1.1.1,FreeFeed,0,Status,457,2,0,2,0,0,,,,,Disabled,25.7,40.2,996.3,14.3,0.166,81.000,253872,344900,250888,9866,3.62,3.53
2026-07-02 06:21:25,239525.296875,B0DB8AF16E20,mous,male,C57BL/6,1.1.1,FreeFeed,0,Status,457,2,0,2,0,0,,,,,Disabled,25.7,40.1,996.5,14.4,0.194,93.000,253872,344900,250888,9891,3.63,3.45
2026-07-02 06:22:50,239610.781250,B0DB8AF16E20,mous,male,C57BL/6,1.1.1,FreeFeed,0,PelletDrop,458,2,0,2,0,0,,,,,,,,,,,,,,,,,,,,
2026-07-02 06:23:11,239631.343750,B0DB8AF16E20,mous,male,C57BL/6,1.1.1,FreeFeed,0,PelletTaken,458,2,0,2,0,0,TimedOut,3.000,0,1,,,,,,,,,,,,,,,,
2026-07-02 06:23:18,239638.515625,B0DB8AF16E20,mous,male,C57BL/6,1.1.1,FreeFeed,0,PelletDrop,459,2,0,2,0,0,,,,,,,,,,,,,,,,,,,,
2026-07-02 06:23:28,239648.656250,B0DB8AF16E20,mous,male,C57BL/6,1.1.1,FreeFeed,0,PelletTaken,459,2,0,2,0,0,9.575,3.000,0,1,,,,,,,,,,,,,,,,
2026-07-02 06:23:35,239655.859375,B0DB8AF16E20,mous,male,C57BL/6,1.1.1,FreeFeed,0,PelletDrop,460,2,0,2,0,0,,,,,,,,,,,,,,,,,,,,
2026-07-02 06:23:56,239676.406250,B0DB8AF16E20,mous,male,C57BL/6,1.1.1,FreeFeed,0,PelletTaken,460,2,0,2,0,0,TimedOut,3.000,0,1,,,,,,,,,,,,,,,,
2026-07-02 06:31:47,240147.281250,B0DB8AF16E20,mous,male,C57BL/6,1.1.1,FreeFeed,0,Status,460,2,0,2,0,0,,,,,Disabled,25.7,40.0,996.5,14.4,0.094,48.000,253872,344900,250888,9917,3.62,3.45
2026-07-02 06:41:59,240760.093750,B0DB8AF16E20,mous,male,C57BL/6,1.1.1,FreeFeed,0,Status,460,2,0,2,0,0,,,,,Disabled,25.7,40.0,996.6,14.3,0.356,154.000,253872,344900,250888,9942,3.63,3.36
2026-07-02 06:52:12,241372.875000,B0DB8AF16E20,mous,male,C57BL/6,1.1.1,FreeFeed,0,Status,460,2,0,2,0,0,,,,,Disabled,25.8,39.8,996.7,14.4,0.241,126.000,253872,344900,250888,9967,3.62,3.36
2026-07-02 06:55:45,241586.187500,B0DB8AF16E20,mous,male,C57BL/6,1.1.1,FreeFeed,0,PelletDrop,461,2,0,2,0,0,,,,,,,,,,,,,,,,,,,,
2026-07-02 06:56:01,241602.078125,B0DB8AF16E20,mous,male,C57BL/6,1.1.1,FreeFeed,0,PelletTaken,461,2,0,2,0,0,15.317,3.000,0,1,,,,,,,,,,,,,,,,
2026-07-02 06:56:08,241609.250000,B0DB8AF16E20,mous,male,C57BL/6,1.1.1,FreeFeed,0,PelletDrop,462,2,0,2,0,0,,,,,,,,,,,,,,,,,,,,
2026-07-02 06:56:20,241621.375000,B0DB8AF16E20,mous,male,C57BL/6,1.1.1,FreeFeed,0,PelletTaken,462,2,0,2,0,0,11.555,3.000,0,1,,,,,,,,,,,,,,,,
2026-07-02 06:56:27,241628.546875,B0DB8AF16E20,mous,male,C57BL/6,1.1.1,FreeFeed,0,PelletDrop,463,2,0,2,0,0,,,,,,,,,,,,,,,,,,,,
2026-07-02 06:56:42,241643.203125,B0DB8AF16E20,mous,male,C57BL/6,1.1.1,FreeFeed,0,PelletTaken,463,2,0,2,0,0,14.074,3.000,0,1,,,,,,,,,,,,,,,,
2026-07-02 06:56:49,241650.390625,B0DB8AF16E20,mous,male,C57BL/6,1.1.1,FreeFeed,0,PelletDrop,464,2,0,2,0,0,,,,,,,,,,,,,,,,,,,,
2026-07-02 06:57:03,241664.218750,B0DB8AF16E20,mous,male,C57BL/6,1.1.1,FreeFeed,0,PelletTaken,464,2,0,2,0,0,13.282,3.000,0,1,,,,,,,,,,,,,,,,
2026-07-02 06:57:10,241671.406250,B0DB8AF16E20,mous,male,C57BL/6,1.1.1,FreeFeed,0,PelletDrop,465,2,0,2,0,0,,,,,,,,,,,,,,,,,,,,
2026-07-02 06:57:22,241682.828125,B0DB8AF16E20,mous,male,C57BL/6,1.1.1,FreeFeed,0,PelletTaken,465,2,0,2,0,0,10.851,3.000,0,1,,,,,,,,,,,,,,,,
2026-07-02 06:57:29,241690.015625,B0DB8AF16E20,mous,male,C57BL/6,1.1.1,FreeFeed,0,PelletDrop,466,2,0,2,0,0,,,,,,,,,,,,,,,,,,,,
2026-07-02 06:57:40,241701.593750,B0DB8AF16E20,mous,male,C57BL/6,1.1.1,FreeFeed,0,PelletTaken,466,2,0,2,0,0,11.016,3.000,0,1,,,,,,,,,,,,,,,,
2026-07-02 06:57:48,241708.781250,B0DB8AF16E20,mous,male,C57BL/6,1.1.1,FreeFeed,0,PelletDrop,467,2,0,2,0,0,,,,,,,,,,,,,,,,,,,,
2026-07-02 06:58:08,241729.343750,B0DB8AF16E20,mous,male,C57BL/6,1.1.1,FreeFeed,0,PelletTaken,467,2,0,2,0,0,TimedOut,3.000,0,1,,,,,,,,,,,,,,,,
2026-07-02 07:02:19,241980.828125,B0DB8AF16E20,mous,male,C57BL/6,1.1.1,FreeFeed,0,Status,467,2,0,2,0,0,,,,,Disabled,25.8,40.0,996.7,14.5,0.202,114.000,253872,344900,250888,9993,3.62,3.28
2026-07-02 07:12:32,242593.625000,B0DB8AF16E20,mous,male,C57BL/6,1.1.1,FreeFeed,0,Status,467,2,0,2,0,0,,,,,Disabled,25.8,39.8,996.8,14.4,0.173,83.000,253872,344900,250888,10018,3.62,3.19
2026-07-02 07:22:45,243206.421875,B0DB8AF16E20,mous,male,C57BL/6,1.1.1,FreeFeed,0,Status,467,2,0,2,0,0,,,,,Disabled,25.8,39.8,997.0,14.4,0.223,121.000,253872,344900,250888,10043,3.62,3.19
2026-07-02 07:32:57,243819.203125,B0DB8AF16E20,mous,male,C57BL/6,1.1.1,FreeFeed,0,Status,467,2,0,2,0,0,,,,,Disabled,25.8,39.8,997.1,14.4,0.216,117.000,253872,344900,250888,10068,3.62,3.11
2026-07-02 07:39:41,244223.093750,B0DB8AF16E20,mous,male,C57BL/6,1.1.1,FreeFeed,0,PelletDrop,468,2,0,2,0,0,,,,,,,,,,,,,,,,,,,,
2026-07-02 07:40:02,244243.656250,B0DB8AF16E20,mous,male,C57BL/6,1.1.1,FreeFeed,0,PelletTaken,468,2,0,2,0,0,TimedOut,3.000,0,1,,,,,,,,,,,,,,,,
2026-07-02 07:40:13,244255.375000,B0DB8AF16E20,mous,male,C57BL/6,1.1.1,FreeFeed,0,PelletDrop,469,2,0,2,0,0,,,,,,,,,,,,,,,,,,,,
2026-07-02 07:40:30,244272.140625,B0DB8AF16E20,mous,male,C57BL/6,1.1.1,FreeFeed,0,PelletTaken,469,2,0,2,0,0,16.219,3.000,0,1,,,,,,,,,,,,,,,,
2026-07-02 07:40:37,244279.343750,B0DB8AF16E20,mous,male,C57BL/6,1.1.1,FreeFeed,0,PelletDrop,470,2,0,2,0,0,,,,,,,,,,,,,,,,,,,,
2026-07-02 07:40:58,244299.890625,B0DB8AF16E20,mous,male,C57BL/6,1.1.1,FreeFeed,0,PelletTaken,470,2,0,2,0,0,TimedOut,3.000,0,1,,,,,,,,,,,,,,,,
2026-07-02 07:43:07,244429.484375,B0DB8AF16E20,mous,male,C57BL/6,1.1.1,FreeFeed,0,Status,470,2,0,2,0,0,,,,,Disabled,25.8,39.9,997.2,14.4,0.216,116.000,253872,344900,250888,10094,3.62,3.02
2026-07-02 07:53:20,245042.265625,B0DB8AF16E20,mous,male,C57BL/6,1.1.1,FreeFeed,0,Status,470,2,0,2,0,0,,,,,Disabled,25.8,39.7,997.3,14.5,0.274,134.000,253872,344900,250888,10119,3.61,3.02
2026-07-02 08:03:32,245655.062500,B0DB8AF16E20,mous,male,C57BL/6,1.1.1,FreeFeed,0,Status,470,2,0,2,0,0,,,,,Disabled,25.8,39.8,997.4,14.4,0.252,124.000,253872,344900,250888,10144,3.61,2.94
2026-07-02 08:13:45,246267.843750,B0DB8AF16E20,mous,male,C57BL/6,1.1.1,FreeFeed,0,Status,470,2,0,2,0,0,,,,,Disabled,25.8,39.7,997.5,14.3,0.252,122.000,253872,344900,250888,10169,3.62,2.94
2026-07-02 08:18:16,246538.828125,B0DB8AF16E20,mous,male,C57BL/6,1.1.1,FreeFeed,0,PelletDrop,471,2,0,2,0,0,,,,,,,,,,,,,,,,,,,,
2026-07-02 08:18:36,246559.390625,B0DB8AF16E20,mous,male,C57BL/6,1.1.1,FreeFeed,0,PelletTaken,471,2,0,2,0,0,TimedOut,3.000,0,1,,,,,,,,,,,,,,,,
2026-07-02 08:18:55,246577.531250,B0DB8AF16E20,mous,male,C57BL/6,1.1.1,FreeFeed,0,PelletDrop,472,2,0,2,0,0,,,,,,,,,,,,,,,,,,,,
2026-07-02 08:19:15,246598.093750,B0DB8AF16E20,mous,male,C57BL/6,1.1.1,FreeFeed,0,PelletTaken,472,2,0,2,0,0,TimedOut,3.000,0,1,,,,,,,,,,,,,,,,
2026-07-02 08:19:22,246605.281250,B0DB8AF16E20,mous,male,C57BL/6,1.1.1,FreeFeed,0,PelletDrop,473,2,0,2,0,0,,,,,,,,,,,,,,,,,,,,
2026-07-02 08:19:32,246614.671875,B0DB8AF16E20,mous,male,C57BL/6,1.1.1,FreeFeed,0,PelletTaken,473,2,0,2,0,0,8.828,3.000,0,1,,,,,,,,,,,,,,,,
2026-07-02 08:19:39,246621.859375,B0DB8AF16E20,mous,male,C57BL/6,1.1.1,FreeFeed,0,PelletDrop,474,2,0,2,0,0,,,,,,,,,,,,,,,,,,,,
2026-07-02 08:19:53,246636.234375,B0DB8AF16E20,mous,male,C57BL/6,1.1.1,FreeFeed,0,PelletTaken,474,2,0,2,0,0,13.821,3.000,0,1,,,,,,,,,,,,,,,,
2026-07-02 08:20:00,246643.437500,B0DB8AF16E20,mous,male,C57BL/6,1.1.1,FreeFeed,0,PelletDrop,475,2,0,2,0,0,,,,,,,,,,,,,,,,,,,,
2026-07-02 08:20:16,246659.234375,B0DB8AF16E20,mous,male,C57BL/6,1.1.1,FreeFeed,0,PelletTaken,475,2,0,2,0,0,15.239,3.000,0,1,,,,,,,,,,,,,,,,
2026-07-02 08:20:23,246666.421875,B0DB8AF16E20,mous,male,C57BL/6,1.1.1,FreeFeed,0,PelletDrop,476,2,0,2,0,0,,,,,,,,,,,,,,,,,,,,
2026-07-02 08:20:38,246680.562500,B0DB8AF16E20,mous,male,C57BL/6,1.1.1,FreeFeed,0,PelletTaken,476,2,0,2,0,0,13.590,3.000,0,1,,,,,,,,,,,,,,,,
2026-07-02 08:20:45,246687.765625,B0DB8AF16E20,mous,male,C57BL/6,1.1.1,FreeFeed,0,PelletDrop,477,2,0,2,0,0,,,,,,,,,,,,,,,,,,,,
2026-07-02 08:21:05,246708.312500,B0DB8AF16E20,mous,male,C57BL/6,1.1.1,FreeFeed,0,PelletTaken,477,2,0,2,0,0,TimedOut,3.000,0,1,,,,,,,,,,,,,,,,
2026-07-02 08:24:04,246886.656250,B0DB8AF16E20,mous,male,C57BL/6,1.1.1,FreeFeed,0,Status,477,2,0,2,0,0,,,,,Disabled,25.9,39.6,997.6,14.4,0.014,24.000,253872,344900,250888,10195,3.61,2.85
2026-07-02 08:34:16,247499.484375,B0DB8AF16E20,mous,male,C57BL/6,1.1.1,FreeFeed,0,Status,477,2,0,2,0,0,,,,,Disabled,25.9,39.7,997.7,14.3,0.079,56.000,253872,344900,250888,10220,3.62,2.77
2026-07-02 08:44:29,248112.265625,B0DB8AF16E20,mous,male,C57BL/6,1.1.1,FreeFeed,0,Status,477,2,0,2,0,0,,,,,Disabled,25.8,39.8,997.8,14.4,0.097,60.000,253872,344900,250888,10245,3.61,2.77
2026-07-02 08:54:41,248725.046875,B0DB8AF16E20,mous,male,C57BL/6,1.1.1,FreeFeed,0,Status,477,2,0,2,0,0,,,,,Disabled,25.8,39.7,997.8,14.4,0.086,58.000,253872,344900,250888,10270,3.61,2.68
2026-07-02 09:04:54,249337.843750,B0DB8AF16E20,mous,male,C57BL/6,1.1.1,FreeFeed,0,Status,477,2,0,2,0,0,,,,,Disabled,25.8,39.6,997.9,14.4,0.097,58.000,253872,344900,250888,10295,3.61,2.68
2026-07-02 09:15:06,249950.625000,B0DB8AF16E20,mous,male,C57BL/6,1.1.1,FreeFeed,0,Status,477,2,0,2,0,0,,,,,Disabled,25.8,39.6,998.0,14.5,0.104,62.000,253872,344900,250888,10320,3.61,2.60
2026-07-02 09:25:19,250563.406250,B0DB8AF16E20,mous,male,C57BL/6,1.1.1,FreeFeed,0,Status,477,2,0,2,0,0,,,,,Disabled,25.8,39.6,998.0,14.5,0.050,40.000,253872,344900,250888,10345,3.62,2.51
2026-07-02 09:35:32,251176.203125,B0DB8AF16E20,mous,male,C57BL/6,1.1.1,FreeFeed,0,Status,477,2,0,2,0,0,,,,,Disabled,25.8,39.6,998.1,14.6,0.104,62.000,253872,344900,250888,10370,3.61,2.43
2026-07-02 09:41:40,251544.703125,B0DB8AF16E20,mous,male,C57BL/6,1.1.1,FreeFeed,0,PelletDrop,478,2,0,2,0,0,,,,,,,,,,,,,,,,,,,,
2026-07-02 09:41:58,251562.718750,B0DB8AF16E20,mous,male,C57BL/6,1.1.1,FreeFeed,0,PelletTaken,478,2,0,2,0,0,17.462,3.000,0,1,,,,,,,,,,,,,,,,
2026-07-02 09:42:05,251569.921875,B0DB8AF16E20,mous,male,C57BL/6,1.1.1,FreeFeed,0,PelletDrop,479,2,0,2,0,0,,,,,,,,,,,,,,,,,,,,
2026-07-02 09:42:26,251590.468750,B0DB8AF16E20,mous,male,C57BL/6,1.1.1,FreeFeed,0,PelletTaken,479,2,0,2,0,0,TimedOut,3.000,0,1,,,,,,,,,,,,,,,,
2026-07-02 09:45:48,251793.203125,B0DB8AF16E20,mous,male,C57BL/6,1.1.1,FreeFeed,0,Status,479,2,0,2,0,0,,,,,Disabled,25.8,39.7,998.1,14.4,0.137,80.000,253872,344900,250888,10395,3.62,2.43
2026-07-02 09:56:01,252406.015625,B0DB8AF16E20,mous,male,C57BL/6,1.1.1,FreeFeed,0,Status,479,2,0,2,0,0,,,,,Disabled,25.8,39.6,998.1,14.5,0.094,58.000,253872,344900,250888,10420,3.61,2.41
2026-07-02 10:06:13,253018.796875,B0DB8AF16E20,mous,male,C57BL/6,1.1.1,FreeFeed,0,Status,479,2,0,2,0,0,,,,,Disabled,25.7,39.5,998.1,14.4,0.094,58.000,253872,344900,250888,10445,3.60,2.39
2026-07-02 10:16:26,253631.578125,B0DB8AF16E20,mous,male,C57BL/6,1.1.1,FreeFeed,0,Status,479,2,0,2,0,0,,,,,Disabled,25.7,39.5,998.1,14.5,0.101,58.000,253872,344900,250888,10470,3.60,2.39
2026-07-02 10:21:09,253914.562500,B0DB8AF16E20,mous,male,C57BL/6,1.1.1,FreeFeed,0,PelletDrop,480,2,0,2,0,0,,,,,,,,,,,,,,,,,,,,
2026-07-02 10:21:29,253935.109375,B0DB8AF16E20,mous,male,C57BL/6,1.1.1,FreeFeed,0,PelletTaken,480,2,0,2,0,0,TimedOut,3.000,0,1,,,,,,,,,,,,,,,,
2026-07-02 10:21:41,253946.859375,B0DB8AF16E20,mous,male,C57BL/6,1.1.1,FreeFeed,0,PelletDrop,481,2,0,2,0,0,,,,,,,,,,,,,,,,,,,,
2026-07-02 10:22:02,253967.406250,B0DB8AF16E20,mous,male,C57BL/6,1.1.1,FreeFeed,0,PelletTaken,481,2,0,2,0,0,TimedOut,3.000,0,1,,,,,,,,,,,,,,,,
2026-07-02 10:26:37,254243.281250,B0DB8AF16E20,mous,male,C57BL/6,1.1.1,FreeFeed,0,Status,481,2,0,2,0,0,,,,,Disabled,25.7,39.5,998.1,14.5,0.086,56.000,253872,344900,250888,10496,3.60,2.38
2026-07-02 10:36:50,254856.062500,B0DB8AF16E20,mous,male,C57BL/6,1.1.1,FreeFeed,0,Status,481,2,0,2,0,0,,,,,Disabled,25.7,39.4,998.0,14.5,0.158,88.000,253872,344900,250888,10521,3.60,2.36
2026-07-02 10:47:03,255468.843750,B0DB8AF16E20,mous,male,C57BL/6,1.1.1,FreeFeed,0,Status,481,2,0,2,0,0,,,,,Disabled,25.7,39.4,998.0,14.5,0.144,86.000,253872,344900,250888,10546,3.60,2.36
2026-07-02 10:47:30,255496.062500,B0DB8AF16E20,mous,male,C57BL/6,1.1.1,FreeFeed,0,PelletDrop,482,2,0,2,0,0,,,,,,,,,,,,,,,,,,,,
2026-07-02 10:47:50,255516.609375,B0DB8AF16E20,mous,male,C57BL/6,1.1.1,FreeFeed,0,PelletTaken,482,2,0,2,0,0,TimedOut,3.000,0,1,,,,,,,,,,,,,,,,
2026-07-02 10:48:17,255542.968750,B0DB8AF16E20,mous,male,C57BL/6,1.1.1,FreeFeed,0,PelletDrop,483,2,0,2,0,0,,,,,,,,,,,,,,,,,,,,
2026-07-02 10:48:37,255563.531250,B0DB8AF16E20,mous,male,C57BL/6,1.1.1,FreeFeed,0,PelletTaken,483,2,0,2,0,0,TimedOut,3.000,0,1,,,,,,,,,,,,,,,,
2026-07-02 10:54:15,255901.468750,B0DB8AF16E20,mous,male,C57BL/6,1.1.1,FreeFeed,0,PelletDrop,484,2,0,2,0,0,,,,,,,,,,,,,,,,,,,,
2026-07-02 10:54:31,255917.421875,B0DB8AF16E20,mous,male,C57BL/6,1.1.1,FreeFeed,0,PelletTaken,484,2,0,2,0,0,15.394,3.000,0,1,,,,,,,,,,,,,,,,
2026-07-02 10:54:38,255924.609375,B0DB8AF16E20,mous,male,C57BL/6,1.1.1,FreeFeed,0,PelletDrop,485,2,0,2,0,0,,,,,,,,,,,,,,,,,,,,
2026-07-02 10:54:51,255937.046875,B0DB8AF16E20,mous,male,C57BL/6,1.1.1,FreeFeed,0,PelletTaken,485,2,0,2,0,0,11.873,3.000,0,1,,,,,,,,,,,,,,,,
2026-07-02 10:54:58,255944.234375,B0DB8AF16E20,mous,male,C57BL/6,1.1.1,FreeFeed,0,PelletDrop,486,2,0,2,0,0,,,,,,,,,,,,,,,,,,,,
2026-07-02 10:55:18,255964.781250,B0DB8AF16E20,mous,male,C57BL/6,1.1.1,FreeFeed,0,PelletTaken,486,2,0,2,0,0,TimedOut,3.000,0,1,,,,,,,,,,,,,,,,
2026-07-02 10:57:04,256070.000000,B0DB8AF16E20,mous,male,C57BL/6,1.1.1,FreeFeed,0,Status,486,2,0,2,0,0,,,,,Disabled,25.7,39.6,998.0,14.5,0.137,87.000,253872,344900,250888,10571,3.60,2.36
2026-07-02 11:07:16,256682.796875,B0DB8AF16E20,mous,male,C57BL/6,1.1.1,FreeFeed,0,Status,486,2,0,2,0,0,,,,,Disabled,25.7,39.6,998.0,14.5,0.097,62.000,253872,344900,250888,10596,3.60,2.33
2026-07-02 11:17:29,257295.593750,B0DB8AF16E20,mous,male,C57BL/6,1.1.1,FreeFeed,0,Status,486,2,0,2,0,0,,,,,Disabled,25.7,40.1,997.9,14.4,0.101,64.000,253872,344900,250888,10621,3.61,2.33
2026-07-02 11:27:41,257908.390625,B0DB8AF16E20,mous,male,C57BL/6,1.1.1,FreeFeed,0,Status,486,2,0,2,0,0,,,,,Disabled,25.7,40.0,997.9,14.4,0.115,70.000,253872,344900,250888,10646,3.60,2.33
2026-07-02 11:37:54,258521.187500,B0DB8AF16E20,mous,male,C57BL/6,1.1.1,FreeFeed,0,Status,486,2,0,2,0,0,,,,,Disabled,25.8,39.7,997.8,14.4,0.115,70.000,253872,344900,250888,10671,3.60,2.30
2026-07-02 11:48:06,259133.968750,B0DB8AF16E20,mous,male,C57BL/6,1.1.1,FreeFeed,0,Status,486,2,0,2,0,0,,,,,Disabled,25.8,39.6,997.8,14.3,0.115,70.000,253872,344900,250888,10696,3.60,2.30
2026-07-02 11:58:19,259746.765625,B0DB8AF16E20,mous,male,C57BL/6,1.1.1,FreeFeed,0,Status,486,2,0,2,0,0,,,,,Disabled,25.8,39.5,997.8,14.4,0.115,68.000,253872,344900,250888,10721,3.60,2.30
2026-07-02 12:08:32,260359.546875,B0DB8AF16E20,mous,male,C57BL/6,1.1.1,FreeFeed,0,Status,486,2,0,2,0,0,,,,,Disabled,25.8,39.3,997.8,14.5,0.115,70.000,253872,344900,250888,10746,3.61,2.28
2026-07-02 12:15:38,260785.750000,B0DB8AF16E20,mous,male,C57BL/6,1.1.1,FreeFeed,0,PelletDrop,487,2,0,2,0,0,,,,,,,,,,,,,,,,,,,,
2026-07-02 12:15:57,260805.375000,B0DB8AF16E20,mous,male,C57BL/6,1.1.1,FreeFeed,0,PelletTaken,487,2,0,2,0,0,19.046,3.000,0,1,,,,,,,,,,,,,,,,
2026-07-02 12:16:04,260812.562500,B0DB8AF16E20,mous,male,C57BL/6,1.1.1,FreeFeed,0,PelletDrop,488,2,0,2,0,0,,,,,,,,,,,,,,,,,,,,
2026-07-02 12:16:23,260831.015625,B0DB8AF16E20,mous,male,C57BL/6,1.1.1,FreeFeed,0,PelletTaken,488,2,0,2,0,0,17.901,3.000,0,1,,,,,,,,,,,,,,,,
2026-07-02 12:16:30,260838.203125,B0DB8AF16E20,mous,male,C57BL/6,1.1.1,FreeFeed,0,PelletDrop,489,2,0,2,0,0,,,,,,,,,,,,,,,,,,,,
2026-07-02 12:16:44,260852.093750,B0DB8AF16E20,mous,male,C57BL/6,1.1.1,FreeFeed,0,PelletTaken,489,2,0,2,0,0,13.326,3.000,0,1,,,,,,,,,,,,,,,,
2026-07-02 12:16:51,260859.281250,B0DB8AF16E20,mous,male,C57BL/6,1.1.1,FreeFeed,0,PelletDrop,490,2,0,2,0,0,,,,,,,,,,,,,,,,,,,,
2026-07-02 12:17:12,260879.828125,B0DB8AF16E20,mous,male,C57BL/6,1.1.1,FreeFeed,0,PelletTaken,490,2,0,2,0,0,TimedOut,3.000,0,1,,,,,,,,,,,,,,,,
2026-07-02 12:17:19,260887.015625,B0DB8AF16E20,mous,male,C57BL/6,1.1.1,FreeFeed,0,PelletDrop,491,2,0,2,0,0,,,,,,,,,,,,,,,,,,,,
2026-07-02 12:17:34,260902.265625,B0DB8AF16E20,mous,male,C57BL/6,1.1.1,FreeFeed,0,PelletTaken,491,2,0,2,0,0,14.712,3.000,0,1,,,,,,,,,,,,,,,,
2026-07-02 12:17:41,260909.453125,B0DB8AF16E20,mous,male,C57BL/6,1.1.1,FreeFeed,0,PelletDrop,492,2,0,2,0,0,,,,,,,,,,,,,,,,,,,,
2026-07-02 12:18:02,260930.015625,B0DB8AF16E20,mous,male,C57BL/6,1.1.1,FreeFeed,0,PelletTaken,492,2,0,2,0,0,TimedOut,3.000,0,1,,,,,,,,,,,,,,,,
2026-07-02 12:18:16,260944.203125,B0DB8AF16E20,mous,male,C57BL/6,1.1.1,FreeFeed,0,PelletDrop,493,2,0,2,0,0,,,,,,,,,,,,,,,,,,,,
2026-07-02 12:18:37,260964.750000,B0DB8AF16E20,mous,male,C57BL/6,1.1.1,FreeFeed,0,PelletTaken,493,2,0,2,0,0,TimedOut,3.000,0,1,,,,,,,,,,,,,,,,
2026-07-02 12:18:44,260972.437500,B0DB8AF16E20,mous,male,C57BL/6,1.1.1,FreeFeed,0,Status,493,2,0,2,0,0,,,,,Disabled,25.8,39.2,997.7,14.4,0.104,58.000,253872,344900,250888,10772,3.60,2.26
2026-07-02 12:28:57,261585.218750,B0DB8AF16E20,mous,male,C57BL/6,1.1.1,FreeFeed,0,Status,493,2,0,2,0,0,,,,,Disabled,25.8,39.2,997.7,14.5,0.108,64.000,253872,344900,250888,10797,3.59,2.25
2026-07-02 12:39:09,262198.031250,B0DB8AF16E20,mous,male,C57BL/6,1.1.1,FreeFeed,0,Status,493,2,0,2,0,0,,,,,Disabled,25.8,39.3,997.6,14.5,0.083,52.000,253872,344900,250888,10822,3.59,2.26
2026-07-02 12:49:22,262810.843750,B0DB8AF16E20,mous,male,C57BL/6,1.1.1,FreeFeed,0,Status,493,2,0,2,0,0,,,,,Disabled,25.8,39.3,997.6,14.6,0.108,58.000,253872,344900,250888,10847,3.59,2.25
2026-07-02 12:59:35,263423.625000,B0DB8AF16E20,mous,male,C57BL/6,1.1.1,FreeFeed,0,Status,493,2,0,2,0,0,,,,,Disabled,25.8,39.3,997.5,14.5,0.148,83.000,253872,344900,250888,10872,3.60,2.21
2026-07-02 13:09:47,264036.406250,B0DB8AF16E20,mous,male,C57BL/6,1.1.1,FreeFeed,0,Status,493,2,0,2,0,0,,,,,Disabled,25.8,39.4,997.5,14.6,0.122,72.000,253872,344900,250888,10897,3.59,2.23
2026-07-02 13:15:26,264375.687500,B0DB8AF16E20,mous,male,C57BL/6,1.1.1,FreeFeed,0,PelletDrop,494,2,0,2,0,0,,,,,,,,,,,,,,,,,,,,
2026-07-02 13:15:47,264396.250000,B0DB8AF16E20,mous,male,C57BL/6,1.1.1,FreeFeed,0,PelletTaken,494,2,0,2,0,0,TimedOut,3.000,0,1,,,,,,,,,,,,,,,,
2026-07-02 13:15:54,264403.437500,B0DB8AF16E20,mous,male,C57BL/6,1.1.1,FreeFeed,0,PelletDrop,495,2,0,2,0,0,,,,,,,,,,,,,,,,,,,,
2026-07-02 13:16:15,264423.968750,B0DB8AF16E20,mous,male,C57BL/6,1.1.1,FreeFeed,0,PelletTaken,495,2,0,2,0,0,TimedOut,3.000,0,1,,,,,,,,,,,,,,,,
2026-07-02 13:16:22,264431.156250,B0DB8AF16E20,mous,male,C57BL/6,1.1.1,FreeFeed,0,PelletDrop,496,2,0,2,0,0,,,,,,,,,,,,,,,,,,,,
2026-07-02 13:16:23,264432.312500,B0DB8AF16E20,mous,male,C57BL/6,1.1.1,FreeFeed,0,PelletNotDetected,496,2,0,2,0,0,,,,,,,,,,,,,,,,,,,,
2026-07-02 13:16:30,264439.468750,B0DB8AF16E20,mous,male,C57BL/6,1.1.1,FreeFeed,0,PelletDrop,497,2,0,2,0,0,,,,,,,,,,,,,,,,,,,,
2026-07-02 13:16:47,264456.343750,B0DB8AF16E20,mous,male,C57BL/6,1.1.1,FreeFeed,0,PelletTaken,497,2,0,2,0,0,16.340,3.000,0,2,,,,,,,,,,,,,,,,
2026-07-02 13:16:54,264463.531250,B0DB8AF16E20,mous,male,C57BL/6,1.1.1,FreeFeed,0,PelletDrop,498,2,0,2,0,0,,,,,,,,,,,,,,,,,,,,
2026-07-02 13:17:15,264484.093750,B0DB8AF16E20,mous,male,C57BL/6,1.1.1,FreeFeed,0,PelletTaken,498,2,0,2,0,0,TimedOut,3.000,0,1,,,,,,,,,,,,,,,,
2026-07-02 13:19:49,264638.062500,B0DB8AF16E20,mous,male,C57BL/6,1.1.1,FreeFeed,0,Status,498,2,0,2,0,0,,,,,Disabled,25.8,39.5,997.5,14.6,0.086,58.000,253872,344900,250888,10922,3.59,2.20
2026-07-02 13:30:01,265250.843750,B0DB8AF16E20,mous,male,C57BL/6,1.1.1,FreeFeed,0,Status,498,2,0,2,0,0,,,,,Disabled,25.8,39.5,997.4,14.5,0.108,68.000,253872,344900,250888,10947,3.59,2.20
2026-07-02 13:40:14,265863.656250,B0DB8AF16E20,mous,male,C57BL/6,1.1.1,FreeFeed,0,Status,498,2,0,2,0,0,,,,,Disabled,25.8,39.4,997.4,14.5,0.122,76.000,253872,344900,250888,10972,3.60,2.18
2026-07-02 13:50:26,266476.437500,B0DB8AF16E20,mous,male,C57BL/6,1.1.1,FreeFeed,0,Status,498,2,0,2,0,0,,,,,Disabled,25.8,39.2,997.3,14.5,0.122,76.000,253872,344900,250888,10997,3.59,2.18
2026-07-02 14:00:39,267089.250000,B0DB8AF16E20,mous,male,C57BL/6,1.1.1,FreeFeed,0,Status,498,2,0,2,0,0,,,,,Disabled,25.8,39.1,997.2,14.6,0.137,82.000,253872,344900,250888,11022,3.60,2.14
2026-07-02 14:10:52,267702.031250,B0DB8AF16E20,mous,male,C57BL/6,1.1.1,FreeFeed,0,Status,498,2,0,2,0,0,,,,,Disabled,25.8,39.0,997.2,14.6,0.122,77.000,253872,344900,250888,11047,3.59,2.14
2026-07-02 14:18:12,268142.218750,B0DB8AF16E20,mous,male,C57BL/6,1.1.1,FreeFeed,0,PelletDrop,499,2,0,2,0,0,,,,,,,,,,,,,,,,,,,,
2026-07-02 14:18:32,268162.781250,B0DB8AF16E20,mous,male,C57BL/6,1.1.1,FreeFeed,0,PelletTaken,499,2,0,2,0,0,TimedOut,3.000,0,1,,,,,,,,,,,,,,,,
2026-07-02 14:18:39,268169.968750,B0DB8AF16E20,mous,male,C57BL/6,1.1.1,FreeFeed,0,PelletDrop,500,2,0,2,0,0,,,,,,,,,,,,,,,,,,,,
2026-07-02 14:19:00,268190.531250,B0DB8AF16E20,mous,male,C57BL/6,1.1.1,FreeFeed,0,PelletTaken,500,2,0,2,0,0,TimedOut,3.000,0,1,,,,,,,,,,,,,,,,
2026-07-02 14:19:12,268202.625000,B0DB8AF16E20,mous,male,C57BL/6,1.1.1,FreeFeed,0,PelletDrop,501,2,0,2,0,0,,,,,,,,,,,,,,,,,,,,
2026-07-02 14:19:25,268215.375000,B0DB8AF16E20,mous,male,C57BL/6,1.1.1,FreeFeed,0,PelletTaken,501,2,0,2,0,0,12.215,3.000,0,1,,,,,,,,,,,,,,,,
2026-07-02 14:19:32,268222.593750,B0DB8AF16E20,mous,male,C57BL/6,1.1.1,FreeFeed,0,PelletDrop,502,2,0,2,0,0,,,,,,,,,,,,,,,,,,,,
2026-07-02 14:19:45,268236.125000,B0DB8AF16E20,mous,male,C57BL/6,1.1.1,FreeFeed,0,PelletTaken,502,2,0,2,0,0,12.974,3.000,0,1,,,,,,,,,,,,,,,,
2026-07-02 14:19:53,268243.312500,B0DB8AF16E20,mous,male,C57BL/6,1.1.1,FreeFeed,0,PelletDrop,503,2,0,2,0,0,,,,,,,,,,,,,,,,,,,,
2026-07-02 14:20:05,268255.250000,B0DB8AF16E20,mous,male,C57BL/6,1.1.1,FreeFeed,0,PelletTaken,503,2,0,2,0,0,11.390,3.000,0,1,,,,,,,,,,,,,,,,
2026-07-02 14:20:12,268262.437500,B0DB8AF16E20,mous,male,C57BL/6,1.1.1,FreeFeed,0,PelletDrop,504,2,0,2,0,0,,,,,,,,,,,,,,,,,,,,
2026-07-02 14:20:32,268283.000000,B0DB8AF16E20,mous,male,C57BL/6,1.1.1,FreeFeed,0,PelletTaken,504,2,0,2,0,0,TimedOut,3.000,0,1,,,,,,,,,,,,,,,,
2026-07-02 14:21:04,268315.062500,B0DB8AF16E20,mous,male,C57BL/6,1.1.1,FreeFeed,0,Status,504,2,0,2,0,0,,,,,Disabled,25.8,39.1,997.1,14.6,0.097,60.000,253872,344900,250888,11073,3.58,2.13
2026-07-02 14:31:17,268927.875000,B0DB8AF16E20,mous,male,C57BL/6,1.1.1,FreeFeed,0,Status,504,2,0,2,0,0,,,,,Disabled,25.8,39.1,997.0,14.6,0.137,85.000,253872,344900,250888,11098,3.59,2.10
2026-07-02 14:41:30,269540.656250,B0DB8AF16E20,mous,male,C57BL/6,1.1.1,FreeFeed,0,Status,504,2,0,2,0,0,,,,,Disabled,25.8,39.1,997.0,14.6,0.144,86.000,253872,344900,250888,11123,3.58,2.11
2026-07-02 14:51:42,270153.437500,B0DB8AF16E20,mous,male,C57BL/6,1.1.1,FreeFeed,0,Status,504,2,0,2,0,0,,,,,Disabled,25.8,39.1,996.9,14.7,0.155,89.000,253872,344900,250888,11148,3.58,2.10
2026-07-02 15:01:55,270766.218750,B0DB8AF16E20,mous,male,C57BL/6,1.1.1,FreeFeed,0,Status,504,2,0,2,0,0,,,,,Disabled,25.8,39.1,996.8,14.6,0.148,84.000,253872,344900,250888,11173,3.58,2.10
2026-07-02 15:12:07,271379.031250,B0DB8AF16E20,mous,male,C57BL/6,1.1.1,FreeFeed,0,Status,504,2,0,2,0,0,,,,,Disabled,25.8,39.0,996.7,14.6,0.104,54.000,253872,344900,250888,11198,3.58,2.06
2026-07-02 15:22:20,271991.843750,B0DB8AF16E20,mous,male,C57BL/6,1.1.1,FreeFeed,0,Status,504,2,0,2,0,0,,,,,Disabled,25.8,39.3,996.6,14.6,0.126,74.000,253872,344900,250888,11223,3.59,2.06
2026-07-02 15:28:33,272365.062500,B0DB8AF16E20,mous,male,C57BL/6,1.1.1,FreeFeed,0,PelletDrop,505,2,0,2,0,0,,,,,,,,,,,,,,,,,,,,
2026-07-02 15:28:54,272385.593750,B0DB8AF16E20,mous,male,C57BL/6,1.1.1,FreeFeed,0,PelletTaken,505,2,0,2,0,0,TimedOut,3.000,0,1,,,,,,,,,,,,,,,,
2026-07-02 15:29:01,272392.781250,B0DB8AF16E20,mous,male,C57BL/6,1.1.1,FreeFeed,0,PelletDrop,506,2,0,2,0,0,,,,,,,,,,,,,,,,,,,,
2026-07-02 15:29:21,272413.343750,B0DB8AF16E20,mous,male,C57BL/6,1.1.1,FreeFeed,0,PelletTaken,506,2,0,2,0,0,TimedOut,3.000,0,1,,,,,,,,,,,,,,,,
2026-07-02 15:32:44,272616.062500,B0DB8AF16E20,mous,male,C57BL/6,1.1.1,FreeFeed,0,Status,506,2,0,2,0,0,,,,,Disabled,25.8,39.4,996.6,14.5,0.086,61.000,253872,344900,250888,11249,3.57,2.05
2026-07-02 15:42:56,273228.843750,B0DB8AF16E20,mous,male,C57BL/6,1.1.1,FreeFeed,0,Status,506,2,0,2,0,0,,,,,Disabled,25.8,39.5,996.4,14.6,0.223,119.000,253872,344900,250888,11274,3.58,2.03
2026-07-02 15:53:09,273841.656250,B0DB8AF16E20,mous,male,C57BL/6,1.1.1,FreeFeed,0,Status,506,2,0,2,0,0,,,,,Disabled,25.7,39.7,996.3,14.5,0.209,113.000,253872,344900,250888,11299,3.58,2.00
2026-07-02 15:56:59,274071.687500,B0DB8AF16E20,mous,male,C57BL/6,1.1.1,FreeFeed,0,PelletDrop,507,2,0,2,0,0,,,,,,,,,,,,,,,,,,,,
2026-07-02 15:57:11,274083.437500,B0DB8AF16E20,mous,male,C57BL/6,1.1.1,FreeFeed,0,PelletTaken,507,2,0,2,0,0,11.214,3.000,0,1,,,,,,,,,,,,,,,,
2026-07-02 15:57:18,274090.656250,B0DB8AF16E20,mous,male,C57BL/6,1.1.1,FreeFeed,0,PelletDrop,508,2,0,2,0,0,,,,,,,,,,,,,,,,,,,,
2026-07-02 15:57:25,274098.187500,B0DB8AF16E20,mous,male,C57BL/6,1.1.1,FreeFeed,0,PelletTaken,508,2,0,2,0,0,6.968,3.000,0,1,,,,,,,,,,,,,,,,
2026-07-02 15:57:33,274105.375000,B0DB8AF16E20,mous,male,C57BL/6,1.1.1,FreeFeed,0,PelletDrop,509,2,0,2,0,0,,,,,,,,,,,,,,,,,,,,
2026-07-02 15:57:42,274114.250000,B0DB8AF16E20,mous,male,C57BL/6,1.1.1,FreeFeed,0,PelletTaken,509,2,0,2,0,0,8.332,3.000,0,1,,,,,,,,,,,,,,,,
2026-07-02 15:57:49,274121.437500,B0DB8AF16E20,mous,male,C57BL/6,1.1.1,FreeFeed,0,PelletDrop,510,2,0,2,0,0,,,,,,,,,,,,,,,,,,,,
2026-07-02 15:57:55,274127.656250,B0DB8AF16E20,mous,male,C57BL/6,1.1.1,FreeFeed,0,PelletTaken,510,2,0,2,0,0,5.659,3.000,0,1,,,,,,,,,,,,,,,,
2026-07-02 15:58:02,274134.843750,B0DB8AF16E20,mous,male,C57BL/6,1.1.1,FreeFeed,0,PelletDrop,511,2,0,2,0,0,,,,,,,,,,,,,,,,,,,,
2026-07-02 15:58:23,274155.406250,B0DB8AF16E20,mous,male,C57BL/6,1.1.1,FreeFeed,0,PelletTaken,511,2,0,2,0,0,TimedOut,3.000,0,1,,,,,,,,,,,,,,,,
2026-07-02 16:03:23,274455.656250,B0DB8AF16E20,mous,male,C57BL/6,1.1.1,FreeFeed,0,Status,511,2,0,2,0,0,,,,,Disabled,25.7,40.0,996.3,14.6,0.029,27.000,253872,344900,250888,11326,3.58,2.01
2026-07-02 16:13:35,275068.437500,B0DB8AF16E20,mous,male,C57BL/6,1.1.1,FreeFeed,0,Status,511,2,0,2,0,0,,,,,Disabled,25.7,39.8,996.2,14.6,0.058,38.000,253872,344900,250888,11351,3.57,1.98
2026-07-02 16:23:48,275681.218750,B0DB8AF16E20,mous,male,C57BL/6,1.1.1,FreeFeed,0,Status,511,2,0,2,0,0,,,,,Disabled,25.7,39.6,996.1,14.6,0.086,60.000,253872,344900,250888,11376,3.58,1.96
2026-07-02 16:34:01,276294.031250,B0DB8AF16E20,mous,male,C57BL/6,1.1.1,FreeFeed,0,Status,511,2,0,2,0,0,,,,,Disabled,25.7,39.5,996.1,14.6,0.072,52.000,253872,344900,250888,11401,3.57,1.93
2026-07-02 16:44:13,276906.812500,B0DB8AF16E20,mous,male,C57BL/6,1.1.1,FreeFeed,0,Status,511,2,0,2,0,0,,,,,Disabled,25.7,39.4,996.0,14.7,0.072,54.000,253872,344900,250888,11426,3.57,1.93
2026-07-02 16:54:26,277519.593750,B0DB8AF16E20,mous,male,C57BL/6,1.1.1,FreeFeed,0,Status,511,2,0,2,0,0,,,,,Disabled,25.7,39.4,995.9,14.7,0.119,70.000,253872,344900,250888,11451,3.57,1.91
2026-07-02 16:54:41,277535.250000,B0DB8AF16E20,mous,male,C57BL/6,1.1.1,FreeFeed,0,PelletDrop,512,2,0,2,0,0,,,,,,,,,,,,,,,,,,,,
2026-07-02 16:55:02,277555.812500,B0DB8AF16E20,mous,male,C57BL/6,1.1.1,FreeFeed,0,PelletTaken,512,2,0,2,0,0,TimedOut,3.000,0,1,,,,,,,,,,,,,,,,
2026-07-02 16:55:20,277574.281250,B0DB8AF16E20,mous,male,C57BL/6,1.1.1,FreeFeed,0,PelletDrop,513,2,0,2,0,0,,,,,,,,,,,,,,,,,,,,
2026-07-02 16:55:34,277587.562500,B0DB8AF16E20,mous,male,C57BL/6,1.1.1,FreeFeed,0,PelletTaken,513,2,0,2,0,0,12.710,3.000,0,1,,,,,,,,,,,,,,,,
2026-07-02 16:55:41,277594.718750,B0DB8AF16E20,mous,male,C57BL/6,1.1.1,FreeFeed,0,PelletDrop,514,2,0,2,0,0,,,,,,,,,,,,,,,,,,,,
2026-07-02 16:55:56,277610.031250,B0DB8AF16E20,mous,male,C57BL/6,1.1.1,FreeFeed,0,PelletTaken,514,2,0,2,0,0,14.745,3.000,0,1,,,,,,,,,,,,,,,,
2026-07-02 16:56:03,277617.218750,B0DB8AF16E20,mous,male,C57BL/6,1.1.1,FreeFeed,0,PelletDrop,515,2,0,2,0,0,,,,,,,,,,,,,,,,,,,,
2026-07-02 16:56:16,277630.093750,B0DB8AF16E20,mous,male,C57BL/6,1.1.1,FreeFeed,0,PelletTaken,515,2,0,2,0,0,12.303,3.000,0,1,,,,,,,,,,,,,,,,
2026-07-02 16:56:23,277637.281250,B0DB8AF16E20,mous,male,C57BL/6,1.1.1,FreeFeed,0,PelletDrop,516,2,0,2,0,0,,,,,,,,,,,,,,,,,,,,
2026-07-02 16:56:38,277652.343750,B0DB8AF16E20,mous,male,C57BL/6,1.1.1,FreeFeed,0,PelletTaken,516,2,0,2,0,0,14.525,3.000,0,1,,,,,,,,,,,,,,,,
2026-07-02 16:56:46,277659.531250,B0DB8AF16E20,mous,male,C57BL/6,1.1.1,FreeFeed,0,PelletDrop,517,2,0,2,0,0,,,,,,,,,,,,,,,,,,,,
2026-07-02 16:57:06,277680.125000,B0DB8AF16E20,mous,male,C57BL/6,1.1.1,FreeFeed,0,PelletTaken,517,2,0,2,0,0,TimedOut,3.000,0,1,,,,,,,,,,,,,,,,
2026-07-02 17:04:21,278115.500000,B0DB8AF16E20,mous,male,C57BL/6,1.1.1,FreeFeed,0,PelletDrop,518,2,0,2,0,0,,,,,,,,,,,,,,,,,,,,
2026-07-02 17:04:35,278129.593750,B0DB8AF16E20,mous,male,C57BL/6,1.1.1,FreeFeed,0,PelletTaken,518,2,0,2,0,0,13.512,3.000,0,1,,,,,,,,,,,,,,,,
2026-07-02 17:04:43,278137.281250,B0DB8AF16E20,mous,male,C57BL/6,1.1.1,FreeFeed,0,Status,518,2,0,2,0,0,,,,,Disabled,25.7,39.3,995.8,14.7,0.000,8.000,253872,344900,250888,11478,3.57,1.90
2026-07-02 17:04:46,278140.093750,B0DB8AF16E20,mous,male,C57BL/6,1.1.1,FreeFeed,0,PelletDrop,519,2,0,2,0,0,,,,,,,,,,,,,,,,,,,,
2026-07-02 17:04:55,278149.218750,B0DB8AF16E20,mous,male,C57BL/6,1.1.1,FreeFeed,0,PelletTaken,519,2,0,2,0,0,8.552,3.000,0,1,,,,,,,,,,,,,,,,
2026-07-02 17:05:02,278156.406250,B0DB8AF16E20,mous,male,C57BL/6,1.1.1,FreeFeed,0,PelletDrop,520,2,0,2,0,0,,,,,,,,,,,,,,,,,,,,
2026-07-02 17:05:13,278167.031250,B0DB8AF16E20,mous,male,C57BL/6,1.1.1,FreeFeed,0,PelletTaken,520,2,0,2,0,0,10.069,3.000,0,1,,,,,,,,,,,,,,,,
2026-07-02 17:05:21,278174.812500,B0DB8AF16E20,mous,male,C57BL/6,1.1.1,FreeFeed,0,PelletDrop,521,2,0,2,0,0,,,,,,,,,,,,,,,,,,,,
2026-07-02 17:05:41,278195.375000,B0DB8AF16E20,mous,male,C57BL/6,1.1.1,FreeFeed,0,PelletTaken,521,2,0,2,0,0,TimedOut,3.000,0,1,,,,,,,,,,,,,,,,
2026-07-02 17:14:45,278739.375000,B0DB8AF16E20,mous,male,C57BL/6,1.1.1,FreeFeed,0,Status,521,2,0,2,0,0,,,,,Disabled,25.8,39.1,995.6,14.7,0.050,36.000,253872,344900,250888,11503,3.56,1.88
2026-07-02 17:24:58,279352.187500,B0DB8AF16E20,mous,male,C57BL/6,1.1.1,FreeFeed,0,Status,521,2,0,2,0,0,,,,,Disabled,25.8,39.0,995.5,14.7,0.058,41.000,253872,344900,250888,11528,3.56,1.88
2026-07-02 17:35:10,279964.968750,B0DB8AF16E20,mous,male,C57BL/6,1.1.1,FreeFeed,0,Status,521,2,0,2,0,0,,,,,Disabled,25.8,39.0,995.4,14.8,0.065,43.000,253872,344900,250888,11553,3.56,1.86
2026-07-02 17:37:00,280074.968750,B0DB8AF16E20,mous,male,C57BL/6,1.1.1,FreeFeed,0,PelletDrop,522,2,0,2,0,0,,,,,,,,,,,,,,,,,,,,
2026-07-02 17:37:21,280095.531250,B0DB8AF16E20,mous,male,C57BL/6,1.1.1,FreeFeed,0,PelletTaken,522,2,0,2,0,0,TimedOut,3.000,0,0,,,,,,,,,,,,,,,,
2026-07-02 17:45:11,280566.406250,B0DB8AF16E20,mous,male,C57BL/6,1.1.1,FreeFeed,0,Status,522,2,0,2,0,0,,,,,Disabled,25.8,38.9,995.3,14.8,0.133,64.000,253872,344900,250888,11578,3.56,1.86
2026-07-02 17:55:12,281167.406250,B0DB8AF16E20,mous,male,C57BL/6,1.1.1,FreeFeed,0,Status,522,2,0,2,0,0,,,,,Disabled,25.8,39.0,995.2,14.8,0.000,14.000,253872,344900,250888,11603,3.56,1.83
2026-07-02 18:05:25,281780.218750,B0DB8AF16E20,mous,male,C57BL/6,1.1.1,FreeFeed,0,Status,522,2,0,2,0,0,,,,,Disabled,25.8,39.2,995.0,14.8,0.000,0.000,253872,344900,250888,11628,3.56,1.81
2026-07-02 18:15:37,282393.000000,B0DB8AF16E20,mous,male,C57BL/6,1.1.1,FreeFeed,0,Status,522,2,0,2,0,0,,,,,Disabled,25.7,39.5,994.9,14.8,0.000,0.000,253872,344900,250888,11653,3.57,1.78
2026-07-02 18:22:12,282787.312500,B0DB8AF16E20,mous,male,C57BL/6,1.1.1,FreeFeed,0,PelletDrop,523,2,0,2,0,0,,,,,,,,,,,,,,,,,,,,
2026-07-02 18:22:19,282795.062500,B0DB8AF16E20,mous,male,C57BL/6,1.1.1,FreeFeed,0,PelletTaken,523,2,0,2,0,0,7.188,3.000,0,2,,,,,,,,,,,,,,,,
2026-07-02 18:22:26,282802.250000,B0DB8AF16E20,mous,male,C57BL/6,1.1.1,FreeFeed,0,PelletDrop,524,2,0,2,0,0,,,,,,,,,,,,,,,,,,,,
2026-07-02 18:22:31,282807.218750,B0DB8AF16E20,mous,male,C57BL/6,1.1.1,FreeFeed,0,PelletTaken,524,2,0,2,0,0,4.416,3.000,0,1,,,,,,,,,,,,,,,,
2026-07-02 18:22:39,282814.437500,B0DB8AF16E20,mous,male,C57BL/6,1.1.1,FreeFeed,0,PelletDrop,525,2,0,2,0,0,,,,,,,,,,,,,,,,,,,,
2026-07-02 18:22:44,282819.531250,B0DB8AF16E20,mous,male,C57BL/6,1.1.1,FreeFeed,0,PelletTaken,525,2,0,2,0,0,4.549,3.000,0,1,,,,,,,,,,,,,,,,
2026-07-02 18:22:51,282826.718750,B0DB8AF16E20,mous,male,C57BL/6,1.1.1,FreeFeed,0,PelletDrop,526,2,0,2,0,0,,,,,,,,,,,,,,,,,,,,
2026-07-02 18:22:58,282834.281250,B0DB8AF16E20,mous,male,C57BL/6,1.1.1,FreeFeed,0,PelletTaken,526,2,0,2,0,0,7.012,3.000,0,1,,,,,,,,,,,,,,,,
2026-07-02 18:23:06,282841.468750,B0DB8AF16E20,mous,male,C57BL/6,1.1.1,FreeFeed,0,PelletDrop,527,2,0,2,0,0,,,,,,,,,,,,,,,,,,,,
2026-07-02 18:23:14,282850.281250,B0DB8AF16E20,mous,male,C57BL/6,1.1.1,FreeFeed,0,PelletTaken,527,2,0,2,0,0,8.245,3.000,0,1,,,,,,,,,,,,,,,,
2026-07-02 18:23:22,282857.468750,B0DB8AF16E20,mous,male,C57BL/6,1.1.1,FreeFeed,0,PelletDrop,528,2,0,2,0,0,,,,,,,,,,,,,,,,,,,,
2026-07-02 18:23:36,282871.656250,B0DB8AF16E20,mous,male,C57BL/6,1.1.1,FreeFeed,0,PelletTaken,528,2,0,2,0,0,13.634,3.000,0,1,,,,,,,,,,,,,,,,
2026-07-02 18:23:43,282878.906250,B0DB8AF16E20,mous,male,C57BL/6,1.1.1,FreeFeed,0,PelletDrop,529,2,0,2,0,0,,,,,,,,,,,,,,,,,,,,
2026-07-02 18:24:04,282899.468750,B0DB8AF16E20,mous,male,C57BL/6,1.1.1,FreeFeed,0,PelletTaken,529,2,0,2,0,0,TimedOut,3.000,0,1,,,,,,,,,,,,,,,,
2026-07-02 18:25:49,283004.687500,B0DB8AF16E20,mous,male,C57BL/6,1.1.1,FreeFeed,0,Status,529,2,0,2,0,0,,,,,Disabled,25.7,39.6,994.8,14.8,0.000,0.000,253872,344900,250888,11680,3.56,1.77
2026-07-02 18:36:01,283617.468750,B0DB8AF16E20,mous,male,C57BL/6,1.1.1,FreeFeed,0,Status,529,2,0,2,0,0,,,,,Disabled,25.7,39.9,994.8,14.8,0.000,0.000,253872,344900,250888,11705,3.56,1.75
2026-07-02 18:46:14,284230.250000,B0DB8AF16E20,mous,male,C57BL/6,1.1.1,FreeFeed,0,Status,529,2,0,2,0,0,,,,,Disabled,25.6,40.1,994.7,14.7,0.000,0.000,253872,344900,250888,11730,3.55,1.75
2026-07-02 18:56:26,284843.062500,B0DB8AF16E20,mous,male,C57BL/6,1.1.1,FreeFeed,0,Status,529,2,0,2,0,0,,,,,Disabled,25.6,40.2,994.7,14.8,0.000,0.000,253872,344900,250888,11755,3.56,1.73
2026-07-02 18:56:54,284870.250000,B0DB8AF16E20,mous,male,C57BL/6,1.1.1,FreeFeed,0,PelletDrop,530,2,0,2,0,0,,,,,,,,,,,,,,,,,,,,
2026-07-02 18:57:04,284880.312500,B0DB8AF16E20,mous,male,C57BL/6,1.1.1,FreeFeed,0,PelletTaken,530,2,0,2,0,0,9.509,3.000,0,1,,,,,,,,,,,,,,,,
2026-07-02 18:57:11,284887.500000,B0DB8AF16E20,mous,male,C57BL/6,1.1.1,FreeFeed,0,PelletDrop,531,2,0,2,0,0,,,,,,,,,,,,,,,,,,,,
2026-07-02 18:57:17,284893.250000,B0DB8AF16E20,mous,male,C57BL/6,1.1.1,FreeFeed,0,PelletTaken,531,2,0,2,0,0,5.197,3.000,0,1,,,,,,,,,,,,,,,,
2026-07-02 18:57:24,284900.468750,B0DB8AF16E20,mous,male,C57BL/6,1.1.1,FreeFeed,0,PelletDrop,532,2,0,2,0,0,,,,,,,,,,,,,,,,,,,,
2026-07-02 18:57:32,284908.531250,B0DB8AF16E20,mous,male,C57BL/6,1.1.1,FreeFeed,0,PelletTaken,532,2,0,2,0,0,7.518,3.000,0,1,,,,,,,,,,,,,,,,
2026-07-02 18:57:39,284915.718750,B0DB8AF16E20,mous,male,C57BL/6,1.1.1,FreeFeed,0,PelletDrop,533,2,0,2,0,0,,,,,,,,,,,,,,,,,,,,
2026-07-02 18:57:45,284921.687500,B0DB8AF16E20,mous,male,C57BL/6,1.1.1,FreeFeed,0,PelletTaken,533,2,0,2,0,0,5.384,3.000,0,1,,,,,,,,,,,,,,,,
2026-07-02 18:57:52,284928.875000,B0DB8AF16E20,mous,male,C57BL/6,1.1.1,FreeFeed,0,PelletDrop,534,2,0,2,0,0,,,,,,,,,,,,,,,,,,,,
2026-07-02 18:58:01,284938.000000,B0DB8AF16E20,mous,male,C57BL/6,1.1.1,FreeFeed,0,PelletTaken,534,2,0,2,0,0,8.574,3.000,0,1,,,,,,,,,,,,,,,,
2026-07-02 18:58:09,284945.187500,B0DB8AF16E20,mous,male,C57BL/6,1.1.1,FreeFeed,0,PelletDrop,535,2,0,2,0,0,,,,,,,,,,,,,,,,,,,,
2026-07-02 18:58:25,284961.281250,B0DB8AF16E20,mous,male,C57BL/6,1.1.1,FreeFeed,0,PelletTaken,535,2,0,2,0,0,15.526,3.000,0,1,,,,,,,,,,,,,,,,
2026-07-02 18:58:32,284968.468750,B0DB8AF16E20,mous,male,C57BL/6,1.1.1,FreeFeed,0,PelletDrop,536,2,0,2,0,0,,,,,,,,,,,,,,,,,,,,
2026-07-02 18:58:52,284989.031250,B0DB8AF16E20,mous,male,C57BL/6,1.1.1,FreeFeed,0,PelletTaken,536,2,0,2,0,0,TimedOut,3.000,0,1,,,,,,,,,,,,,,,,
2026-07-02 19:06:43,285459.906250,B0DB8AF16E20,mous,male,C57BL/6,1.1.1,FreeFeed,0,Status,536,2,0,2,0,0,,,,,Disabled,25.6,40.3,994.8,14.7,0.000,0.000,253872,344900,250888,11782,3.55,1.71
2026-07-02 19:16:56,286072.718750,B0DB8AF16E20,mous,male,C57BL/6,1.1.1,FreeFeed,0,Status,536,2,0,2,0,0,,,,,Disabled,25.5,40.5,994.8,14.7,0.000,0.000,253872,344900,250888,11807,3.55,1.68
2026-07-02 19:21:57,286374.531250,B0DB8AF16E20,mous,male,C57BL/6,1.1.1,FreeFeed,0,PelletDrop,537,2,0,2,0,0,,,,,,,,,,,,,,,,,,,,
2026-07-02 19:22:08,286385.250000,B0DB8AF16E20,mous,male,C57BL/6,1.1.1,FreeFeed,0,PelletTaken,537,2,0,2,0,0,10.158,3.000,0,1,,,,,,,,,,,,,,,,
2026-07-02 19:22:15,286392.468750,B0DB8AF16E20,mous,male,C57BL/6,1.1.1,FreeFeed,0,PelletDrop,538,2,0,2,0,0,,,,,,,,,,,,,,,,,,,,
2026-07-02 19:22:20,286396.968750,B0DB8AF16E20,mous,male,C57BL/6,1.1.1,FreeFeed,0,PelletTaken,538,2,0,2,0,0,3.943,3.000,0,1,,,,,,,,,,,,,,,,
2026-07-02 19:22:27,286404.125000,B0DB8AF16E20,mous,male,C57BL/6,1.1.1,FreeFeed,0,PelletDrop,539,2,0,2,0,0,,,,,,,,,,,,,,,,,,,,
2026-07-02 19:22:33,286410.156250,B0DB8AF16E20,mous,male,C57BL/6,1.1.1,FreeFeed,0,PelletTaken,539,2,0,2,0,0,5.461,3.000,0,1,,,,,,,,,,,,,,,,
2026-07-02 19:22:40,286417.375000,B0DB8AF16E20,mous,male,C57BL/6,1.1.1,FreeFeed,0,PelletDrop,540,2,0,2,0,0,,,,,,,,,,,,,,,,,,,,
2026-07-02 19:22:45,286422.062500,B0DB8AF16E20,mous,male,C57BL/6,1.1.1,FreeFeed,0,PelletTaken,540,2,0,2,0,0,4.142,3.000,0,1,,,,,,,,,,,,,,,,
2026-07-02 19:22:52,286429.250000,B0DB8AF16E20,mous,male,C57BL/6,1.1.1,FreeFeed,0,PelletDrop,541,2,0,2,0,0,,,,,,,,,,,,,,,,,,,,
2026-07-02 19:23:00,286436.937500,B0DB8AF16E20,mous,male,C57BL/6,1.1.1,FreeFeed,0,PelletTaken,541,2,0,2,0,0,7.133,3.000,0,1,,,,,,,,,,,,,,,,
2026-07-02 19:23:07,286444.156250,B0DB8AF16E20,mous,male,C57BL/6,1.1.1,FreeFeed,0,PelletDrop,542,2,0,2,0,0,,,,,,,,,,,,,,,,,,,,
2026-07-02 19:23:13,286450.031250,B0DB8AF16E20,mous,male,C57BL/6,1.1.1,FreeFeed,0,PelletTaken,542,2,0,2,0,0,5.340,3.000,0,1,,,,,,,,,,,,,,,,
2026-07-02 19:23:20,286457.218750,B0DB8AF16E20,mous,male,C57BL/6,1.1.1,FreeFeed,0,PelletDrop,543,2,0,2,0,0,,,,,,,,,,,,,,,,,,,,
2026-07-02 19:23:25,286462.343750,B0DB8AF16E20,mous,male,C57BL/6,1.1.1,FreeFeed,0,PelletTaken,543,2,0,2,0,0,4.548,3.000,0,1,,,,,,,,,,,,,,,,
2026-07-02 19:23:32,286469.531250,B0DB8AF16E20,mous,male,C57BL/6,1.1.1,FreeFeed,0,PelletDrop,544,2,0,2,0,0,,,,,,,,,,,,,,,,,,,,
2026-07-02 19:23:53,286490.093750,B0DB8AF16E20,mous,male,C57BL/6,1.1.1,FreeFeed,0,PelletTaken,544,2,0,2,0,0,TimedOut,3.000,0,1,,,,,,,,,,,,,,,,
2026-07-02 19:27:15,286692.812500,B0DB8AF16E20,mous,male,C57BL/6,1.1.1,FreeFeed,0,Status,544,2,0,2,0,0,,,,,Disabled,25.5,41.0,994.9,14.7,0.000,0.000,253872,344900,250888,11836,3.55,1.68
2026-07-02 19:37:28,287305.625000,B0DB8AF16E20,mous,male,C57BL/6,1.1.1,FreeFeed,0,Status,544,2,0,2,0,0,,,,,Disabled,25.5,40.8,995.0,14.7,0.000,0.000,253872,344900,250888,11861,3.55,1.65
2026-07-02 19:47:41,287918.406250,B0DB8AF16E20,mous,male,C57BL/6,1.1.1,FreeFeed,0,Status,544,2,0,2,0,0,,,,,Disabled,25.5,40.9,995.1,14.7,0.000,0.000,253872,344900,250888,11886,3.56,1.65
2026-07-02 19:57:53,288531.187500,B0DB8AF16E20,mous,male,C57BL/6,1.1.1,FreeFeed,0,Status,544,2,0,2,0,0,,,,,Disabled,25.5,40.9,995.2,14.7,0.000,0.000,253872,344900,250888,11911,3.55,1.63
2026-07-02 20:08:06,289143.968750,B0DB8AF16E20,mous,male,C57BL/6,1.1.1,FreeFeed,0,Status,544,2,0,2,0,0,,,,,Disabled,25.5,40.8,995.4,14.8,0.000,0.000,253872,344900,250888,11936,3.56,1.61
2026-07-02 20:10:19,289277.437500,B0DB8AF16E20,mous,male,C57BL/6,1.1.1,FreeFeed,0,PelletDrop,545,2,0,2,0,0,,,,,,,,,,,,,,,,,,,,
2026-07-02 20:10:28,289285.718750,B0DB8AF16E20,mous,male,C57BL/6,1.1.1,FreeFeed,0,PelletTaken,545,2,0,2,0,0,7.716,3.000,0,1,,,,,,,,,,,,,,,,
2026-07-02 20:10:35,289292.906250,B0DB8AF16E20,mous,male,C57BL/6,1.1.1,FreeFeed,0,PelletDrop,546,2,0,2,0,0,,,,,,,,,,,,,,,,,,,,
2026-07-02 20:10:40,289298.156250,B0DB8AF16E20,mous,male,C57BL/6,1.1.1,FreeFeed,0,PelletTaken,546,2,0,2,0,0,4.680,3.000,0,1,,,,,,,,,,,,,,,,
2026-07-02 20:10:47,289305.343750,B0DB8AF16E20,mous,male,C57BL/6,1.1.1,FreeFeed,0,PelletDrop,547,2,0,2,0,0,,,,,,,,,,,,,,,,,,,,
2026-07-02 20:10:55,289313.625000,B0DB8AF16E20,mous,male,C57BL/6,1.1.1,FreeFeed,0,PelletTaken,547,2,0,2,0,0,7.749,3.000,0,1,,,,,,,,,,,,,,,,
2026-07-02 20:11:03,289320.843750,B0DB8AF16E20,mous,male,C57BL/6,1.1.1,FreeFeed,0,PelletDrop,548,2,0,2,0,0,,,,,,,,,,,,,,,,,,,,
2026-07-02 20:11:12,289330.343750,B0DB8AF16E20,mous,male,C57BL/6,1.1.1,FreeFeed,0,PelletTaken,548,2,0,2,0,0,8.948,3.000,0,1,,,,,,,,,,,,,,,,
2026-07-02 20:11:19,289337.531250,B0DB8AF16E20,mous,male,C57BL/6,1.1.1,FreeFeed,0,PelletDrop,549,2,0,2,0,0,,,,,,,,,,,,,,,,,,,,
2026-07-02 20:11:26,289344.531250,B0DB8AF16E20,mous,male,C57BL/6,1.1.1,FreeFeed,0,PelletTaken,549,2,0,2,0,0,6.440,3.000,0,1,,,,,,,,,,,,,,,,
2026-07-02 20:11:33,289351.718750,B0DB8AF16E20,mous,male,C57BL/6,1.1.1,FreeFeed,0,PelletDrop,550,2,0,2,0,0,,,,,,,,,,,,,,,,,,,,
2026-07-02 20:11:46,289364.156250,B0DB8AF16E20,mous,male,C57BL/6,1.1.1,FreeFeed,0,PelletTaken,550,2,0,2,0,0,11.874,3.000,0,1,,,,,,,,,,,,,,,,
2026-07-02 20:11:53,289371.343750,B0DB8AF16E20,mous,male,C57BL/6,1.1.1,FreeFeed,0,PelletDrop,551,2,0,2,0,0,,,,,,,,,,,,,,,,,,,,
2026-07-02 20:12:01,289379.218750,B0DB8AF16E20,mous,male,C57BL/6,1.1.1,FreeFeed,0,PelletTaken,551,2,0,2,0,0,7.320,3.000,0,1,,,,,,,,,,,,,,,,
2026-07-02 20:12:08,289386.437500,B0DB8AF16E20,mous,male,C57BL/6,1.1.1,FreeFeed,0,PelletDrop,552,2,0,2,0,0,,,,,,,,,,,,,,,,,,,,
2026-07-02 20:12:29,289406.968750,B0DB8AF16E20,mous,male,C57BL/6,1.1.1,FreeFeed,0,PelletTaken,552,2,0,2,0,0,TimedOut,3.000,0,1,,,,,,,,,,,,,,,,
2026-07-02 20:18:18,289755.968750,B0DB8AF16E20,mous,male,C57BL/6,1.1.1,FreeFeed,0,Status,552,2,0,2,0,0,,,,,Disabled,25.5,40.8,995.5,14.8,0.000,0.000,253872,344900,250888,11964,3.54,1.61
2026-07-02 20:28:30,290368.750000,B0DB8AF16E20,mous,male,C57BL/6,1.1.1,FreeFeed,0,Status,552,2,0,2,0,0,,,,,Disabled,25.4,40.8,995.6,14.8,0.000,0.000,253872,344900,250888,11989,3.54,1.58
2026-07-02 20:36:57,290875.406250,B0DB8AF16E20,mous,male,C57BL/6,1.1.1,FreeFeed,0,PelletDrop,553,2,0,2,0,0,,,,,,,,,,,,,,,,,,,,
2026-07-02 20:37:06,290884.468750,B0DB8AF16E20,mous,male,C57BL/6,1.1.1,FreeFeed,0,PelletTaken,553,2,0,2,0,0,8.519,3.000,0,1,,,,,,,,,,,,,,,,
2026-07-02 20:37:15,290893.875000,B0DB8AF16E20,mous,male,C57BL/6,1.1.1,FreeFeed,0,PelletDrop,554,2,0,2,0,0,,,,,,,,,,,,,,,,,,,,
2026-07-02 20:37:31,290909.312500,B0DB8AF16E20,mous,male,C57BL/6,1.1.1,FreeFeed,0,PelletTaken,554,2,0,2,0,0,14.877,3.000,0,2,,,,,,,,,,,,,,,,
2026-07-02 20:37:38,290916.500000,B0DB8AF16E20,mous,male,C57BL/6,1.1.1,FreeFeed,0,PelletDrop,555,2,0,2,0,0,,,,,,,,,,,,,,,,,,,,
2026-07-02 20:37:43,290921.937500,B0DB8AF16E20,mous,male,C57BL/6,1.1.1,FreeFeed,0,PelletTaken,555,2,0,2,0,0,4.878,3.000,0,1,,,,,,,,,,,,,,,,
2026-07-02 20:37:50,290929.125000,B0DB8AF16E20,mous,male,C57BL/6,1.1.1,FreeFeed,0,PelletDrop,556,2,0,2,0,0,,,,,,,,,,,,,,,,,,,,
2026-07-02 20:37:57,290935.531250,B0DB8AF16E20,mous,male,C57BL/6,1.1.1,FreeFeed,0,PelletTaken,556,2,0,2,0,0,5.835,3.000,0,1,,,,,,,,,,,,,,,,
2026-07-02 20:38:04,290942.718750,B0DB8AF16E20,mous,male,C57BL/6,1.1.1,FreeFeed,0,PelletDrop,557,2,0,2,0,0,,,,,,,,,,,,,,,,,,,,
2026-07-02 20:38:25,290963.250000,B0DB8AF16E20,mous,male,C57BL/6,1.1.1,FreeFeed,0,PelletTaken,557,2,0,2,0,0,TimedOut,3.000,0,1,,,,,,,,,,,,,,,,
2026-07-02 20:38:32,290970.968750,B0DB8AF16E20,mous,male,C57BL/6,1.1.1,FreeFeed,0,Status,557,2,0,2,0,0,,,,,Disabled,25.4,40.8,995.7,14.8,0.000,0.000,253872,344900,250888,12015,3.54,1.58
2026-07-02 20:48:45,291583.750000,B0DB8AF16E20,mous,male,C57BL/6,1.1.1,FreeFeed,0,Status,557,2,0,2,0,0,,,,,Disabled,25.4,40.8,995.8,14.9,0.000,0.000,253872,344900,250888,12040,3.54,1.57
2026-07-02 20:58:57,292196.562500,B0DB8AF16E20,mous,male,C57BL/6,1.1.1,FreeFeed,0,Status,557,2,0,2,0,0,,,,,Disabled,25.4,40.9,995.8,14.8,0.000,0.000,253872,344900,250888,12065,3.54,1.55
2026-07-02 21:09:10,292809.343750,B0DB8AF16E20,mous,male,C57BL/6,1.1.1,FreeFeed,0,Status,557,2,0,2,0,0,,,,,Disabled,25.4,40.8,995.9,14.8,0.000,0.000,253872,344900,250888,12090,3.54,1.53
2026-07-02 21:19:22,293422.125000,B0DB8AF16E20,mous,male,C57BL/6,1.1.1,FreeFeed,0,Status,557,2,0,2,0,0,,,,,Disabled,25.4,40.8,996.0,14.8,0.000,0.000,253872,344900,250888,12115,3.55,1.52
2026-07-02 21:24:55,293754.937500,B0DB8AF16E20,mous,male,C57BL/6,1.1.1,FreeFeed,0,PelletDrop,558,2,0,2,0,0,,,,,,,,,,,,,,,,,,,,
2026-07-02 21:25:05,293764.562500,B0DB8AF16E20,mous,male,C57BL/6,1.1.1,FreeFeed,0,PelletTaken,558,2,0,2,0,0,9.068,3.000,0,1,,,,,,,,,,,,,,,,
2026-07-02 21:25:12,293771.750000,B0DB8AF16E20,mous,male,C57BL/6,1.1.1,FreeFeed,0,PelletDrop,559,2,0,2,0,0,,,,,,,,,,,,,,,,,,,,
2026-07-02 21:25:19,293778.750000,B0DB8AF16E20,mous,male,C57BL/6,1.1.1,FreeFeed,0,PelletTaken,559,2,0,2,0,0,6.463,3.000,0,1,,,,,,,,,,,,,,,,
2026-07-02 21:25:26,293785.968750,B0DB8AF16E20,mous,male,C57BL/6,1.1.1,FreeFeed,0,PelletDrop,560,2,0,2,0,0,,,,,,,,,,,,,,,,,,,,
2026-07-02 21:25:32,293791.656250,B0DB8AF16E20,mous,male,C57BL/6,1.1.1,FreeFeed,0,PelletTaken,560,2,0,2,0,0,5.142,3.000,0,1,,,,,,,,,,,,,,,,
2026-07-02 21:25:39,293798.843750,B0DB8AF16E20,mous,male,C57BL/6,1.1.1,FreeFeed,0,PelletDrop,561,2,0,2,0,0,,,,,,,,,,,,,,,,,,,,
2026-07-02 21:25:45,293805.125000,B0DB8AF16E20,mous,male,C57BL/6,1.1.1,FreeFeed,0,PelletTaken,561,2,0,2,0,0,5.714,3.000,0,1,,,,,,,,,,,,,,,,
2026-07-02 21:25:52,293812.312500,B0DB8AF16E20,mous,male,C57BL/6,1.1.1,FreeFeed,0,PelletDrop,562,2,0,2,0,0,,,,,,,,,,,,,,,,,,,,
2026-07-02 21:26:01,293820.468750,B0DB8AF16E20,mous,male,C57BL/6,1.1.1,FreeFeed,0,PelletTaken,562,2,0,2,0,0,7.606,3.000,0,1,,,,,,,,,,,,,,,,
2026-07-02 21:26:08,293827.656250,B0DB8AF16E20,mous,male,C57BL/6,1.1.1,FreeFeed,0,PelletDrop,563,2,0,2,0,0,,,,,,,,,,,,,,,,,,,,
2026-07-02 21:26:28,293848.218750,B0DB8AF16E20,mous,male,C57BL/6,1.1.1,FreeFeed,0,PelletTaken,563,2,0,2,0,0,TimedOut,3.000,0,1,,,,,,,,,,,,,,,,
2026-07-02 21:29:27,294026.562500,B0DB8AF16E20,mous,male,C57BL/6,1.1.1,FreeFeed,0,Status,563,2,0,2,0,0,,,,,Disabled,25.4,40.7,996.0,14.8,0.000,0.000,253872,344900,250888,12142,3.54,1.53
2026-07-02 21:39:39,294639.375000,B0DB8AF16E20,mous,male,C57BL/6,1.1.1,FreeFeed,0,Status,563,2,0,2,0,0,,,,,Disabled,25.5,40.8,996.1,14.7,0.000,0.000,253872,344900,250888,12167,3.54,1.50
2026-07-02 21:49:52,295252.156250,B0DB8AF16E20,mous,male,C57BL/6,1.1.1,FreeFeed,0,Status,563,2,0,2,0,0,,,,,Disabled,25.5,40.9,996.2,14.6,0.000,0.000,253872,344900,250888,12192,3.53,1.46
2026-07-02 22:00:04,295864.968750,B0DB8AF16E20,mous,male,C57BL/6,1.1.1,FreeFeed,0,Status,563,2,0,2,0,0,,,,,Disabled,25.6,40.4,996.3,14.7,0.000,0.000,253872,344900,250888,12217,3.53,1.46
2026-07-02 22:10:17,296477.750000,B0DB8AF16E20,mous,male,C57BL/6,1.1.1,FreeFeed,0,Status,563,2,0,2,0,0,,,,,Disabled,25.6,40.1,996.4,14.6,0.000,0.000,253872,344900,250888,12242,3.53,1.45
2026-07-02 22:18:35,296975.968750,B0DB8AF16E20,mous,male,C57BL/6,1.1.1,FreeFeed,0,PelletDrop,564,2,0,2,0,0,,,,,,,,,,,,,,,,,,,,
2026-07-02 22:18:51,296992.187500,B0DB8AF16E20,mous,male,C57BL/6,1.1.1,FreeFeed,0,PelletTaken,564,2,0,2,0,0,15.669,3.000,0,1,,,,,,,,,,,,,,,,
2026-07-02 22:18:58,296999.375000,B0DB8AF16E20,mous,male,C57BL/6,1.1.1,FreeFeed,0,PelletDrop,565,2,0,2,0,0,,,,,,,,,,,,,,,,,,,,
2026-07-02 22:19:08,297009.343750,B0DB8AF16E20,mous,male,C57BL/6,1.1.1,FreeFeed,0,PelletTaken,565,2,0,2,0,0,9.432,3.000,0,1,,,,,,,,,,,,,,,,
2026-07-02 22:19:16,297016.562500,B0DB8AF16E20,mous,male,C57BL/6,1.1.1,FreeFeed,0,PelletDrop,566,2,0,2,0,0,,,,,,,,,,,,,,,,,,,,
2026-07-02 22:19:27,297028.187500,B0DB8AF16E20,mous,male,C57BL/6,1.1.1,FreeFeed,0,PelletTaken,566,2,0,2,0,0,11.071,3.000,0,1,,,,,,,,,,,,,,,,
2026-07-02 22:19:34,297035.375000,B0DB8AF16E20,mous,male,C57BL/6,1.1.1,FreeFeed,0,PelletDrop,567,2,0,2,0,0,,,,,,,,,,,,,,,,,,,,
2026-07-02 22:19:47,297048.093750,B0DB8AF16E20,mous,male,C57BL/6,1.1.1,FreeFeed,0,PelletTaken,567,2,0,2,0,0,12.181,3.000,0,1,,,,,,,,,,,,,,,,
2026-07-02 22:19:54,297055.312500,B0DB8AF16E20,mous,male,C57BL/6,1.1.1,FreeFeed,0,PelletDrop,568,2,0,2,0,0,,,,,,,,,,,,,,,,,,,,
2026-07-02 22:20:10,297070.718750,B0DB8AF16E20,mous,male,C57BL/6,1.1.1,FreeFeed,0,PelletTaken,568,2,0,2,0,0,14.844,3.000,0,1,,,,,,,,,,,,,,,,
2026-07-02 22:20:17,297078.406250,B0DB8AF16E20,mous,male,C57BL/6,1.1.1,FreeFeed,0,Status,568,2,0,2,0,0,,,,,Disabled,25.7,40.1,996.4,14.6,0.000,0.000,253872,344900,250888,12268,3.53,1.43
2026-07-02 22:20:20,297081.218750,B0DB8AF16E20,mous,male,C57BL/6,1.1.1,FreeFeed,0,PelletDrop,569,2,0,2,0,0,,,,,,,,,,,,,,,,,,,,
2026-07-02 22:20:41,297101.781250,B0DB8AF16E20,mous,male,C57BL/6,1.1.1,FreeFeed,0,PelletTaken,569,2,0,2,0,0,TimedOut,3.000,0,1,,,,,,,,,,,,,,,,
2026-07-02 22:30:33,297694.562500,B0DB8AF16E20,mous,male,C57BL/6,1.1.1,FreeFeed,0,Status,569,2,0,2,0,0,,,,,Disabled,25.7,39.9,996.5,14.7,0.000,0.000,253872,344900,250888,12293,3.53,1.43
2026-07-02 22:35:17,297978.500000,B0DB8AF16E20,mous,male,C57BL/6,1.1.1,FreeFeed,0,PelletDrop,570,2,0,2,0,0,,,,,,,,,,,,,,,,,,,,
2026-07-02 22:35:29,297990.218750,B0DB8AF16E20,mous,male,C57BL/6,1.1.1,FreeFeed,0,PelletTaken,570,2,0,2,0,0,11.137,3.000,0,1,,,,,,,,,,,,,,,,
2026-07-02 22:35:36,297997.406250,B0DB8AF16E20,mous,male,C57BL/6,1.1.1,FreeFeed,0,PelletDrop,571,2,0,2,0,0,,,,,,,,,,,,,,,,,,,,
2026-07-02 22:35:47,298008.468750,B0DB8AF16E20,mous,male,C57BL/6,1.1.1,FreeFeed,0,PelletTaken,571,2,0,2,0,0,10.487,3.000,0,1,,,,,,,,,,,,,,,,
2026-07-02 22:35:54,298015.656250,B0DB8AF16E20,mous,male,C57BL/6,1.1.1,FreeFeed,0,PelletDrop,572,2,0,2,0,0,,,,,,,,,,,,,,,,,,,,
2026-07-02 22:36:11,298032.406250,B0DB8AF16E20,mous,male,C57BL/6,1.1.1,FreeFeed,0,PelletTaken,572,2,0,2,0,0,16.197,3.000,0,1,,,,,,,,,,,,,,,,
2026-07-02 22:36:18,298039.750000,B0DB8AF16E20,mous,male,C57BL/6,1.1.1,FreeFeed,0,PelletDrop,573,2,0,2,0,0,,,,,,,,,,,,,,,,,,,,
2026-07-02 22:36:39,298060.593750,B0DB8AF16E20,mous,male,C57BL/6,1.1.1,FreeFeed,0,PelletTaken,573,2,0,2,0,0,TimedOut,3.000,0,1,,,,,,,,,,,,,,,,
2026-07-02 22:40:51,298312.562500,B0DB8AF16E20,mous,male,C57BL/6,1.1.1,FreeFeed,0,Status,573,2,0,2,0,0,,,,,Disabled,25.8,39.8,996.5,14.6,0.000,0.000,253872,344900,250888,12319,3.53,1.40
2026-07-02 22:51:04,298925.343750,B0DB8AF16E20,mous,male,C57BL/6,1.1.1,FreeFeed,0,Status,573,2,0,2,0,0,,,,,Disabled,25.8,39.7,996.5,14.8,0.000,0.000,253872,344900,250888,12344,3.53,1.40
2026-07-02 23:01:16,299538.156250,B0DB8AF16E20,mous,male,C57BL/6,1.1.1,FreeFeed,0,Status,573,2,0,2,0,0,,,,,Disabled,25.8,39.6,996.5,14.7,0.000,0.000,253872,344900,250888,12369,3.53,1.37
2026-07-02 23:11:19,300141.500000,B0DB8AF16E20,mous,male,C57BL/6,1.1.1,FreeFeed,0,Status,573,2,0,2,0,0,,,,,Disabled,25.8,39.7,996.4,14.8,0.000,0.000,253872,344900,250888,12394,3.53,1.35
2026-07-02 23:20:24,300686.375000,B0DB8AF16E20,mous,male,C57BL/6,1.1.1,FreeFeed,0,PelletDrop,574,2,0,2,0,0,,,,,,,,,,,,,,,,,,,,
2026-07-02 23:20:34,300696.375000,B0DB8AF16E20,mous,male,C57BL/6,1.1.1,FreeFeed,0,PelletTaken,574,2,0,2,0,0,9.443,4.000,0,1,,,,,,,,,,,,,,,,
2026-07-02 23:20:41,300703.562500,B0DB8AF16E20,mous,male,C57BL/6,1.1.1,FreeFeed,0,PelletDrop,575,2,0,2,0,0,,,,,,,,,,,,,,,,,,,,
2026-07-02 23:20:48,300710.437500,B0DB8AF16E20,mous,male,C57BL/6,1.1.1,FreeFeed,0,PelletTaken,575,2,0,2,0,0,6.297,4.000,0,1,,,,,,,,,,,,,,,,
2026-07-02 23:20:55,300717.625000,B0DB8AF16E20,mous,male,C57BL/6,1.1.1,FreeFeed,0,PelletDrop,576,2,0,2,0,0,,,,,,,,,,,,,,,,,,,,
2026-07-02 23:21:05,300727.125000,B0DB8AF16E20,mous,male,C57BL/6,1.1.1,FreeFeed,0,PelletTaken,576,2,0,2,0,0,8.937,4.000,0,1,,,,,,,,,,,,,,,,
2026-07-02 23:21:12,300734.343750,B0DB8AF16E20,mous,male,C57BL/6,1.1.1,FreeFeed,0,PelletDrop,577,2,0,2,0,0,,,,,,,,,,,,,,,,,,,,
2026-07-02 23:21:17,300739.093750,B0DB8AF16E20,mous,male,C57BL/6,1.1.1,FreeFeed,0,PelletTaken,577,2,0,2,0,0,4.217,4.000,0,1,,,,,,,,,,,,,,,,
2026-07-02 23:21:24,300746.812500,B0DB8AF16E20,mous,male,C57BL/6,1.1.1,FreeFeed,0,Status,577,2,0,2,0,0,,,,,Disabled,25.7,40.0,996.3,14.8,0.000,0.000,253872,344900,250888,12421,3.52,1.35
2026-07-02 23:21:27,300749.625000,B0DB8AF16E20,mous,male,C57BL/6,1.1.1,FreeFeed,0,PelletDrop,578,2,0,2,0,0,,,,,,,,,,,,,,,,,,,,
2026-07-02 23:21:31,300753.250000,B0DB8AF16E20,mous,male,C57BL/6,1.1.1,FreeFeed,0,PelletTaken,578,2,0,2,0,0,3.052,4.000,0,1,,,,,,,,,,,,,,,,
2026-07-02 23:21:38,300760.437500,B0DB8AF16E20,mous,male,C57BL/6,1.1.1,FreeFeed,0,PelletDrop,579,2,0,2,0,0,,,,,,,,,,,,,,,,,,,,
2026-07-02 23:21:40,300762.312500,B0DB8AF16E20,mous,male,C57BL/6,1.1.1,FreeFeed,0,PelletTaken,579,2,0,2,0,0,1.324,4.000,0,1,,,,,,,,,,,,,,,,
2026-07-02 23:21:47,300769.500000,B0DB8AF16E20,mous,male,C57BL/6,1.1.1,FreeFeed,0,PelletDrop,580,2,0,2,0,0,,,,,,,,,,,,,,,,,,,,
2026-07-02 23:21:57,300779.250000,B0DB8AF16E20,mous,male,C57BL/6,1.1.1,FreeFeed,0,PelletTaken,580,2,0,2,0,0,9.168,4.000,0,1,,,,,,,,,,,,,,,,
2026-07-02 23:22:04,300786.437500,B0DB8AF16E20,mous,male,C57BL/6,1.1.1,FreeFeed,0,PelletDrop,581,2,0,2,0,0,,,,,,,,,,,,,,,,,,,,
2026-07-02 23:22:12,300794.343750,B0DB8AF16E20,mous,male,C57BL/6,1.1.1,FreeFeed,0,PelletTaken,581,2,0,2,0,0,7.341,4.000,0,1,,,,,,,,,,,,,,,,
2026-07-02 23:22:19,300801.562500,B0DB8AF16E20,mous,male,C57BL/6,1.1.1,FreeFeed,0,PelletDrop,582,2,0,2,0,0,,,,,,,,,,,,,,,,,,,,
2026-07-02 23:22:40,300822.125000,B0DB8AF16E20,mous,male,C57BL/6,1.1.1,FreeFeed,0,PelletTaken,582,2,0,2,0,0,TimedOut,4.000,0,1,,,,,,,,,,,,,,,,
2026-07-02 23:31:44,301366.156250,B0DB8AF16E20,mous,male,C57BL/6,1.1.1,FreeFeed,0,Status,582,2,0,2,0,0,,,,,Disabled,25.7,40.1,996.2,14.8,0.000,0.000,253872,344900,250888,12448,3.52,1.33
2026-07-02 23:41:56,301978.937500,B0DB8AF16E20,mous,male,C57BL/6,1.1.1,FreeFeed,0,Status,582,2,0,2,0,0,,,,,Disabled,25.7,40.4,996.1,14.7,0.000,0.000,253872,344900,250888,12473,3.52,1.32
2026-07-02 23:52:09,302591.750000,B0DB8AF16E20,mous,male,C57BL/6,1.1.1,FreeFeed,0,Status,582,2,0,2,0,0,,,,,Disabled,25.6,40.5,996.1,14.9,0.000,0.000,253872,344900,250888,12498,3.52,1.30
2026-07-02 23:56:57,302880.062500,B0DB8AF16E20,mous,male,C57BL/6,1.1.1,FreeFeed,0,PelletDrop,583,2,0,2,0,0,,,,,,,,,,,,,,,,,,,,
2026-07-02 23:57:15,302897.812500,B0DB8AF16E20,mous,male,C57BL/6,1.1.1,FreeFeed,0,PelletTaken,583,2,0,2,0,0,17.186,4.000,0,1,,,,,,,,,,,,,,,,
2026-07-02 23:57:22,302905.000000,B0DB8AF16E20,mous,male,C57BL/6,1.1.1,FreeFeed,0,PelletDrop,584,2,0,2,0,0,,,,,,,,,,,,,,,,,,,,
2026-07-02 23:57:42,302925.562500,B0DB8AF16E20,mous,male,C57BL/6,1.1.1,FreeFeed,0,PelletTaken,584,2,0,2,0,0,TimedOut,4.000,0,1,,,,,,,,,,,,,,,,
2026-07-03 00:02:18,303201.437500,B0DB8AF16E20,mous,male,C57BL/6,1.1.1,FreeFeed,0,Status,584,2,0,2,0,0,,,,,Disabled,25.6,40.7,996.1,14.8,0.000,0.000,253872,344900,250888,12523,3.52,1.27
2026-07-03 00:04:24,303327.343750,B0DB8AF16E20,mous,male,C57BL/6,1.1.1,FreeFeed,0,RightWithPellet,584,2,1,2,0,0,,,,,,,,,,,,,,,,,,,,
2026-07-03 00:04:25,303328.187500,B0DB8AF16E20,mous,male,C57BL/6,1.1.1,FreeFeed,0,RightWithPellet,584,2,2,2,0,0,,,,,,,,,,,,,,,,,,,,
2026-07-03 00:05:42,303404.937500,B0DB8AF16E20,mous,male,C57BL/6,1.1.1,FreeFeed,0,PelletDrop,585,2,2,2,0,0,,,,,,,,,,,,,,,,,,,,
2026-07-03 00:06:02,303425.500000,B0DB8AF16E20,mous,male,C57BL/6,1.1.1,FreeFeed,0,PelletTaken,585,2,2,2,0,0,TimedOut,4.000,0,1,,,,,,,,,,,,,,,,
2026-07-03 00:12:40,303823.593750,B0DB8AF16E20,mous,male,C57BL/6,1.1.1,FreeFeed,0,Status,585,2,2,2,0,0,,,,,Disabled,25.6,40.9,996.1,14.7,0.000,0.000,253872,344900,250888,12549,3.52,1.25
2026-07-03 00:19:42,304245.906250,B0DB8AF16E20,mous,male,C57BL/6,1.1.1,FreeFeed,0,PelletDrop,586,2,2,2,0,0,,,,,,,,,,,,,,,,,,,,
2026-07-03 00:19:50,304253.343750,B0DB8AF16E20,mous,male,C57BL/6,1.1.1,FreeFeed,0,PelletTaken,586,2,2,2,0,0,6.869,4.000,0,1,,,,,,,,,,,,,,,,
2026-07-03 00:19:57,304260.562500,B0DB8AF16E20,mous,male,C57BL/6,1.1.1,FreeFeed,0,PelletDrop,587,2,2,2,0,0,,,,,,,,,,,,,,,,,,,,
2026-07-03 00:20:02,304266.156250,B0DB8AF16E20,mous,male,C57BL/6,1.1.1,FreeFeed,0,PelletTaken,587,2,2,2,0,0,5.043,4.000,0,1,,,,,,,,,,,,,,,,
2026-07-03 00:20:10,304273.375000,B0DB8AF16E20,mous,male,C57BL/6,1.1.1,FreeFeed,0,PelletDrop,588,2,2,2,0,0,,,,,,,,,,,,,,,,,,,,
2026-07-03 00:20:23,304286.656250,B0DB8AF16E20,mous,male,C57BL/6,1.1.1,FreeFeed,0,PelletTaken,588,2,2,2,0,0,12.710,4.000,0,1,,,,,,,,,,,,,,,,
2026-07-03 00:20:30,304293.875000,B0DB8AF16E20,mous,male,C57BL/6,1.1.1,FreeFeed,0,PelletDrop,589,2,2,2,0,0,,,,,,,,,,,,,,,,,,,,
2026-07-03 00:20:37,304300.312500,B0DB8AF16E20,mous,male,C57BL/6,1.1.1,FreeFeed,0,PelletTaken,589,2,2,2,0,0,5.867,4.000,0,1,,,,,,,,,,,,,,,,
2026-07-03 00:20:44,304307.500000,B0DB8AF16E20,mous,male,C57BL/6,1.1.1,FreeFeed,0,PelletDrop,590,2,2,2,0,0,,,,,,,,,,,,,,,,,,,,
2026-07-03 00:20:48,304311.437500,B0DB8AF16E20,mous,male,C57BL/6,1.1.1,FreeFeed,0,PelletTaken,590,2,2,2,0,0,3.360,4.000,0,1,,,,,,,,,,,,,,,,
2026-07-03 00:20:55,304318.656250,B0DB8AF16E20,mous,male,C57BL/6,1.1.1,FreeFeed,0,PelletDrop,591,2,2,2,0,0,,,,,,,,,,,,,,,,,,,,
2026-07-03 00:21:02,304325.687500,B0DB8AF16E20,mous,male,C57BL/6,1.1.1,FreeFeed,0,PelletTaken,591,2,2,2,0,0,6.462,4.000,0,1,,,,,,,,,,,,,,,,
2026-07-03 00:21:09,304332.906250,B0DB8AF16E20,mous,male,C57BL/6,1.1.1,FreeFeed,0,PelletDrop,592,2,2,2,0,0,,,,,,,,,,,,,,,,,,,,
2026-07-03 00:21:30,304353.437500,B0DB8AF16E20,mous,male,C57BL/6,1.1.1,FreeFeed,0,PelletTaken,592,2,2,2,0,0,TimedOut,4.000,0,1,,,,,,,,,,,,,,,,
2026-07-03 00:22:51,304434.375000,B0DB8AF16E20,mous,male,C57BL/6,1.1.1,FreeFeed,0,Status,592,2,2,2,0,0,,,,,Disabled,25.5,41.0,996.1,14.8,0.000,0.000,253872,344900,250888,12577,3.52,1.23
2026-07-03 00:32:51,305035.500000,B0DB8AF16E20,mous,male,C57BL/6,1.1.1,FreeFeed,0,Status,592,2,2,2,0,0,,,,,Disabled,25.5,41.2,996.2,14.8,0.000,0.000,253872,344900,250888,12602,3.52,1.20
2026-07-03 00:43:05,305648.812500,B0DB8AF16E20,mous,male,C57BL/6,1.1.1,FreeFeed,0,Status,592,2,2,2,0,0,,,,,Disabled,25.5,41.0,996.1,14.7,0.000,0.000,253872,344900,250888,12627,3.51,1.18
2026-07-03 00:53:18,306262.093750,B0DB8AF16E20,mous,male,C57BL/6,1.1.1,FreeFeed,0,Status,592,2,2,2,0,0,,,,,Disabled,25.5,41.0,996.1,14.9,0.000,0.000,253872,344900,250888,12652,3.51,1.17
2026-07-03 00:58:46,306590.937500,B0DB8AF16E20,mous,male,C57BL/6,1.1.1,FreeFeed,0,PelletDrop,593,2,2,2,0,0,,,,,,,,,,,,,,,,,,,,
2026-07-03 00:58:53,306597.781250,B0DB8AF16E20,mous,male,C57BL/6,1.1.1,FreeFeed,0,PelletTaken,593,2,2,2,0,0,6.274,4.000,0,1,,,,,,,,,,,,,,,,
2026-07-03 00:59:00,306605.000000,B0DB8AF16E20,mous,male,C57BL/6,1.1.1,FreeFeed,0,PelletDrop,594,2,2,2,0,0,,,,,,,,,,,,,,,,,,,,
2026-07-03 00:59:07,306611.281250,B0DB8AF16E20,mous,male,C57BL/6,1.1.1,FreeFeed,0,PelletTaken,594,2,2,2,0,0,5.725,4.000,0,1,,,,,,,,,,,,,,,,
2026-07-03 00:59:14,306618.500000,B0DB8AF16E20,mous,male,C57BL/6,1.1.1,FreeFeed,0,PelletDrop,595,2,2,2,0,0,,,,,,,,,,,,,,,,,,,,
2026-07-03 00:59:22,306626.250000,B0DB8AF16E20,mous,male,C57BL/6,1.1.1,FreeFeed,0,PelletTaken,595,2,2,2,0,0,7.199,4.000,0,1,,,,,,,,,,,,,,,,
2026-07-03 00:59:29,306633.468750,B0DB8AF16E20,mous,male,C57BL/6,1.1.1,FreeFeed,0,PelletDrop,596,2,2,2,0,0,,,,,,,,,,,,,,,,,,,,
2026-07-03 00:59:49,306654.031250,B0DB8AF16E20,mous,male,C57BL/6,1.1.1,FreeFeed,0,PelletTaken,596,2,2,2,0,0,TimedOut,4.000,0,1,,,,,,,,,,,,,,,,
2026-07-03 01:03:37,306881.343750,B0DB8AF16E20,mous,male,C57BL/6,1.1.1,FreeFeed,0,Status,596,2,2,2,0,0,,,,,Disabled,25.5,40.9,996.1,14.8,0.000,0.000,253872,344900,250888,12679,3.50,1.15
2026-07-03 01:13:50,307494.656250,B0DB8AF16E20,mous,male,C57BL/6,1.1.1,FreeFeed,0,Status,596,2,2,2,0,0,,,,,Disabled,25.5,40.8,996.2,14.9,0.000,0.000,253872,344900,250888,12704,3.51,1.13
2026-07-03 01:23:03,308048.500000,B0DB8AF16E20,mous,male,C57BL/6,1.1.1,FreeFeed,0,PelletDrop,597,2,2,2,0,0,,,,,,,,,,,,,,,,,,,,
2026-07-03 01:23:17,308062.187500,B0DB8AF16E20,mous,male,C57BL/6,1.1.1,FreeFeed,0,PelletTaken,597,2,2,2,0,0,13.106,4.000,0,1,,,,,,,,,,,,,,,,
2026-07-03 01:23:24,308069.375000,B0DB8AF16E20,mous,male,C57BL/6,1.1.1,FreeFeed,0,PelletDrop,598,2,2,2,0,0,,,,,,,,,,,,,,,,,,,,
2026-07-03 01:23:30,308075.593750,B0DB8AF16E20,mous,male,C57BL/6,1.1.1,FreeFeed,0,PelletTaken,598,2,2,2,0,0,5.626,4.000,0,1,,,,,,,,,,,,,,,,
2026-07-03 01:23:38,308082.781250,B0DB8AF16E20,mous,male,C57BL/6,1.1.1,FreeFeed,0,PelletDrop,599,2,2,2,0,0,,,,,,,,,,,,,,,,,,,,
2026-07-03 01:23:45,308089.781250,B0DB8AF16E20,mous,male,C57BL/6,1.1.1,FreeFeed,0,PelletTaken,599,2,2,2,0,0,6.439,4.000,0,1,,,,,,,,,,,,,,,,
2026-07-03 01:23:52,308097.531250,B0DB8AF16E20,mous,male,C57BL/6,1.1.1,FreeFeed,0,Status,599,2,2,2,0,0,,,,,Disabled,25.5,41.0,996.2,14.8,0.000,0.000,253872,344900,250888,12730,3.50,1.10
2026-07-03 01:23:55,308100.343750,B0DB8AF16E20,mous,male,C57BL/6,1.1.1,FreeFeed,0,PelletDrop,600,2,2,2,0,0,,,,,,,,,,,,,,,,,,,,
2026-07-03 01:24:16,308120.906250,B0DB8AF16E20,mous,male,C57BL/6,1.1.1,FreeFeed,0,PelletTaken,600,2,2,2,0,0,TimedOut,4.000,0,1,,,,,,,,,,,,,,,,
2026-07-03 01:34:09,308714.187500,B0DB8AF16E20,mous,male,C57BL/6,1.1.1,FreeFeed,0,Status,600,2,2,2,0,0,,,,,Disabled,25.5,40.6,996.2,14.8,0.000,0.000,253872,344900,250888,12755,3.50,1.07
2026-07-03 01:44:22,309327.500000,B0DB8AF16E20,mous,male,C57BL/6,1.1.1,FreeFeed,0,Status,600,2,2,2,0,0,,,,,Disabled,25.5,40.2,996.2,14.8,0.000,0.000,253872,344900,250888,12780,3.50,1.05
2026-07-03 01:54:35,309940.812500,B0DB8AF16E20,mous,male,C57BL/6,1.1.1,FreeFeed,0,Status,600,2,2,2,0,0,,,,,Disabled,25.6,40.0,996.2,14.9,0.000,0.000,253872,344900,250888,12805,3.50,1.02
2026-07-03 01:56:31,310056.593750,B0DB8AF16E20,mous,male,C57BL/6,1.1.1,FreeFeed,0,PelletDrop,601,2,2,2,0,0,,,,,,,,,,,,,,,,,,,,
2026-07-03 01:56:32,310058.375000,B0DB8AF16E20,mous,male,C57BL/6,1.1.1,FreeFeed,0,PelletTaken,601,2,2,2,0,0,1.215,4.000,0,1,,,,,,,,,,,,,,,,
2026-07-03 01:56:40,310065.562500,B0DB8AF16E20,mous,male,C57BL/6,1.1.1,FreeFeed,0,PelletDrop,602,2,2,2,0,0,,,,,,,,,,,,,,,,,,,,
2026-07-03 01:56:58,310084.000000,B0DB8AF16E20,mous,male,C57BL/6,1.1.1,FreeFeed,0,PelletTaken,602,2,2,2,0,0,17.879,4.000,0,1,,,,,,,,,,,,,,,,
2026-07-03 01:57:05,310091.250000,B0DB8AF16E20,mous,male,C57BL/6,1.1.1,FreeFeed,0,PelletDrop,603,2,2,2,0,0,,,,,,,,,,,,,,,,,,,,
2026-07-03 01:57:15,310100.875000,B0DB8AF16E20,mous,male,C57BL/6,1.1.1,FreeFeed,0,PelletTaken,603,2,2,2,0,0,9.058,4.000,0,1,,,,,,,,,,,,,,,,
2026-07-03 01:57:22,310108.062500,B0DB8AF16E20,mous,male,C57BL/6,1.1.1,FreeFeed,0,PelletDrop,604,2,2,2,0,0,,,,,,,,,,,,,,,,,,,,
2026-07-03 01:57:39,310124.718750,B0DB8AF16E20,mous,male,C57BL/6,1.1.1,FreeFeed,0,PelletTaken,604,2,2,2,0,0,16.086,4.000,0,1,,,,,,,,,,,,,,,,
2026-07-03 01:57:46,310131.937500,B0DB8AF16E20,mous,male,C57BL/6,1.1.1,FreeFeed,0,PelletDrop,605,2,2,2,0,0,,,,,,,,,,,,,,,,,,,,
2026-07-03 01:57:58,310143.500000,B0DB8AF16E20,mous,male,C57BL/6,1.1.1,FreeFeed,0,PelletTaken,605,2,2,2,0,0,10.983,4.000,0,1,,,,,,,,,,,,,,,,
2026-07-03 01:58:05,310150.687500,B0DB8AF16E20,mous,male,C57BL/6,1.1.1,FreeFeed,0,PelletDrop,606,2,2,2,0,0,,,,,,,,,,,,,,,,,,,,
2026-07-03 01:58:25,310171.250000,B0DB8AF16E20,mous,male,C57BL/6,1.1.1,FreeFeed,0,PelletTaken,606,2,2,2,0,0,TimedOut,4.000,0,1,,,,,,,,,,,,,,,,
