DateTime,ElapsedSeconds,ESP32_UID,MouseID,Sex,Strain,LibraryVer,Program,FR,Event,PelletCount,LeftCount,RightCount,CenterCount,BlockPelletCount,BlockPokeCount,RetrievalTime,PokeDuration,DispenseError,MotorTurns,Motion,Temperature,Humidity,Pressure,GasResistance,Lux,White,FreeHeap,HeapSize,MinFreeHeap,WakeCount,BatteryVoltage,BatteryPercent
2026-06-29 11:46:59,33.463001,A0DB8AF16E20,mous,male,C57BL/6,1.1.1,Free_feeding,0,Startup,0,0,0,0,0,0,,,,,0.0,24.1,40.8,1000.6,11.4,3.622,1678.000,253348,344900,251132,0,4.19,100.00
2026-06-29 11:56:50,625.054993,A0DB8AF16E20,mous,male,C57BL/6,1.1.1,Free_feeding,0,Status,0,0,0,0,0,0,,,,,Disabled,24.3,39.4,1000.6,12.6,17.244,5965.000,254304,344900,251132,25,4.19,100.00
2026-06-29 12:07:00,1235.376953,A0DB8AF16E20,mous,male,C57BL/6,1.1.1,Free_feeding,0,Status,0,0,0,0,0,0,,,,,Disabled,24.4,39.3,1000.5,12.9,17.208,5952.000,254304,344900,251132,50,4.18,100.00
2026-06-29 12:17:10,1845.699951,A0DB8AF16E20,mous,male,C57BL/6,1.1.1,Free_feeding,0,Status,0,0,0,0,0,0,,,,,Disabled,24.5,39.4,1000.5,13.1,17.240,5957.000,254304,344900,251132,75,4.18,100.00
2026-06-29 12:27:21,2456.033936,A0DB8AF16E20,mous,male,C57BL/6,1.1.1,Free_feeding,0,Status,0,0,0,0,0,0,,,,,Disabled,24.5,39.5,1000.4,13.2,17.269,5974.000,254304,344900,251132,100,4.18,100.00
2026-06-29 12:37:31,3066.354980,A0DB8AF16E20,mous,male,C57BL/6,1.1.1,Free_feeding,0,Status,0,0,0,0,0,0,,,,,Disabled,24.5,39.5,1000.3,13.3,17.312,5978.000,254304,344900,251132,125,4.19,99.88
2026-06-29 12:47:41,3676.677979,A0DB8AF16E20,mous,male,C57BL/6,1.1.1,Free_feeding,0,Status,0,0,0,0,0,0,,,,,Disabled,24.5,39.5,1000.3,13.4,17.266,5974.000,254212,344900,251132,150,4.18,99.56
2026-06-29 12:57:50,4285.884766,A0DB8AF16E20,mous,male,C57BL/6,1.1.1,Free_feeding,0,Status,0,0,0,0,0,0,,,,,Disabled,24.5,39.8,1000.3,13.4,0.245,128.000,254212,344900,251132,175,4.18,99.40
2026-06-29 12:57:57,4292.895996,A0DB8AF16E20,mous,male,C57BL/6,1.1.1,Free_feeding,0,PelletDrop,1,0,0,0,0,0,,,,,,,,,,,,,,,,,,,,
2026-06-29 12:58:15,4310.962891,A0DB8AF16E20,mous,male,C57BL/6,1.1.1,Free_feeding,0,PelletTaken,1,0,0,0,0,0,17.747,0.000,0,3,,,,,,,,,,,,,,,,
2026-06-29 12:58:22,4317.921875,A0DB8AF16E20,mous,male,C57BL/6,1.1.1,Free_feeding,0,PelletDrop,2,0,0,0,0,0,,,,,,,,,,,,,,,,,,,,
2026-06-29 12:58:42,4338.234863,A0DB8AF16E20,mous,male,C57BL/6,1.1.1,Free_feeding,0,PelletTaken,2,0,0,0,0,0,TimedOut,0.000,0,1,,,,,,,,,,,,,,,,
2026-06-29 12:59:03,4358.823242,A0DB8AF16E20,mous,male,C57BL/6,1.1.1,Free_feeding,0,PelletDrop,3,0,0,0,0,0,,,,,,,,,,,,,,,,,,,,
2026-06-29 12:59:09,4365.186035,A0DB8AF16E20,mous,male,C57BL/6,1.1.1,Free_feeding,0,PelletTaken,3,0,0,0,0,0,6.043,0.000,0,1,,,,,,,,,,,,,,,,
2026-06-29 12:59:16,4372.145020,A0DB8AF16E20,mous,male,C57BL/6,1.1.1,Free_feeding,0,PelletDrop,4,0,0,0,0,0,,,,,,,,,,,,,,,,,,,,
2026-06-29 12:59:36,4392.458008,A0DB8AF16E20,mous,male,C57BL/6,1.1.1,Free_feeding,0,PelletTaken,4,0,0,0,0,0,TimedOut,0.000,0,1,,,,,,,,,,,,,,,,
2026-06-29 13:00:22,4438.623047,A0DB8AF16E20,mous,male,C57BL/6,1.1.1,Free_feeding,0,PelletDrop,5,0,0,0,0,0,,,,,,,,,,,,,,,,,,,,
2026-06-29 13:00:43,4458.935059,A0DB8AF16E20,mous,male,C57BL/6,1.1.1,Free_feeding,0,PelletTaken,5,0,0,0,0,0,TimedOut,0.000,0,1,,,,,,,,,,,,,,,,
2026-06-29 13:01:14,4490.271973,A0DB8AF16E20,mous,male,C57BL/6,1.1.1,Free_feeding,0,PelletDrop,6,0,0,0,0,0,,,,,,,,,,,,,,,,,,,,
2026-06-29 13:01:34,4510.583984,A0DB8AF16E20,mous,male,C57BL/6,1.1.1,Free_feeding,0,PelletTaken,6,0,0,0,0,0,TimedOut,0.000,0,1,,,,,,,,,,,,,,,,
2026-06-29 13:08:12,4908.104004,A0DB8AF16E20,mous,male,C57BL/6,1.1.1,Free_feeding,0,Status,6,0,0,0,0,0,,,,,Disabled,24.6,40.2,1000.2,13.1,0.245,128.000,254212,344900,251132,201,4.17,99.08
2026-06-29 13:11:02,5078.515137,A0DB8AF16E20,mous,male,C57BL/6,1.1.1,Free_feeding,0,PelletDrop,7,0,0,0,0,0,,,,,,,,,,,,,,,,,,,,
2026-06-29 13:11:14,5090.168945,A0DB8AF16E20,mous,male,C57BL/6,1.1.1,Free_feeding,0,PelletTaken,7,0,0,0,0,0,11.334,0.000,0,1,,,,,,,,,,,,,,,,
2026-06-29 13:11:21,5097.117188,A0DB8AF16E20,mous,male,C57BL/6,1.1.1,Free_feeding,0,PelletDrop,8,0,0,0,0,0,,,,,,,,,,,,,,,,,,,,
2026-06-29 13:11:24,5100.542969,A0DB8AF16E20,mous,male,C57BL/6,1.1.1,Free_feeding,0,PelletTaken,8,0,0,0,0,0,3.107,0.000,0,1,,,,,,,,,,,,,,,,
2026-06-29 13:11:31,5107.501953,A0DB8AF16E20,mous,male,C57BL/6,1.1.1,Free_feeding,0,PelletDrop,9,0,0,0,0,0,,,,,,,,,,,,,,,,,,,,
2026-06-29 13:11:43,5119.222168,A0DB8AF16E20,mous,male,C57BL/6,1.1.1,Free_feeding,0,PelletTaken,9,0,0,0,0,0,11.400,0.000,0,1,,,,,,,,,,,,,,,,
2026-06-29 13:13:09,5205.439941,A0DB8AF16E20,mous,male,C57BL/6,1.1.1,Free_feeding,0,PelletDrop,10,0,0,0,0,0,,,,,,,,,,,,,,,,,,,,
2026-06-29 13:13:29,5225.752930,A0DB8AF16E20,mous,male,C57BL/6,1.1.1,Free_feeding,0,PelletTaken,10,0,0,0,0,0,TimedOut,0.000,0,1,,,,,,,,,,,,,,,,
2026-06-29 13:17:18,5454.209961,A0DB8AF16E20,mous,male,C57BL/6,1.1.1,Free_feeding,0,PelletDrop,11,0,0,0,0,0,,,,,,,,,,,,,,,,,,,,
2026-06-29 13:17:38,5474.521973,A0DB8AF16E20,mous,male,C57BL/6,1.1.1,Free_feeding,0,PelletTaken,11,0,0,0,0,0,TimedOut,0.000,0,1,,,,,,,,,,,,,,,,
2026-06-29 13:18:34,5530.735840,A0DB8AF16E20,mous,male,C57BL/6,1.1.1,Free_feeding,0,Status,11,0,0,0,0,0,,,,,Disabled,24.7,40.3,1000.2,13.0,0.220,110.000,254212,344900,251132,229,4.17,98.93
2026-06-29 13:20:09,5625.540039,A0DB8AF16E20,mous,male,C57BL/6,1.1.1,Free_feeding,0,PelletDrop,12,0,0,0,0,0,,,,,,,,,,,,,,,,,,,,
2026-06-29 13:20:29,5645.852051,A0DB8AF16E20,mous,male,C57BL/6,1.1.1,Free_feeding,0,PelletTaken,12,0,0,0,0,0,TimedOut,0.000,0,1,,,,,,,,,,,,,,,,
2026-06-29 13:20:58,5674.920898,A0DB8AF16E20,mous,male,C57BL/6,1.1.1,Free_feeding,0,PelletDrop,13,0,0,0,0,0,,,,,,,,,,,,,,,,,,,,
2026-06-29 13:21:13,5689.423828,A0DB8AF16E20,mous,male,C57BL/6,1.1.1,Free_feeding,0,PelletTaken,13,0,0,0,0,0,14.183,0.000,0,1,,,,,,,,,,,,,,,,
2026-06-29 13:21:20,5696.382812,A0DB8AF16E20,mous,male,C57BL/6,1.1.1,Free_feeding,0,PelletDrop,14,0,0,0,0,0,,,,,,,,,,,,,,,,,,,,
2026-06-29 13:21:40,5716.694824,A0DB8AF16E20,mous,male,C57BL/6,1.1.1,Free_feeding,0,PelletTaken,14,0,0,0,0,0,TimedOut,0.000,0,1,,,,,,,,,,,,,,,,
2026-06-29 13:24:28,5885.115234,A0DB8AF16E20,mous,male,C57BL/6,1.1.1,Free_feeding,0,PelletDrop,15,0,0,0,0,0,,,,,,,,,,,,,,,,,,,,
2026-06-29 13:24:49,5905.438965,A0DB8AF16E20,mous,male,C57BL/6,1.1.1,Free_feeding,0,PelletTaken,15,0,0,0,0,0,TimedOut,0.000,0,1,,,,,,,,,,,,,,,,
2026-06-29 13:28:49,6146.125000,A0DB8AF16E20,mous,male,C57BL/6,1.1.1,Free_feeding,0,PelletDrop,16,0,0,0,0,0,,,,,,,,,,,,,,,,,,,,
2026-06-29 13:29:08,6165.192871,A0DB8AF16E20,mous,male,C57BL/6,1.1.1,Free_feeding,0,PelletTaken,16,0,0,0,0,0,18.748,0.000,0,9,,,,,,,,,,,,,,,,
2026-06-29 13:29:16,6172.650879,A0DB8AF16E20,mous,male,C57BL/6,1.1.1,Free_feeding,0,Status,16,0,0,0,0,0,,,,,Disabled,24.8,40.0,1000.1,12.7,0.220,110.000,254212,344900,251132,255,4.17,98.61
2026-06-29 13:29:18,6175.237793,A0DB8AF16E20,mous,male,C57BL/6,1.1.1,Free_feeding,0,PelletDrop,17,0,0,0,0,0,,,,,,,,,,,,,,,,,,,,
2026-06-29 13:29:24,6180.644043,A0DB8AF16E20,mous,male,C57BL/6,1.1.1,Free_feeding,0,PelletTaken,17,0,0,0,0,0,5.086,0.000,0,1,,,,,,,,,,,,,,,,
2026-06-29 13:29:31,6187.591797,A0DB8AF16E20,mous,male,C57BL/6,1.1.1,Free_feeding,0,PelletDrop,18,0,0,0,0,0,,,,,,,,,,,,,,,,,,,,
2026-06-29 13:29:44,6200.918945,A0DB8AF16E20,mous,male,C57BL/6,1.1.1,Free_feeding,0,PelletTaken,18,0,0,0,0,0,13.007,0.000,0,1,,,,,,,,,,,,,,,,
2026-06-29 13:29:51,6207.855957,A0DB8AF16E20,mous,male,C57BL/6,1.1.1,Free_feeding,0,PelletDrop,19,0,0,0,0,0,,,,,,,,,,,,,,,,,,,,
2026-06-29 13:30:11,6228.168945,A0DB8AF16E20,mous,male,C57BL/6,1.1.1,Free_feeding,0,PelletTaken,19,0,0,0,0,0,TimedOut,0.000,0,1,,,,,,,,,,,,,,,,
2026-06-29 13:32:40,6377.431152,A0DB8AF16E20,mous,male,C57BL/6,1.1.1,Free_feeding,0,PelletDrop,20,0,0,0,0,0,,,,,,,,,,,,,,,,,,,,
2026-06-29 13:33:01,6397.754883,A0DB8AF16E20,mous,male,C57BL/6,1.1.1,Free_feeding,0,PelletTaken,20,0,0,0,0,0,TimedOut,0.000,0,1,,,,,,,,,,,,,,,,
2026-06-29 13:39:38,6795.252930,A0DB8AF16E20,mous,male,C57BL/6,1.1.1,Free_feeding,0,Status,20,0,0,0,0,0,,,,,Disabled,24.9,40.0,1000.0,12.4,0.252,130.000,254212,344900,251132,281,4.17,98.29
2026-06-29 13:44:57,7114.654785,A0DB8AF16E20,mous,male,C57BL/6,1.1.1,Free_feeding,0,PelletDrop,21,0,0,0,0,0,,,,,,,,,,,,,,,,,,,,
2026-06-29 13:45:18,7134.966797,A0DB8AF16E20,mous,male,C57BL/6,1.1.1,Free_feeding,0,PelletTaken,21,0,0,0,0,0,TimedOut,0.000,0,1,,,,,,,,,,,,,,,,
2026-06-29 13:45:25,7141.925781,A0DB8AF16E20,mous,male,C57BL/6,1.1.1,Free_feeding,0,PelletDrop,22,0,0,0,0,0,,,,,,,,,,,,,,,,,,,,
2026-06-29 13:45:45,7162.237793,A0DB8AF16E20,mous,male,C57BL/6,1.1.1,Free_feeding,0,PelletTaken,22,0,0,0,0,0,TimedOut,0.000,0,1,,,,,,,,,,,,,,,,
2026-06-29 13:46:52,7229.601074,A0DB8AF16E20,mous,male,C57BL/6,1.1.1,Free_feeding,0,PelletDrop,23,0,0,0,0,0,,,,,,,,,,,,,,,,,,,,
2026-06-29 13:47:05,7242.433105,A0DB8AF16E20,mous,male,C57BL/6,1.1.1,Free_feeding,0,PelletTaken,23,0,0,0,0,0,12.501,0.000,0,1,,,,,,,,,,,,,,,,
2026-06-29 13:47:12,7249.379883,A0DB8AF16E20,mous,male,C57BL/6,1.1.1,Free_feeding,0,PelletDrop,24,0,0,0,0,0,,,,,,,,,,,,,,,,,,,,
2026-06-29 13:47:24,7261.022949,A0DB8AF16E20,mous,male,C57BL/6,1.1.1,Free_feeding,0,PelletTaken,24,0,0,0,0,0,11.323,0.000,0,1,,,,,,,,,,,,,,,,
2026-06-29 13:47:31,7267.971191,A0DB8AF16E20,mous,male,C57BL/6,1.1.1,Free_feeding,0,PelletDrop,25,0,0,0,0,0,,,,,,,,,,,,,,,,,,,,
2026-06-29 13:47:42,7279.757812,A0DB8AF16E20,mous,male,C57BL/6,1.1.1,Free_feeding,0,PelletTaken,25,0,0,0,0,0,11.455,0.000,0,1,,,,,,,,,,,,,,,,
2026-06-29 13:47:49,7286.705078,A0DB8AF16E20,mous,male,C57BL/6,1.1.1,Free_feeding,0,PelletDrop,26,0,0,0,0,0,,,,,,,,,,,,,,,,,,,,
2026-06-29 13:48:01,7298.193848,A0DB8AF16E20,mous,male,C57BL/6,1.1.1,Free_feeding,0,PelletTaken,26,0,0,0,0,0,11.169,0.000,0,1,,,,,,,,,,,,,,,,
2026-06-29 13:48:08,7305.142090,A0DB8AF16E20,mous,male,C57BL/6,1.1.1,Free_feeding,0,PelletDrop,27,0,0,0,0,0,,,,,,,,,,,,,,,,,,,,
2026-06-29 13:48:19,7316.203125,A0DB8AF16E20,mous,male,C57BL/6,1.1.1,Free_feeding,0,PelletTaken,27,0,0,0,0,0,10.730,0.000,0,1,,,,,,,,,,,,,,,,
2026-06-29 13:48:26,7323.149902,A0DB8AF16E20,mous,male,C57BL/6,1.1.1,Free_feeding,0,PelletDrop,28,0,0,0,0,0,,,,,,,,,,,,,,,,,,,,
2026-06-29 13:48:46,7343.461914,A0DB8AF16E20,mous,male,C57BL/6,1.1.1,Free_feeding,0,PelletTaken,28,0,0,0,0,0,TimedOut,0.000,0,1,,,,,,,,,,,,,,,,
2026-06-29 13:49:42,7399.674805,A0DB8AF16E20,mous,male,C57BL/6,1.1.1,Free_feeding,0,Status,28,0,0,0,0,0,,,,,Disabled,25.0,40.1,1000.0,12.4,0.259,132.000,254212,344900,251132,307,4.16,97.98
2026-06-29 13:50:34,7451.015137,A0DB8AF16E20,mous,male,C57BL/6,1.1.1,Free_feeding,0,PelletDrop,29,0,0,0,0,0,,,,,,,,,,,,,,,,,,,,
2026-06-29 13:50:54,7471.327148,A0DB8AF16E20,mous,male,C57BL/6,1.1.1,Free_feeding,0,PelletTaken,29,0,0,0,0,0,TimedOut,0.000,0,1,,,,,,,,,,,,,,,,
2026-06-29 13:59:57,8015.088867,A0DB8AF16E20,mous,male,C57BL/6,1.1.1,Free_feeding,0,Status,29,0,0,0,0,0,,,,,Disabled,25.1,40.3,999.9,12.2,0.248,128.000,254212,344900,251132,332,4.16,97.66
2026-06-29 14:10:10,8627.623047,A0DB8AF16E20,mous,male,C57BL/6,1.1.1,Free_feeding,0,Status,29,0,0,0,0,0,,,,,Disabled,25.1,40.4,999.8,12.2,0.245,133.000,254212,344900,251132,357,4.16,97.50
2026-06-29 14:20:22,9240.143555,A0DB8AF16E20,mous,male,C57BL/6,1.1.1,Free_feeding,0,Status,29,0,0,0,0,0,,,,,Disabled,25.1,40.4,999.7,12.1,0.245,130.000,254212,344900,251132,382,4.16,97.18
2026-06-29 14:30:34,9852.688477,A0DB8AF16E20,mous,male,C57BL/6,1.1.1,Free_feeding,0,Status,29,0,0,0,0,0,,,,,Disabled,25.1,40.3,999.6,12.1,0.245,132.000,254212,344900,251132,407,4.16,97.03
2026-06-29 14:40:47,10465.220703,A0DB8AF16E20,mous,male,C57BL/6,1.1.1,Free_feeding,0,Status,29,0,0,0,0,0,,,,,Disabled,25.2,40.2,999.5,12.1,0.252,132.000,254212,344900,251132,432,4.16,96.71
2026-06-29 14:50:59,11077.742188,A0DB8AF16E20,mous,male,C57BL/6,1.1.1,Free_feeding,0,Status,29,0,0,0,0,0,,,,,Disabled,25.2,40.1,999.5,12.0,0.252,134.000,254164,344900,251132,457,4.15,96.55
2026-06-29 15:01:11,11690.275391,A0DB8AF16E20,mous,male,C57BL/6,1.1.1,Free_feeding,0,Status,29,0,0,0,0,0,,,,,Disabled,25.2,40.0,999.5,12.0,0.299,159.000,254152,344900,251132,482,4.15,96.23
2026-06-29 15:11:23,12302.795898,A0DB8AF16E20,mous,male,C57BL/6,1.1.1,Free_feeding,0,Status,29,0,0,0,0,0,,,,,Disabled,25.2,39.9,999.4,12.0,0.256,128.000,254152,344900,251132,507,4.15,95.92
2026-06-29 15:21:36,12915.317383,A0DB8AF16E20,mous,male,C57BL/6,1.1.1,Free_feeding,0,Status,29,0,0,0,0,0,,,,,Disabled,25.2,39.9,999.4,12.1,0.245,130.000,254152,344900,251132,532,4.15,95.76
2026-06-29 15:28:32,13332.320312,A0DB8AF16E20,mous,male,C57BL/6,1.1.1,Free_feeding,0,PelletDrop,30,0,0,0,0,0,,,,,,,,,,,,,,,,,,,,
2026-06-29 15:28:53,13352.630859,A0DB8AF16E20,mous,male,C57BL/6,1.1.1,Free_feeding,0,PelletTaken,30,0,0,0,0,0,TimedOut,0.000,0,1,,,,,,,,,,,,,,,,
2026-06-29 15:29:07,13366.465820,A0DB8AF16E20,mous,male,C57BL/6,1.1.1,Free_feeding,0,PelletDrop,31,0,0,0,0,0,,,,,,,,,,,,,,,,,,,,
2026-06-29 15:29:26,13385.490234,A0DB8AF16E20,mous,male,C57BL/6,1.1.1,Free_feeding,0,PelletTaken,31,0,0,0,0,0,18.705,0.000,0,1,,,,,,,,,,,,,,,,
2026-06-29 15:29:33,13393.034180,A0DB8AF16E20,mous,male,C57BL/6,1.1.1,Free_feeding,0,PelletDrop,32,0,0,0,0,0,,,,,,,,,,,,,,,,,,,,
2026-06-29 15:29:37,13396.966797,A0DB8AF16E20,mous,male,C57BL/6,1.1.1,Free_feeding,0,PelletTaken,32,0,0,0,0,0,3.613,0.000,0,1,,,,,,,,,,,,,,,,
2026-06-29 15:29:44,13403.914062,A0DB8AF16E20,mous,male,C57BL/6,1.1.1,Free_feeding,0,PelletDrop,33,0,0,0,0,0,,,,,,,,,,,,,,,,,,,,
2026-06-29 15:30:04,13423.632812,A0DB8AF16E20,mous,male,C57BL/6,1.1.1,Free_feeding,0,PelletTaken,33,0,0,0,0,0,19.387,0.000,0,1,,,,,,,,,,,,,,,,
2026-06-29 15:30:11,13430.533203,A0DB8AF16E20,mous,male,C57BL/6,1.1.1,Free_feeding,0,PelletDrop,34,0,0,0,0,0,,,,,,,,,,,,,,,,,,,,
2026-06-29 15:30:30,13450.184570,A0DB8AF16E20,mous,male,C57BL/6,1.1.1,Free_feeding,0,PelletTaken,34,0,0,0,0,0,19.332,0.000,0,1,,,,,,,,,,,,,,,,
2026-06-29 15:30:37,13457.131836,A0DB8AF16E20,mous,male,C57BL/6,1.1.1,Free_feeding,0,PelletDrop,35,0,0,0,0,0,,,,,,,,,,,,,,,,,,,,
2026-06-29 15:30:57,13477.301758,A0DB8AF16E20,mous,male,C57BL/6,1.1.1,Free_feeding,0,PelletTaken,35,0,0,0,0,0,19.838,0.000,0,1,,,,,,,,,,,,,,,,
2026-06-29 15:31:54,13533.514648,A0DB8AF16E20,mous,male,C57BL/6,1.1.1,Free_feeding,0,Status,35,0,0,0,0,0,,,,,Disabled,25.2,39.8,999.3,12.0,0.158,88.000,254152,344900,251132,558,4.15,95.45
2026-06-29 15:33:32,13631.735352,A0DB8AF16E20,mous,male,C57BL/6,1.1.1,Free_feeding,0,PelletDrop,36,0,0,0,0,0,,,,,,,,,,,,,,,,,,,,
2026-06-29 15:33:52,13652.058594,A0DB8AF16E20,mous,male,C57BL/6,1.1.1,Free_feeding,0,PelletTaken,36,0,0,0,0,0,TimedOut,0.000,0,2,,,,,,,,,,,,,,,,
2026-06-29 15:35:49,13769.462891,A0DB8AF16E20,mous,male,C57BL/6,1.1.1,Free_feeding,0,PelletDrop,37,0,0,0,0,0,,,,,,,,,,,,,,,,,,,,
2026-06-29 15:36:06,13785.815430,A0DB8AF16E20,mous,male,C57BL/6,1.1.1,Free_feeding,0,PelletTaken,37,0,0,0,0,0,16.031,0.000,0,1,,,,,,,,,,,,,,,,
2026-06-29 15:36:13,13792.761719,A0DB8AF16E20,mous,male,C57BL/6,1.1.1,Free_feeding,0,PelletDrop,38,0,0,0,0,0,,,,,,,,,,,,,,,,,,,,
2026-06-29 15:36:26,13805.660156,A0DB8AF16E20,mous,male,C57BL/6,1.1.1,Free_feeding,0,PelletTaken,38,0,0,0,0,0,12.566,0.000,0,1,,,,,,,,,,,,,,,,
2026-06-29 15:36:33,13812.607422,A0DB8AF16E20,mous,male,C57BL/6,1.1.1,Free_feeding,0,PelletDrop,39,0,0,0,0,0,,,,,,,,,,,,,,,,,,,,
2026-06-29 15:36:39,13819.279297,A0DB8AF16E20,mous,male,C57BL/6,1.1.1,Free_feeding,0,PelletTaken,39,0,0,0,0,0,6.352,0.000,0,1,,,,,,,,,,,,,,,,
2026-06-29 15:40:16,14036.216797,A0DB8AF16E20,mous,male,C57BL/6,1.1.1,Free_feeding,0,PelletDrop,40,0,0,0,0,0,,,,,,,,,,,,,,,,,,,,
2026-06-29 15:40:36,14056.541016,A0DB8AF16E20,mous,male,C57BL/6,1.1.1,Free_feeding,0,PelletTaken,40,0,0,0,0,0,TimedOut,0.000,0,1,,,,,,,,,,,,,,,,
2026-06-29 15:41:02,14081.903320,A0DB8AF16E20,mous,male,C57BL/6,1.1.1,Free_feeding,0,PelletDrop,41,0,0,0,0,0,,,,,,,,,,,,,,,,,,,,
2026-06-29 15:41:14,14094.360352,A0DB8AF16E20,mous,male,C57BL/6,1.1.1,Free_feeding,0,PelletTaken,41,0,0,0,0,0,12.137,0.000,0,1,,,,,,,,,,,,,,,,
2026-06-29 15:41:21,14101.307617,A0DB8AF16E20,mous,male,C57BL/6,1.1.1,Free_feeding,0,PelletDrop,42,0,0,0,0,0,,,,,,,,,,,,,,,,,,,,
2026-06-29 15:41:28,14108.386719,A0DB8AF16E20,mous,male,C57BL/6,1.1.1,Free_feeding,0,PelletTaken,42,0,0,0,0,0,6.748,0.000,0,1,,,,,,,,,,,,,,,,
2026-06-29 15:41:35,14115.333984,A0DB8AF16E20,mous,male,C57BL/6,1.1.1,Free_feeding,0,PelletDrop,43,0,0,0,0,0,,,,,,,,,,,,,,,,,,,,
2026-06-29 15:41:46,14126.261719,A0DB8AF16E20,mous,male,C57BL/6,1.1.1,Free_feeding,0,PelletTaken,43,0,0,0,0,0,10.608,0.000,0,1,,,,,,,,,,,,,,,,
2026-06-29 15:41:54,14133.732422,A0DB8AF16E20,mous,male,C57BL/6,1.1.1,Free_feeding,0,Status,43,0,0,0,0,0,,,,,Disabled,25.2,39.7,999.2,11.9,0.230,123.000,254152,344900,251132,585,4.14,95.29
2026-06-29 15:41:56,14136.305664,A0DB8AF16E20,mous,male,C57BL/6,1.1.1,Free_feeding,0,PelletDrop,44,0,0,0,0,0,,,,,,,,,,,,,,,,,,,,
2026-06-29 15:42:16,14156.619141,A0DB8AF16E20,mous,male,C57BL/6,1.1.1,Free_feeding,0,PelletTaken,44,0,0,0,0,0,TimedOut,0.000,0,1,,,,,,,,,,,,,,,,
2026-06-29 15:52:09,14749.158203,A0DB8AF16E20,mous,male,C57BL/6,1.1.1,Free_feeding,0,Status,44,0,0,0,0,0,,,,,Disabled,25.3,39.7,999.1,12.0,0.223,116.000,254152,344900,251132,610,4.14,94.97
2026-06-29 15:52:55,14795.129883,A0DB8AF16E20,mous,male,C57BL/6,1.1.1,Free_feeding,0,PelletDrop,45,0,0,0,0,0,,,,,,,,,,,,,,,,,,,,
2026-06-29 15:53:10,14809.986328,A0DB8AF16E20,mous,male,C57BL/6,1.1.1,Free_feeding,0,PelletTaken,45,0,0,0,0,0,14.536,0.000,0,1,,,,,,,,,,,,,,,,
2026-06-29 15:53:16,14816.933594,A0DB8AF16E20,mous,male,C57BL/6,1.1.1,Free_feeding,0,PelletDrop,46,0,0,0,0,0,,,,,,,,,,,,,,,,,,,,
2026-06-29 15:53:29,14829.865234,A0DB8AF16E20,mous,male,C57BL/6,1.1.1,Free_feeding,0,PelletTaken,46,0,0,0,0,0,12.600,0.000,0,1,,,,,,,,,,,,,,,,
2026-06-29 15:53:36,14836.811523,A0DB8AF16E20,mous,male,C57BL/6,1.1.1,Free_feeding,0,PelletDrop,47,0,0,0,0,0,,,,,,,,,,,,,,,,,,,,
2026-06-29 15:53:57,14857.124023,A0DB8AF16E20,mous,male,C57BL/6,1.1.1,Free_feeding,0,PelletTaken,47,0,0,0,0,0,TimedOut,0.000,0,1,,,,,,,,,,,,,,,,
2026-06-29 15:58:23,15123.896484,A0DB8AF16E20,mous,male,C57BL/6,1.1.1,Free_feeding,0,PelletDrop,48,0,0,0,0,0,,,,,,,,,,,,,,,,,,,,
2026-06-29 15:58:38,15138.839844,A0DB8AF16E20,mous,male,C57BL/6,1.1.1,Free_feeding,0,PelletTaken,48,0,0,0,0,0,14.613,0.000,0,1,,,,,,,,,,,,,,,,
2026-06-29 15:58:45,15145.787109,A0DB8AF16E20,mous,male,C57BL/6,1.1.1,Free_feeding,0,PelletDrop,49,0,0,0,0,0,,,,,,,,,,,,,,,,,,,,
2026-06-29 15:58:59,15159.355469,A0DB8AF16E20,mous,male,C57BL/6,1.1.1,Free_feeding,0,PelletTaken,49,0,0,0,0,0,13.248,0.000,0,1,,,,,,,,,,,,,,,,
2026-06-29 15:59:06,15166.315430,A0DB8AF16E20,mous,male,C57BL/6,1.1.1,Free_feeding,0,PelletDrop,50,0,0,0,0,0,,,,,,,,,,,,,,,,,,,,
2026-06-29 15:59:16,15177.000977,A0DB8AF16E20,mous,male,C57BL/6,1.1.1,Free_feeding,0,PelletTaken,50,0,0,0,0,0,10.366,0.000,0,1,,,,,,,,,,,,,,,,
2026-06-29 15:59:23,15183.948242,A0DB8AF16E20,mous,male,C57BL/6,1.1.1,Free_feeding,0,PelletDrop,51,0,0,0,0,0,,,,,,,,,,,,,,,,,,,,
2026-06-29 15:59:37,15197.153320,A0DB8AF16E20,mous,male,C57BL/6,1.1.1,Free_feeding,0,PelletTaken,51,0,0,0,0,0,12.885,0.000,0,1,,,,,,,,,,,,,,,,
2026-06-29 15:59:44,15204.650391,A0DB8AF16E20,mous,male,C57BL/6,1.1.1,Free_feeding,0,PelletDrop,52,0,0,0,0,0,,,,,,,,,,,,,,,,,,,,
2026-06-29 16:00:04,15224.961914,A0DB8AF16E20,mous,male,C57BL/6,1.1.1,Free_feeding,0,PelletTaken,52,0,0,0,0,0,TimedOut,0.000,0,1,,,,,,,,,,,,,,,,
2026-06-29 16:02:14,15354.307617,A0DB8AF16E20,mous,male,C57BL/6,1.1.1,Free_feeding,0,Status,52,0,0,0,0,0,,,,,Disabled,25.3,39.7,999.1,12.0,0.238,122.000,254152,344900,251132,636,4.14,94.65
2026-06-29 16:12:26,15966.830078,A0DB8AF16E20,mous,male,C57BL/6,1.1.1,Free_feeding,0,Status,52,0,0,0,0,0,,,,,Disabled,25.3,39.6,999.0,11.9,0.238,124.000,254152,344900,251132,661,4.14,94.50
2026-06-29 16:22:38,16579.341797,A0DB8AF16E20,mous,male,C57BL/6,1.1.1,Free_feeding,0,Status,52,0,0,0,0,0,,,,,Disabled,25.3,39.6,999.0,11.9,0.238,122.000,254152,344900,251132,686,4.14,94.34
2026-06-29 16:32:50,17191.863281,A0DB8AF16E20,mous,male,C57BL/6,1.1.1,Free_feeding,0,Status,52,0,0,0,0,0,,,,,Disabled,25.3,39.6,998.9,12.0,0.238,122.000,254152,344900,251132,711,4.14,94.02
2026-06-29 16:43:03,17804.396484,A0DB8AF16E20,mous,male,C57BL/6,1.1.1,Free_feeding,0,Status,52,0,0,0,0,0,,,,,Disabled,25.3,39.6,998.9,12.0,0.248,124.000,254152,344900,251132,736,4.14,93.86
2026-06-29 16:53:15,18416.917969,A0DB8AF16E20,mous,male,C57BL/6,1.1.1,Free_feeding,0,Status,52,0,0,0,0,0,,,,,Disabled,25.3,39.6,998.9,12.1,0.238,125.000,254152,344900,251132,761,4.13,93.70
2026-06-29 17:03:27,19029.437500,A0DB8AF16E20,mous,male,C57BL/6,1.1.1,Free_feeding,0,Status,52,0,0,0,0,0,,,,,Disabled,25.3,39.6,998.9,12.1,0.256,130.000,254152,344900,251132,786,4.13,93.39
2026-06-29 17:13:40,19641.992188,A0DB8AF16E20,mous,male,C57BL/6,1.1.1,Free_feeding,0,Status,52,0,0,0,0,0,,,,,Disabled,25.2,39.6,998.9,12.1,0.277,144.000,254152,344900,251132,811,4.13,93.23
2026-06-29 17:14:59,19721.423828,A0DB8AF16E20,mous,male,C57BL/6,1.1.1,Free_feeding,0,PelletDrop,53,0,0,0,0,0,,,,,,,,,,,,,,,,,,,,
2026-06-29 17:15:17,19739.720703,A0DB8AF16E20,mous,male,C57BL/6,1.1.1,Free_feeding,0,PelletTaken,53,0,0,0,0,0,17.978,0.000,0,0,,,,,,,,,,,,,,,,
2026-06-29 17:15:23,19745.585938,A0DB8AF16E20,mous,male,C57BL/6,1.1.1,Free_feeding,0,PelletDrop,54,0,0,0,0,0,,,,,,,,,,,,,,,,,,,,
2026-06-29 17:15:41,19763.611328,A0DB8AF16E20,mous,male,C57BL/6,1.1.1,Free_feeding,0,PelletTaken,54,0,0,0,0,0,17.705,0.000,0,0,,,,,,,,,,,,,,,,
2026-06-29 17:15:50,19772.775391,A0DB8AF16E20,mous,male,C57BL/6,1.1.1,Free_feeding,0,PelletDrop,55,0,0,0,0,0,,,,,,,,,,,,,,,,,,,,
2026-06-29 17:16:02,19784.572266,A0DB8AF16E20,mous,male,C57BL/6,1.1.1,Free_feeding,0,PelletTaken,55,0,0,0,0,0,11.477,0.000,0,2,,,,,,,,,,,,,,,,
2026-06-29 17:16:09,19791.531250,A0DB8AF16E20,mous,male,C57BL/6,1.1.1,Free_feeding,0,PelletDrop,56,0,0,0,0,0,,,,,,,,,,,,,,,,,,,,
2026-06-29 17:16:28,19810.039062,A0DB8AF16E20,mous,male,C57BL/6,1.1.1,Free_feeding,0,PelletTaken,56,0,0,0,0,0,18.188,0.000,0,1,,,,,,,,,,,,,,,,
2026-06-29 17:16:37,19819.205078,A0DB8AF16E20,mous,male,C57BL/6,1.1.1,Free_feeding,0,PelletDrop,57,0,0,0,0,0,,,,,,,,,,,,,,,,,,,,
2026-06-29 17:16:57,19839.517578,A0DB8AF16E20,mous,male,C57BL/6,1.1.1,Free_feeding,0,PelletTaken,57,0,0,0,0,0,TimedOut,0.000,0,2,,,,,,,,,,,,,,,,
2026-06-29 17:23:59,20261.404297,A0DB8AF16E20,mous,male,C57BL/6,1.1.1,Free_feeding,0,Status,57,0,0,0,0,0,,,,,Disabled,25.2,39.7,998.9,12.0,0.245,128.000,254152,344900,251132,837,4.13,92.91
2026-06-29 17:24:59,20321.544922,A0DB8AF16E20,mous,male,C57BL/6,1.1.1,Free_feeding,0,PelletDrop,58,0,0,0,0,0,,,,,,,,,,,,,,,,,,,,
2026-06-29 17:25:12,20334.376953,A0DB8AF16E20,mous,male,C57BL/6,1.1.1,Free_feeding,0,PelletTaken,58,0,0,0,0,0,12.511,0.000,0,1,,,,,,,,,,,,,,,,
2026-06-29 17:25:19,20341.335938,A0DB8AF16E20,mous,male,C57BL/6,1.1.1,Free_feeding,0,PelletDrop,59,0,0,0,0,0,,,,,,,,,,,,,,,,,,,,
2026-06-29 17:25:39,20361.648438,A0DB8AF16E20,mous,male,C57BL/6,1.1.1,Free_feeding,0,PelletTaken,59,0,0,0,0,0,TimedOut,0.000,0,1,,,,,,,,,,,,,,,,
2026-06-29 17:27:15,20458.037109,A0DB8AF16E20,mous,male,C57BL/6,1.1.1,Free_feeding,0,PelletDrop,60,0,0,0,0,0,,,,,,,,,,,,,,,,,,,,
2026-06-29 17:27:36,20478.349609,A0DB8AF16E20,mous,male,C57BL/6,1.1.1,Free_feeding,0,PelletTaken,60,0,0,0,0,0,TimedOut,0.000,0,2,,,,,,,,,,,,,,,,
2026-06-29 17:34:13,20875.859375,A0DB8AF16E20,mous,male,C57BL/6,1.1.1,Free_feeding,0,Status,60,0,0,0,0,0,,,,,Disabled,25.2,39.7,998.9,12.1,0.252,133.000,254152,344900,251132,863,4.12,92.75
2026-06-29 17:41:10,21292.849609,A0DB8AF16E20,mous,male,C57BL/6,1.1.1,Free_feeding,0,PelletDrop,61,0,0,0,0,0,,,,,,,,,,,,,,,,,,,,
2026-06-29 17:41:22,21304.912109,A0DB8AF16E20,mous,male,C57BL/6,1.1.1,Free_feeding,0,PelletTaken,61,0,0,0,0,0,11.742,0.000,0,1,,,,,,,,,,,,,,,,
2026-06-29 17:41:29,21311.871094,A0DB8AF16E20,mous,male,C57BL/6,1.1.1,Free_feeding,0,PelletDrop,62,0,0,0,0,0,,,,,,,,,,,,,,,,,,,,
2026-06-29 17:41:49,21332.183594,A0DB8AF16E20,mous,male,C57BL/6,1.1.1,Free_feeding,0,PelletTaken,62,0,0,0,0,0,TimedOut,0.000,0,1,,,,,,,,,,,,,,,,
2026-06-29 17:42:33,21376.455078,A0DB8AF16E20,mous,male,C57BL/6,1.1.1,Free_feeding,0,PelletDrop,63,0,0,0,0,0,,,,,,,,,,,,,,,,,,,,
2026-06-29 17:42:42,21385.382812,A0DB8AF16E20,mous,male,C57BL/6,1.1.1,Free_feeding,0,PelletTaken,63,0,0,0,0,0,8.607,0.000,0,1,,,,,,,,,,,,,,,,
2026-06-29 17:42:49,21392.341797,A0DB8AF16E20,mous,male,C57BL/6,1.1.1,Free_feeding,0,PelletDrop,64,0,0,0,0,0,,,,,,,,,,,,,,,,,,,,
2026-06-29 17:43:01,21404.314453,A0DB8AF16E20,mous,male,C57BL/6,1.1.1,Free_feeding,0,PelletTaken,64,0,0,0,0,0,11.653,0.000,0,1,,,,,,,,,,,,,,,,
2026-06-29 17:43:08,21411.261719,A0DB8AF16E20,mous,male,C57BL/6,1.1.1,Free_feeding,0,PelletDrop,65,0,0,0,0,0,,,,,,,,,,,,,,,,,,,,
2026-06-29 17:43:29,21431.585938,A0DB8AF16E20,mous,male,C57BL/6,1.1.1,Free_feeding,0,PelletTaken,65,0,0,0,0,0,TimedOut,0.000,0,1,,,,,,,,,,,,,,,,
2026-06-29 17:44:25,21487.798828,A0DB8AF16E20,mous,male,C57BL/6,1.1.1,Free_feeding,0,Status,65,0,0,0,0,0,,,,,Disabled,25.3,39.8,998.9,11.9,0.238,127.000,254152,344900,251132,889,4.12,92.60
2026-06-29 17:46:59,21642.136719,A0DB8AF16E20,mous,male,C57BL/6,1.1.1,Free_feeding,0,PelletDrop,66,0,0,0,0,0,,,,,,,,,,,,,,,,,,,,
2026-06-29 17:47:19,21662.449219,A0DB8AF16E20,mous,male,C57BL/6,1.1.1,Free_feeding,0,PelletTaken,66,0,0,0,0,0,TimedOut,0.000,0,1,,,,,,,,,,,,,,,,
2026-06-29 17:51:54,21937.560547,A0DB8AF16E20,mous,male,C57BL/6,1.1.1,Free_feeding,0,PelletDrop,67,0,0,0,0,0,,,,,,,,,,,,,,,,,,,,
2026-06-29 17:52:15,21957.873047,A0DB8AF16E20,mous,male,C57BL/6,1.1.1,Free_feeding,0,PelletTaken,67,0,0,0,0,0,TimedOut,0.000,0,1,,,,,,,,,,,,,,,,
2026-06-29 17:54:48,22111.595703,A0DB8AF16E20,mous,male,C57BL/6,1.1.1,Free_feeding,0,Status,67,0,0,0,0,0,,,,,Disabled,25.3,39.7,998.8,11.8,0.000,0.000,254152,344900,251132,915,4.13,92.28
2026-06-29 18:04:04,22667.359375,A0DB8AF16E20,mous,male,C57BL/6,1.1.1,Free_feeding,0,PelletDrop,68,0,0,0,0,0,,,,,,,,,,,,,,,,,,,,
2026-06-29 18:04:17,22680.730469,A0DB8AF16E20,mous,male,C57BL/6,1.1.1,Free_feeding,0,PelletTaken,68,0,0,0,0,0,13.050,0.000,0,1,,,,,,,,,,,,,,,,
2026-06-29 18:04:24,22687.677734,A0DB8AF16E20,mous,male,C57BL/6,1.1.1,Free_feeding,0,PelletDrop,69,0,0,0,0,0,,,,,,,,,,,,,,,,,,,,
2026-06-29 18:04:44,22707.990234,A0DB8AF16E20,mous,male,C57BL/6,1.1.1,Free_feeding,0,PelletTaken,69,0,0,0,0,0,TimedOut,0.000,0,1,,,,,,,,,,,,,,,,
2026-06-29 18:04:52,22715.460938,A0DB8AF16E20,mous,male,C57BL/6,1.1.1,Free_feeding,0,Status,69,0,0,0,0,0,,,,,Disabled,25.3,39.8,998.9,11.8,0.000,0.000,254152,344900,251132,940,4.12,92.12
2026-06-29 18:05:41,22764.775391,A0DB8AF16E20,mous,male,C57BL/6,1.1.1,Free_feeding,0,PelletDrop,70,0,0,0,0,0,,,,,,,,,,,,,,,,,,,,
2026-06-29 18:06:01,22785.087891,A0DB8AF16E20,mous,male,C57BL/6,1.1.1,Free_feeding,0,PelletTaken,70,0,0,0,0,0,TimedOut,0.000,0,1,,,,,,,,,,,,,,,,
2026-06-29 18:14:08,23271.884766,A0DB8AF16E20,mous,male,C57BL/6,1.1.1,Free_feeding,0,PelletDrop,71,0,0,0,0,0,,,,,,,,,,,,,,,,,,,,
2026-06-29 18:14:28,23292.195312,A0DB8AF16E20,mous,male,C57BL/6,1.1.1,Free_feeding,0,PelletTaken,71,0,0,0,0,0,TimedOut,0.000,0,1,,,,,,,,,,,,,,,,
2026-06-29 18:15:00,23324.031250,A0DB8AF16E20,mous,male,C57BL/6,1.1.1,Free_feeding,0,Status,71,0,0,0,0,0,,,,,Disabled,25.3,39.8,998.8,11.7,0.000,0.000,254152,344900,251132,965,4.12,91.80
2026-06-29 18:16:07,23391.279297,A0DB8AF16E20,mous,male,C57BL/6,1.1.1,Free_feeding,0,PelletDrop,72,0,0,0,0,0,,,,,,,,,,,,,,,,,,,,
2026-06-29 18:16:14,23398.128906,A0DB8AF16E20,mous,male,C57BL/6,1.1.1,Free_feeding,0,PelletTaken,72,0,0,0,0,0,6.517,0.000,0,1,,,,,,,,,,,,,,,,
2026-06-29 18:16:21,23405.074219,A0DB8AF16E20,mous,male,C57BL/6,1.1.1,Free_feeding,0,PelletDrop,73,0,0,0,0,0,,,,,,,,,,,,,,,,,,,,
2026-06-29 18:16:30,23413.462891,A0DB8AF16E20,mous,male,C57BL/6,1.1.1,Free_feeding,0,PelletTaken,73,0,0,0,0,0,8.067,0.000,0,1,,,,,,,,,,,,,,,,
2026-06-29 18:16:37,23420.421875,A0DB8AF16E20,mous,male,C57BL/6,1.1.1,Free_feeding,0,PelletDrop,74,0,0,0,0,0,,,,,,,,,,,,,,,,,,,,
2026-06-29 18:16:46,23430.382812,A0DB8AF16E20,mous,male,C57BL/6,1.1.1,Free_feeding,0,PelletTaken,74,0,0,0,0,0,9.641,0.000,0,1,,,,,,,,,,,,,,,,
2026-06-29 18:16:53,23437.328125,A0DB8AF16E20,mous,male,C57BL/6,1.1.1,Free_feeding,0,PelletDrop,75,0,0,0,0,0,,,,,,,,,,,,,,,,,,,,
2026-06-29 18:17:04,23448.125000,A0DB8AF16E20,mous,male,C57BL/6,1.1.1,Free_feeding,0,PelletTaken,75,0,0,0,0,0,10.476,0.000,0,1,,,,,,,,,,,,,,,,
2026-06-29 18:17:12,23455.572266,A0DB8AF16E20,mous,male,C57BL/6,1.1.1,Free_feeding,0,PelletDrop,76,0,0,0,0,0,,,,,,,,,,,,,,,,,,,,
2026-06-29 18:17:32,23475.884766,A0DB8AF16E20,mous,male,C57BL/6,1.1.1,Free_feeding,0,PelletTaken,76,0,0,0,0,0,TimedOut,0.000,0,1,,,,,,,,,,,,,,,,
2026-06-29 18:25:22,23946.513672,A0DB8AF16E20,mous,male,C57BL/6,1.1.1,Free_feeding,0,Status,76,0,0,0,0,0,,,,,Disabled,25.3,39.8,998.8,11.6,0.000,0.000,254152,344900,251132,992,4.12,91.49
2026-06-29 18:35:35,24559.068359,A0DB8AF16E20,mous,male,C57BL/6,1.1.1,Free_feeding,0,Status,76,0,0,0,0,0,,,,,Disabled,25.4,39.8,998.8,11.7,0.000,0.000,254152,344900,251132,1017,4.11,91.33
2026-06-29 18:36:39,24623.091797,A0DB8AF16E20,mous,male,C57BL/6,1.1.1,Free_feeding,0,PelletDrop,77,0,0,0,0,0,,,,,,,,,,,,,,,,,,,,
2026-06-29 18:36:53,24637.310547,A0DB8AF16E20,mous,male,C57BL/6,1.1.1,Free_feeding,0,PelletTaken,77,0,0,0,0,0,13.898,0.000,0,1,,,,,,,,,,,,,,,,
2026-06-29 18:37:00,24644.257812,A0DB8AF16E20,mous,male,C57BL/6,1.1.1,Free_feeding,0,PelletDrop,78,0,0,0,0,0,,,,,,,,,,,,,,,,,,,,
2026-06-29 18:37:08,24651.919922,A0DB8AF16E20,mous,male,C57BL/6,1.1.1,Free_feeding,0,PelletTaken,78,0,0,0,0,0,7.331,0.000,0,1,,,,,,,,,,,,,,,,
2026-06-29 18:37:14,24658.820312,A0DB8AF16E20,mous,male,C57BL/6,1.1.1,Free_feeding,0,PelletDrop,79,0,0,0,0,0,,,,,,,,,,,,,,,,,,,,
2026-06-29 18:37:24,24668.064453,A0DB8AF16E20,mous,male,C57BL/6,1.1.1,Free_feeding,0,PelletTaken,79,0,0,0,0,0,8.925,0.000,0,1,,,,,,,,,,,,,,,,
2026-06-29 18:37:31,24675.011719,A0DB8AF16E20,mous,male,C57BL/6,1.1.1,Free_feeding,0,PelletDrop,80,0,0,0,0,0,,,,,,,,,,,,,,,,,,,,
2026-06-29 18:37:51,24695.314453,A0DB8AF16E20,mous,male,C57BL/6,1.1.1,Free_feeding,0,PelletTaken,80,0,0,0,0,0,TimedOut,0.000,0,1,,,,,,,,,,,,,,,,
2026-06-29 18:45:41,25165.943359,A0DB8AF16E20,mous,male,C57BL/6,1.1.1,Free_feeding,0,Status,80,0,0,0,0,0,,,,,Disabled,25.4,39.9,998.8,11.6,0.000,0.000,254152,344900,251132,1043,4.11,91.02
2026-06-29 18:47:42,25286.773438,A0DB8AF16E20,mous,male,C57BL/6,1.1.1,Free_feeding,0,PelletDrop,81,0,0,0,0,0,,,,,,,,,,,,,,,,,,,,
2026-06-29 18:48:02,25307.097656,A0DB8AF16E20,mous,male,C57BL/6,1.1.1,Free_feeding,0,PelletTaken,81,0,0,0,0,0,TimedOut,0.000,0,1,,,,,,,,,,,,,,,,
2026-06-29 18:48:24,25328.511719,A0DB8AF16E20,mous,male,C57BL/6,1.1.1,Free_feeding,0,PelletDrop,82,0,0,0,0,0,,,,,,,,,,,,,,,,,,,,
2026-06-29 18:48:41,25345.400391,A0DB8AF16E20,mous,male,C57BL/6,1.1.1,Free_feeding,0,PelletTaken,82,0,0,0,0,0,16.570,0.000,0,1,,,,,,,,,,,,,,,,
2026-06-29 18:48:48,25352.347656,A0DB8AF16E20,mous,male,C57BL/6,1.1.1,Free_feeding,0,PelletDrop,83,0,0,0,0,0,,,,,,,,,,,,,,,,,,,,
2026-06-29 18:48:57,25362.144531,A0DB8AF16E20,mous,male,C57BL/6,1.1.1,Free_feeding,0,PelletTaken,83,0,0,0,0,0,9.465,0.000,0,1,,,,,,,,,,,,,,,,
2026-06-29 18:49:04,25369.091797,A0DB8AF16E20,mous,male,C57BL/6,1.1.1,Free_feeding,0,PelletDrop,84,0,0,0,0,0,,,,,,,,,,,,,,,,,,,,
2026-06-29 18:49:16,25380.789062,A0DB8AF16E20,mous,male,C57BL/6,1.1.1,Free_feeding,0,PelletTaken,84,0,0,0,0,0,11.378,0.000,0,1,,,,,,,,,,,,,,,,
2026-06-29 18:55:53,25778.300781,A0DB8AF16E20,mous,male,C57BL/6,1.1.1,Free_feeding,0,Status,84,0,0,0,0,0,,,,,Disabled,25.4,39.9,998.8,11.6,0.000,0.000,254152,344900,251132,1069,4.12,90.70
2026-06-29 18:57:01,25845.765625,A0DB8AF16E20,mous,male,C57BL/6,1.1.1,Free_feeding,0,PelletDrop,85,0,0,0,0,0,,,,,,,,,,,,,,,,,,,,
2026-06-29 18:57:12,25856.529297,A0DB8AF16E20,mous,male,C57BL/6,1.1.1,Free_feeding,0,PelletTaken,85,0,0,0,0,0,10.444,0.000,0,1,,,,,,,,,,,,,,,,
2026-06-29 18:57:19,25863.476562,A0DB8AF16E20,mous,male,C57BL/6,1.1.1,Free_feeding,0,PelletDrop,86,0,0,0,0,0,,,,,,,,,,,,,,,,,,,,
2026-06-29 18:57:28,25872.646484,A0DB8AF16E20,mous,male,C57BL/6,1.1.1,Free_feeding,0,PelletTaken,86,0,0,0,0,0,8.838,0.000,0,1,,,,,,,,,,,,,,,,
2026-06-29 18:57:35,25879.593750,A0DB8AF16E20,mous,male,C57BL/6,1.1.1,Free_feeding,0,PelletDrop,87,0,0,0,0,0,,,,,,,,,,,,,,,,,,,,
2026-06-29 18:57:46,25891.191406,A0DB8AF16E20,mous,male,C57BL/6,1.1.1,Free_feeding,0,PelletTaken,87,0,0,0,0,0,11.279,0.000,0,1,,,,,,,,,,,,,,,,
2026-06-29 19:06:01,26386.212891,A0DB8AF16E20,mous,male,C57BL/6,1.1.1,Free_feeding,0,Status,87,0,0,0,0,0,,,,,Disabled,25.4,40.0,998.9,11.5,0.000,0.000,254152,344900,251132,1095,4.11,90.54
2026-06-29 19:08:19,26524.160156,A0DB8AF16E20,mous,male,C57BL/6,1.1.1,Free_feeding,0,PelletDrop,88,0,0,0,0,0,,,,,,,,,,,,,,,,,,,,
2026-06-29 19:08:39,26544.472656,A0DB8AF16E20,mous,male,C57BL/6,1.1.1,Free_feeding,0,PelletTaken,88,0,0,0,0,0,TimedOut,0.000,0,1,,,,,,,,,,,,,,,,
2026-06-29 19:15:27,26951.996094,A0DB8AF16E20,mous,male,C57BL/6,1.1.1,Free_feeding,0,PelletDrop,89,0,0,0,0,0,,,,,,,,,,,,,,,,,,,,
2026-06-29 19:15:35,26960.519531,A0DB8AF16E20,mous,male,C57BL/6,1.1.1,Free_feeding,0,PelletTaken,89,0,0,0,0,0,8.133,0.000,0,1,,,,,,,,,,,,,,,,
2026-06-29 19:15:42,26967.478516,A0DB8AF16E20,mous,male,C57BL/6,1.1.1,Free_feeding,0,PelletDrop,90,0,0,0,0,0,,,,,,,,,,,,,,,,,,,,
2026-06-29 19:15:50,26974.962891,A0DB8AF16E20,mous,male,C57BL/6,1.1.1,Free_feeding,0,PelletTaken,90,0,0,0,0,0,7.155,0.000,0,1,,,,,,,,,,,,,,,,
2026-06-29 19:16:21,27006.808594,A0DB8AF16E20,mous,male,C57BL/6,1.1.1,Free_feeding,0,Status,90,0,0,0,0,0,,,,,Disabled,25.4,40.2,998.9,11.4,0.000,0.000,254152,344900,251132,1122,4.11,90.38
2026-06-29 19:19:22,27187.648438,A0DB8AF16E20,mous,male,C57BL/6,1.1.1,Free_feeding,0,PelletDrop,91,0,0,0,0,0,,,,,,,,,,,,,,,,,,,,
2026-06-29 19:19:36,27201.306641,A0DB8AF16E20,mous,male,C57BL/6,1.1.1,Free_feeding,0,PelletTaken,91,0,0,0,0,0,13.326,0.000,0,1,,,,,,,,,,,,,,,,
2026-06-29 19:19:43,27208.263672,A0DB8AF16E20,mous,male,C57BL/6,1.1.1,Free_feeding,0,PelletDrop,92,0,0,0,0,0,,,,,,,,,,,,,,,,,,,,
2026-06-29 19:19:52,27217.455078,A0DB8AF16E20,mous,male,C57BL/6,1.1.1,Free_feeding,0,PelletTaken,92,0,0,0,0,0,8.849,0.000,0,1,,,,,,,,,,,,,,,,
2026-06-29 19:19:59,27224.412109,A0DB8AF16E20,mous,male,C57BL/6,1.1.1,Free_feeding,0,PelletDrop,93,0,0,0,0,0,,,,,,,,,,,,,,,,,,,,
2026-06-29 19:20:19,27244.736328,A0DB8AF16E20,mous,male,C57BL/6,1.1.1,Free_feeding,0,PelletTaken,93,0,0,0,0,0,TimedOut,0.000,0,1,,,,,,,,,,,,,,,,
2026-06-29 19:20:26,27251.695312,A0DB8AF16E20,mous,male,C57BL/6,1.1.1,Free_feeding,0,PelletDrop,94,0,0,0,0,0,,,,,,,,,,,,,,,,,,,,
2026-06-29 19:20:42,27267.552734,A0DB8AF16E20,mous,male,C57BL/6,1.1.1,Free_feeding,0,PelletTaken,94,0,0,0,0,0,15.515,0.000,0,1,,,,,,,,,,,,,,,,
2026-06-29 19:26:31,27616.304688,A0DB8AF16E20,mous,male,C57BL/6,1.1.1,Free_feeding,0,Status,94,0,0,0,0,0,,,,,Disabled,25.5,40.1,999.0,11.5,0.000,0.000,254152,344900,251132,1148,4.11,90.07
2026-06-29 19:31:49,27934.761719,A0DB8AF16E20,mous,male,C57BL/6,1.1.1,Free_feeding,0,PelletDrop,95,0,0,0,0,0,,,,,,,,,,,,,,,,,,,,
2026-06-29 19:32:09,27955.097656,A0DB8AF16E20,mous,male,C57BL/6,1.1.1,Free_feeding,0,PelletTaken,95,0,0,0,0,0,TimedOut,0.000,0,1,,,,,,,,,,,,,,,,
2026-06-29 19:33:03,28008.476562,A0DB8AF16E20,mous,male,C57BL/6,1.1.1,Free_feeding,0,PelletDrop,96,0,0,0,0,0,,,,,,,,,,,,,,,,,,,,
2026-06-29 19:33:23,28028.800781,A0DB8AF16E20,mous,male,C57BL/6,1.1.1,Free_feeding,0,PelletTaken,96,0,0,0,0,0,TimedOut,0.000,0,1,,,,,,,,,,,,,,,,
2026-06-29 19:34:19,28084.513672,A0DB8AF16E20,mous,male,C57BL/6,1.1.1,Free_feeding,0,PelletDrop,97,0,0,0,0,0,,,,,,,,,,,,,,,,,,,,
2026-06-29 19:34:37,28102.703125,A0DB8AF16E20,mous,male,C57BL/6,1.1.1,Free_feeding,0,PelletTaken,97,0,0,0,0,0,17.847,0.000,0,1,,,,,,,,,,,,,,,,
2026-06-29 19:34:44,28109.660156,A0DB8AF16E20,mous,male,C57BL/6,1.1.1,Free_feeding,0,PelletDrop,98,0,0,0,0,0,,,,,,,,,,,,,,,,,,,,
2026-06-29 19:35:04,28129.984375,A0DB8AF16E20,mous,male,C57BL/6,1.1.1,Free_feeding,0,PelletTaken,98,0,0,0,0,0,TimedOut,0.000,0,1,,,,,,,,,,,,,,,,
2026-06-29 19:36:49,28234.974609,A0DB8AF16E20,mous,male,C57BL/6,1.1.1,Free_feeding,0,Status,98,0,0,0,0,0,,,,,Disabled,25.5,40.2,999.0,11.4,0.000,0.000,254152,344900,251132,1173,4.10,89.91
2026-06-29 19:47:01,28847.505859,A0DB8AF16E20,mous,male,C57BL/6,1.1.1,Free_feeding,0,Status,98,0,0,0,0,0,,,,,Disabled,25.5,40.2,999.1,11.4,0.000,0.000,254152,344900,251132,1198,4.10,89.75
2026-06-29 19:52:57,29203.447266,A0DB8AF16E20,mous,male,C57BL/6,1.1.1,Free_feeding,0,PelletDrop,99,0,0,0,0,0,,,,,,,,,,,,,,,,,,,,
2026-06-29 19:53:15,29221.703125,A0DB8AF16E20,mous,male,C57BL/6,1.1.1,Free_feeding,0,PelletTaken,99,0,0,0,0,0,17.913,0.000,0,1,,,,,,,,,,,,,,,,
2026-06-29 19:53:22,29228.662109,A0DB8AF16E20,mous,male,C57BL/6,1.1.1,Free_feeding,0,PelletDrop,100,0,0,0,0,0,,,,,,,,,,,,,,,,,,,,
2026-06-29 19:53:38,29244.199219,A0DB8AF16E20,mous,male,C57BL/6,1.1.1,Free_feeding,0,PelletTaken,100,0,0,0,0,0,15.207,0.000,0,1,,,,,,,,,,,,,,,,
2026-06-29 19:53:45,29251.158203,A0DB8AF16E20,mous,male,C57BL/6,1.1.1,Free_feeding,0,PelletDrop,101,0,0,0,0,0,,,,,,,,,,,,,,,,,,,,
2026-06-29 19:53:52,29257.972656,A0DB8AF16E20,mous,male,C57BL/6,1.1.1,Free_feeding,0,PelletTaken,101,0,0,0,0,0,6.473,0.000,0,1,,,,,,,,,,,,,,,,
2026-06-29 19:53:59,29264.935547,A0DB8AF16E20,mous,male,C57BL/6,1.1.1,Free_feeding,0,PelletDrop,102,0,0,0,0,0,,,,,,,,,,,,,,,,,,,,
2026-06-29 19:54:09,29275.070312,A0DB8AF16E20,mous,male,C57BL/6,1.1.1,Free_feeding,0,PelletTaken,102,0,0,0,0,0,9.806,0.000,0,1,,,,,,,,,,,,,,,,
2026-06-29 19:54:16,29282.029297,A0DB8AF16E20,mous,male,C57BL/6,1.1.1,Free_feeding,0,PelletDrop,103,0,0,0,0,0,,,,,,,,,,,,,,,,,,,,
2026-06-29 19:54:25,29290.912109,A0DB8AF16E20,mous,male,C57BL/6,1.1.1,Free_feeding,0,PelletTaken,103,0,0,0,0,0,8.541,0.000,0,1,,,,,,,,,,,,,,,,
2026-06-29 19:54:32,29297.869141,A0DB8AF16E20,mous,male,C57BL/6,1.1.1,Free_feeding,0,PelletDrop,104,0,0,0,0,0,,,,,,,,,,,,,,,,,,,,
2026-06-29 19:54:41,29307.148438,A0DB8AF16E20,mous,male,C57BL/6,1.1.1,Free_feeding,0,PelletTaken,104,0,0,0,0,0,8.948,0.000,0,1,,,,,,,,,,,,,,,,
2026-06-29 19:54:48,29314.107422,A0DB8AF16E20,mous,male,C57BL/6,1.1.1,Free_feeding,0,PelletDrop,105,0,0,0,0,0,,,,,,,,,,,,,,,,,,,,
2026-06-29 19:54:58,29324.408203,A0DB8AF16E20,mous,male,C57BL/6,1.1.1,Free_feeding,0,PelletTaken,105,0,0,0,0,0,9.960,0.000,0,1,,,,,,,,,,,,,,,,
2026-06-29 19:55:05,29331.367188,A0DB8AF16E20,mous,male,C57BL/6,1.1.1,Free_feeding,0,PelletDrop,106,0,0,0,0,0,,,,,,,,,,,,,,,,,,,,
2026-06-29 19:55:16,29341.888672,A0DB8AF16E20,mous,male,C57BL/6,1.1.1,Free_feeding,0,PelletTaken,106,0,0,0,0,0,10.191,0.000,0,1,,,,,,,,,,,,,,,,
2026-06-29 19:55:23,29348.859375,A0DB8AF16E20,mous,male,C57BL/6,1.1.1,Free_feeding,0,PelletDrop,107,0,0,0,0,0,,,,,,,,,,,,,,,,,,,,
2026-06-29 19:55:36,29362.712891,A0DB8AF16E20,mous,male,C57BL/6,1.1.1,Free_feeding,0,PelletTaken,107,0,0,0,0,0,13.523,0.000,0,1,,,,,,,,,,,,,,,,
2026-06-29 19:55:43,29369.671875,A0DB8AF16E20,mous,male,C57BL/6,1.1.1,Free_feeding,0,PelletDrop,108,0,0,0,0,0,,,,,,,,,,,,,,,,,,,,
2026-06-29 19:56:04,29389.994141,A0DB8AF16E20,mous,male,C57BL/6,1.1.1,Free_feeding,0,PelletTaken,108,0,0,0,0,0,TimedOut,0.000,0,1,,,,,,,,,,,,,,,,
2026-06-29 19:57:24,29470.607422,A0DB8AF16E20,mous,male,C57BL/6,1.1.1,Free_feeding,0,Status,108,0,0,0,0,0,,,,,Disabled,25.5,40.2,999.1,11.3,0.000,0.000,254152,344900,251132,1226,4.10,89.43
2026-06-29 20:07:37,30083.140625,A0DB8AF16E20,mous,male,C57BL/6,1.1.1,Free_feeding,0,Status,108,0,0,0,0,0,,,,,Disabled,25.5,40.2,999.1,11.3,0.000,0.000,254152,344900,251132,1251,4.10,89.27
2026-06-29 20:13:42,30448.691406,A0DB8AF16E20,mous,male,C57BL/6,1.1.1,Free_feeding,0,PelletDrop,109,0,0,0,0,0,,,,,,,,,,,,,,,,,,,,
2026-06-29 20:14:02,30469.025391,A0DB8AF16E20,mous,male,C57BL/6,1.1.1,Free_feeding,0,PelletTaken,109,0,0,0,0,0,TimedOut,0.000,0,1,,,,,,,,,,,,,,,,
2026-06-29 20:17:49,30695.892578,A0DB8AF16E20,mous,male,C57BL/6,1.1.1,Free_feeding,0,Status,109,0,0,0,0,0,,,,,Disabled,25.5,40.2,999.2,11.3,0.000,0.000,254152,344900,251132,1276,4.10,89.12
2026-06-29 20:18:40,30747.232422,A0DB8AF16E20,mous,male,C57BL/6,1.1.1,Free_feeding,0,PelletDrop,110,0,0,0,0,0,,,,,,,,,,,,,,,,,,,,
2026-06-29 20:18:58,30765.091797,A0DB8AF16E20,mous,male,C57BL/6,1.1.1,Free_feeding,0,PelletTaken,110,0,0,0,0,0,17.517,0.000,0,1,,,,,,,,,,,,,,,,
2026-06-29 20:19:05,30772.048828,A0DB8AF16E20,mous,male,C57BL/6,1.1.1,Free_feeding,0,PelletDrop,111,0,0,0,0,0,,,,,,,,,,,,,,,,,,,,
2026-06-29 20:19:25,30792.371094,A0DB8AF16E20,mous,male,C57BL/6,1.1.1,Free_feeding,0,PelletTaken,111,0,0,0,0,0,TimedOut,0.000,0,1,,,,,,,,,,,,,,,,
2026-06-29 20:21:59,30945.595703,A0DB8AF16E20,mous,male,C57BL/6,1.1.1,Free_feeding,0,PelletDrop,112,0,0,0,0,0,,,,,,,,,,,,,,,,,,,,
2026-06-29 20:22:12,30958.681641,A0DB8AF16E20,mous,male,C57BL/6,1.1.1,Free_feeding,0,PelletTaken,112,0,0,0,0,0,12.743,0.000,0,1,,,,,,,,,,,,,,,,
2026-06-29 20:22:19,30965.638672,A0DB8AF16E20,mous,male,C57BL/6,1.1.1,Free_feeding,0,PelletDrop,113,0,0,0,0,0,,,,,,,,,,,,,,,,,,,,
2026-06-29 20:22:32,30979.371094,A0DB8AF16E20,mous,male,C57BL/6,1.1.1,Free_feeding,0,PelletTaken,113,0,0,0,0,0,13.403,0.000,0,1,,,,,,,,,,,,,,,,
2026-06-29 20:22:39,30986.330078,A0DB8AF16E20,mous,male,C57BL/6,1.1.1,Free_feeding,0,PelletDrop,114,0,0,0,0,0,,,,,,,,,,,,,,,,,,,,
2026-06-29 20:22:46,30993.123047,A0DB8AF16E20,mous,male,C57BL/6,1.1.1,Free_feeding,0,PelletTaken,114,0,0,0,0,0,6.451,0.000,0,1,,,,,,,,,,,,,,,,
2026-06-29 20:22:53,31000.082031,A0DB8AF16E20,mous,male,C57BL/6,1.1.1,Free_feeding,0,PelletDrop,115,0,0,0,0,0,,,,,,,,,,,,,,,,,,,,
2026-06-29 20:23:03,31010.251953,A0DB8AF16E20,mous,male,C57BL/6,1.1.1,Free_feeding,0,PelletTaken,115,0,0,0,0,0,9.839,0.000,0,1,,,,,,,,,,,,,,,,
2026-06-29 20:23:10,31017.220703,A0DB8AF16E20,mous,male,C57BL/6,1.1.1,Free_feeding,0,PelletDrop,116,0,0,0,0,0,,,,,,,,,,,,,,,,,,,,
2026-06-29 20:23:21,31028.435547,A0DB8AF16E20,mous,male,C57BL/6,1.1.1,Free_feeding,0,PelletTaken,116,0,0,0,0,0,10.884,0.000,0,1,,,,,,,,,,,,,,,,
2026-06-29 20:23:28,31035.394531,A0DB8AF16E20,mous,male,C57BL/6,1.1.1,Free_feeding,0,PelletDrop,117,0,0,0,0,0,,,,,,,,,,,,,,,,,,,,
2026-06-29 20:23:35,31042.472656,A0DB8AF16E20,mous,male,C57BL/6,1.1.1,Free_feeding,0,PelletTaken,117,0,0,0,0,0,6.747,0.000,0,1,,,,,,,,,,,,,,,,
2026-06-29 20:23:43,31050.027344,A0DB8AF16E20,mous,male,C57BL/6,1.1.1,Free_feeding,0,PelletDrop,118,0,0,0,0,0,,,,,,,,,,,,,,,,,,,,
2026-06-29 20:24:03,31070.349609,A0DB8AF16E20,mous,male,C57BL/6,1.1.1,Free_feeding,0,PelletTaken,118,0,0,0,0,0,TimedOut,0.000,0,1,,,,,,,,,,,,,,,,
2026-06-29 20:27:50,31297.216797,A0DB8AF16E20,mous,male,C57BL/6,1.1.1,Free_feeding,0,Status,118,0,0,0,0,0,,,,,Disabled,25.5,40.2,999.2,11.3,0.000,0.000,254152,344900,251132,1302,4.09,88.96
2026-06-29 20:36:43,31830.248047,A0DB8AF16E20,mous,male,C57BL/6,1.1.1,Free_feeding,0,PelletDrop,119,0,0,0,0,0,,,,,,,,,,,,,,,,,,,,
2026-06-29 20:36:56,31843.474609,A0DB8AF16E20,mous,male,C57BL/6,1.1.1,Free_feeding,0,PelletTaken,119,0,0,0,0,0,12.896,0.000,0,0,,,,,,,,,,,,,,,,
2026-06-29 20:37:03,31850.433594,A0DB8AF16E20,mous,male,C57BL/6,1.1.1,Free_feeding,0,PelletDrop,120,0,0,0,0,0,,,,,,,,,,,,,,,,,,,,
2026-06-29 20:37:12,31859.095703,A0DB8AF16E20,mous,male,C57BL/6,1.1.1,Free_feeding,0,PelletTaken,120,0,0,0,0,0,8.332,0.000,0,1,,,,,,,,,,,,,,,,
2026-06-29 20:37:19,31866.019531,A0DB8AF16E20,mous,male,C57BL/6,1.1.1,Free_feeding,0,PelletDrop,121,0,0,0,0,0,,,,,,,,,,,,,,,,,,,,
2026-06-29 20:37:28,31875.792969,A0DB8AF16E20,mous,male,C57BL/6,1.1.1,Free_feeding,0,PelletTaken,121,0,0,0,0,0,9.442,0.000,0,1,,,,,,,,,,,,,,,,
2026-06-29 20:37:35,31882.703125,A0DB8AF16E20,mous,male,C57BL/6,1.1.1,Free_feeding,0,PelletDrop,122,0,0,0,0,0,,,,,,,,,,,,,,,,,,,,
2026-06-29 20:37:56,31903.025391,A0DB8AF16E20,mous,male,C57BL/6,1.1.1,Free_feeding,0,PelletTaken,122,0,0,0,0,0,TimedOut,0.000,0,1,,,,,,,,,,,,,,,,
2026-06-29 20:38:03,31910.507812,A0DB8AF16E20,mous,male,C57BL/6,1.1.1,Free_feeding,0,Status,122,0,0,0,0,0,,,,,Disabled,25.6,40.1,999.2,11.3,0.000,0.000,254152,344900,251132,1328,4.09,88.64
2026-06-29 20:48:15,32523.039062,A0DB8AF16E20,mous,male,C57BL/6,1.1.1,Free_feeding,0,Status,122,0,0,0,0,0,,,,,Disabled,25.6,40.1,999.2,11.3,0.000,0.000,254152,344900,251132,1353,4.09,88.50
2026-06-29 20:58:24,33131.644531,A0DB8AF16E20,mous,male,C57BL/6,1.1.1,Free_feeding,0,Status,122,0,0,0,0,0,,,,,Disabled,25.6,40.1,999.3,11.2,0.000,0.000,254152,344900,251132,1379,4.09,88.21
2026-06-29 20:59:29,33196.699219,A0DB8AF16E20,mous,male,C57BL/6,1.1.1,Free_feeding,0,PelletDrop,123,0,0,0,0,0,,,,,,,,,,,,,,,,,,,,
2026-06-29 20:59:49,33217.023438,A0DB8AF16E20,mous,male,C57BL/6,1.1.1,Free_feeding,0,PelletTaken,123,0,0,0,0,0,TimedOut,0.000,0,1,,,,,,,,,,,,,,,,
2026-06-29 21:08:28,33736.441406,A0DB8AF16E20,mous,male,C57BL/6,1.1.1,Free_feeding,0,Status,123,0,0,0,0,0,,,,,Disabled,25.6,40.0,999.3,11.2,0.000,0.000,254152,344900,251132,1404,4.09,88.07
2026-06-29 21:09:11,33778.683594,A0DB8AF16E20,mous,male,C57BL/6,1.1.1,Free_feeding,0,PelletDrop,124,0,0,0,0,0,,,,,,,,,,,,,,,,,,,,
2026-06-29 21:09:28,33796.156250,A0DB8AF16E20,mous,male,C57BL/6,1.1.1,Free_feeding,0,PelletTaken,124,0,0,0,0,0,17.143,0.000,0,1,,,,,,,,,,,,,,,,
2026-06-29 21:09:35,33803.113281,A0DB8AF16E20,mous,male,C57BL/6,1.1.1,Free_feeding,0,PelletDrop,125,0,0,0,0,0,,,,,,,,,,,,,,,,,,,,
2026-06-29 21:09:52,33820.160156,A0DB8AF16E20,mous,male,C57BL/6,1.1.1,Free_feeding,0,PelletTaken,125,0,0,0,0,0,16.714,0.000,0,1,,,,,,,,,,,,,,,,
2026-06-29 21:09:59,33827.128906,A0DB8AF16E20,mous,male,C57BL/6,1.1.1,Free_feeding,0,PelletDrop,126,0,0,0,0,0,,,,,,,,,,,,,,,,,,,,
2026-06-29 21:10:12,33840.191406,A0DB8AF16E20,mous,male,C57BL/6,1.1.1,Free_feeding,0,PelletTaken,126,0,0,0,0,0,12.732,0.000,0,1,,,,,,,,,,,,,,,,
2026-06-29 21:10:19,33847.148438,A0DB8AF16E20,mous,male,C57BL/6,1.1.1,Free_feeding,0,PelletDrop,127,0,0,0,0,0,,,,,,,,,,,,,,,,,,,,
2026-06-29 21:10:31,33859.664062,A0DB8AF16E20,mous,male,C57BL/6,1.1.1,Free_feeding,0,PelletTaken,127,0,0,0,0,0,12.170,0.000,0,1,,,,,,,,,,,,,,,,
2026-06-29 21:10:38,33866.621094,A0DB8AF16E20,mous,male,C57BL/6,1.1.1,Free_feeding,0,PelletDrop,128,0,0,0,0,0,,,,,,,,,,,,,,,,,,,,
2026-06-29 21:10:51,33879.277344,A0DB8AF16E20,mous,male,C57BL/6,1.1.1,Free_feeding,0,PelletTaken,128,0,0,0,0,0,12.325,0.000,0,1,,,,,,,,,,,,,,,,
2026-06-29 21:10:58,33886.234375,A0DB8AF16E20,mous,male,C57BL/6,1.1.1,Free_feeding,0,PelletDrop,129,0,0,0,0,0,,,,,,,,,,,,,,,,,,,,
2026-06-29 21:11:08,33896.230469,A0DB8AF16E20,mous,male,C57BL/6,1.1.1,Free_feeding,0,PelletTaken,129,0,0,0,0,0,9.652,0.000,0,1,,,,,,,,,,,,,,,,
2026-06-29 21:11:15,33903.187500,A0DB8AF16E20,mous,male,C57BL/6,1.1.1,Free_feeding,0,PelletDrop,130,0,0,0,0,0,,,,,,,,,,,,,,,,,,,,
2026-06-29 21:11:35,33923.511719,A0DB8AF16E20,mous,male,C57BL/6,1.1.1,Free_feeding,0,PelletTaken,130,0,0,0,0,0,TimedOut,0.000,0,1,,,,,,,,,,,,,,,,
2026-06-29 21:18:37,34345.398438,A0DB8AF16E20,mous,male,C57BL/6,1.1.1,Free_feeding,0,Status,130,0,0,0,0,0,,,,,Disabled,25.6,40.0,999.4,11.2,0.000,0.000,254152,344900,251132,1430,4.09,87.93
2026-06-29 21:19:28,34396.750000,A0DB8AF16E20,mous,male,C57BL/6,1.1.1,Free_feeding,0,PelletDrop,131,0,0,0,0,0,,,,,,,,,,,,,,,,,,,,
2026-06-29 21:19:49,34417.070312,A0DB8AF16E20,mous,male,C57BL/6,1.1.1,Free_feeding,0,PelletTaken,131,0,0,0,0,0,TimedOut,0.000,0,1,,,,,,,,,,,,,,,,
2026-06-29 21:28:08,34916.476562,A0DB8AF16E20,mous,male,C57BL/6,1.1.1,Free_feeding,0,PelletDrop,132,0,0,0,0,0,,,,,,,,,,,,,,,,,,,,
2026-06-29 21:28:23,34931.617188,A0DB8AF16E20,mous,male,C57BL/6,1.1.1,Free_feeding,0,PelletTaken,132,0,0,0,0,0,14.799,0.000,0,1,,,,,,,,,,,,,,,,
2026-06-29 21:28:30,34938.574219,A0DB8AF16E20,mous,male,C57BL/6,1.1.1,Free_feeding,0,PelletDrop,133,0,0,0,0,0,,,,,,,,,,,,,,,,,,,,
2026-06-29 21:28:50,34958.898438,A0DB8AF16E20,mous,male,C57BL/6,1.1.1,Free_feeding,0,PelletTaken,133,0,0,0,0,0,TimedOut,0.000,0,1,,,,,,,,,,,,,,,,
2026-06-29 21:28:58,34966.367188,A0DB8AF16E20,mous,male,C57BL/6,1.1.1,Free_feeding,0,Status,133,0,0,0,0,0,,,,,Disabled,25.6,40.0,999.5,11.1,0.000,0.000,254152,344900,251132,1456,4.09,87.64
2026-06-29 21:39:10,35578.910156,A0DB8AF16E20,mous,male,C57BL/6,1.1.1,Free_feeding,0,Status,133,0,0,0,0,0,,,,,Disabled,25.6,40.0,999.5,11.1,0.000,0.000,254152,344900,251132,1481,4.08,87.49
2026-06-29 21:47:42,36091.453125,A0DB8AF16E20,mous,male,C57BL/6,1.1.1,Free_feeding,0,PelletDrop,134,0,0,0,0,0,,,,,,,,,,,,,,,,,,,,
2026-06-29 21:48:03,36111.777344,A0DB8AF16E20,mous,male,C57BL/6,1.1.1,Free_feeding,0,PelletTaken,134,0,0,0,0,0,TimedOut,0.000,0,1,,,,,,,,,,,,,,,,
2026-06-29 21:49:23,36192.390625,A0DB8AF16E20,mous,male,C57BL/6,1.1.1,Free_feeding,0,Status,134,0,0,0,0,0,,,,,Disabled,25.6,40.0,999.6,11.2,0.000,0.000,254152,344900,251132,1506,4.08,87.21
2026-06-29 21:59:36,36804.921875,A0DB8AF16E20,mous,male,C57BL/6,1.1.1,Free_feeding,0,Status,134,0,0,0,0,0,,,,,Disabled,25.6,39.8,999.7,11.2,0.000,0.000,254152,344900,251132,1531,4.08,87.06
2026-06-29 22:09:48,37417.453125,A0DB8AF16E20,mous,male,C57BL/6,1.1.1,Free_feeding,0,Status,134,0,0,0,0,0,,,,,Disabled,25.6,39.7,999.8,11.2,0.000,0.000,254152,344900,251132,1556,4.08,86.92
2026-06-29 22:20:00,38029.996094,A0DB8AF16E20,mous,male,C57BL/6,1.1.1,Free_feeding,0,Status,134,0,0,0,0,0,,,,,Disabled,25.6,39.7,999.9,11.2,0.000,0.000,254152,344900,251132,1581,4.08,86.63
2026-06-29 22:30:12,38642.550781,A0DB8AF16E20,mous,male,C57BL/6,1.1.1,Free_feeding,0,Status,134,0,0,0,0,0,,,,,Disabled,25.6,39.6,1000.0,11.1,0.000,0.000,254152,344900,251132,1606,4.08,86.49
2026-06-29 22:38:42,39152.554688,A0DB8AF16E20,mous,male,C57BL/6,1.1.1,Free_feeding,0,PelletDrop,135,0,0,0,0,0,,,,,,,,,,,,,,,,,,,,
2026-06-29 22:39:00,39170.656250,A0DB8AF16E20,mous,male,C57BL/6,1.1.1,Free_feeding,0,PelletTaken,135,0,0,0,0,0,17.770,0.000,0,1,,,,,,,,,,,,,,,,
2026-06-29 22:39:07,39177.613281,A0DB8AF16E20,mous,male,C57BL/6,1.1.1,Free_feeding,0,PelletDrop,136,0,0,0,0,0,,,,,,,,,,,,,,,,,,,,
2026-06-29 22:39:24,39193.777344,A0DB8AF16E20,mous,male,C57BL/6,1.1.1,Free_feeding,0,PelletTaken,136,0,0,0,0,0,15.834,0.000,0,1,,,,,,,,,,,,,,,,
2026-06-29 22:39:30,39200.746094,A0DB8AF16E20,mous,male,C57BL/6,1.1.1,Free_feeding,0,PelletDrop,137,0,0,0,0,0,,,,,,,,,,,,,,,,,,,,
2026-06-29 22:39:48,39218.761719,A0DB8AF16E20,mous,male,C57BL/6,1.1.1,Free_feeding,0,PelletTaken,137,0,0,0,0,0,17.681,0.000,0,1,,,,,,,,,,,,,,,,
2026-06-29 22:39:55,39225.718750,A0DB8AF16E20,mous,male,C57BL/6,1.1.1,Free_feeding,0,PelletDrop,138,0,0,0,0,0,,,,,,,,,,,,,,,,,,,,
2026-06-29 22:40:16,39246.039062,A0DB8AF16E20,mous,male,C57BL/6,1.1.1,Free_feeding,0,PelletTaken,138,0,0,0,0,0,TimedOut,0.000,0,1,,,,,,,,,,,,,,,,
2026-06-29 22:40:23,39253.523438,A0DB8AF16E20,mous,male,C57BL/6,1.1.1,Free_feeding,0,Status,138,0,0,0,0,0,,,,,Disabled,25.6,39.5,1000.0,11.2,0.000,0.000,254152,344900,251132,1631,4.07,86.34
2026-06-29 22:40:26,39256.109375,A0DB8AF16E20,mous,male,C57BL/6,1.1.1,Free_feeding,0,PelletDrop,139,0,0,0,0,0,,,,,,,,,,,,,,,,,,,,
2026-06-29 22:40:43,39273.207031,A0DB8AF16E20,mous,male,C57BL/6,1.1.1,Free_feeding,0,PelletTaken,139,0,0,0,0,0,16.769,0.000,0,1,,,,,,,,,,,,,,,,
2026-06-29 22:40:50,39280.179688,A0DB8AF16E20,mous,male,C57BL/6,1.1.1,Free_feeding,0,PelletDrop,140,0,0,0,0,0,,,,,,,,,,,,,,,,,,,,
2026-06-29 22:41:10,39300.500000,A0DB8AF16E20,mous,male,C57BL/6,1.1.1,Free_feeding,0,PelletTaken,140,0,0,0,0,0,TimedOut,0.000,0,1,,,,,,,,,,,,,,,,
2026-06-29 22:43:11,39421.449219,A0DB8AF16E20,mous,male,C57BL/6,1.1.1,Free_feeding,0,PelletDrop,141,0,0,0,0,0,,,,,,,,,,,,,,,,,,,,
2026-06-29 22:43:31,39441.769531,A0DB8AF16E20,mous,male,C57BL/6,1.1.1,Free_feeding,0,PelletTaken,141,0,0,0,0,0,TimedOut,0.000,0,1,,,,,,,,,,,,,,,,
2026-06-29 22:50:33,39863.667969,A0DB8AF16E20,mous,male,C57BL/6,1.1.1,Free_feeding,0,Status,141,0,0,0,0,0,,,,,Disabled,25.6,39.5,1000.0,11.1,0.000,0.000,254152,344900,251132,1656,4.07,86.06
2026-06-29 23:00:45,40476.199219,A0DB8AF16E20,mous,male,C57BL/6,1.1.1,Free_feeding,0,Status,141,0,0,0,0,0,,,,,Disabled,25.5,39.4,1000.0,11.1,0.000,0.000,254152,344900,251132,1681,4.07,85.91
2026-06-29 23:10:58,41088.734375,A0DB8AF16E20,mous,male,C57BL/6,1.1.1,Free_feeding,0,Status,141,0,0,0,0,0,,,,,Disabled,25.5,39.4,1000.0,11.1,0.000,0.000,254152,344900,251132,1706,4.07,85.77
2026-06-29 23:21:10,41701.277344,A0DB8AF16E20,mous,male,C57BL/6,1.1.1,Free_feeding,0,Status,141,0,0,0,0,0,,,,,Disabled,25.5,39.4,1000.0,11.1,0.000,0.000,254152,344900,251132,1731,4.07,85.48
2026-06-29 23:21:36,41727.523438,A0DB8AF16E20,mous,male,C57BL/6,1.1.1,Free_feeding,0,PelletDrop,142,0,0,0,0,0,,,,,,,,,,,,,,,,,,,,
2026-06-29 23:21:57,41747.847656,A0DB8AF16E20,mous,male,C57BL/6,1.1.1,Free_feeding,0,PelletTaken,142,0,0,0,0,0,TimedOut,0.000,0,1,,,,,,,,,,,,,,,,
2026-06-29 23:22:28,41779.195312,A0DB8AF16E20,mous,male,C57BL/6,1.1.1,Free_feeding,0,PelletDrop,143,0,0,0,0,0,,,,,,,,,,,,,,,,,,,,
2026-06-29 23:22:48,41799.519531,A0DB8AF16E20,mous,male,C57BL/6,1.1.1,Free_feeding,0,PelletTaken,143,0,0,0,0,0,TimedOut,0.000,0,1,,,,,,,,,,,,,,,,
2026-06-29 23:31:27,42318.914062,A0DB8AF16E20,mous,male,C57BL/6,1.1.1,Free_feeding,0,Status,143,0,0,0,0,0,,,,,Disabled,25.5,39.4,1000.1,11.0,0.000,0.000,254152,344900,251132,1756,4.06,85.34
2026-06-29 23:41:40,42931.457031,A0DB8AF16E20,mous,male,C57BL/6,1.1.1,Free_feeding,0,Status,143,0,0,0,0,0,,,,,Disabled,25.5,39.4,1000.1,11.0,0.000,0.000,254152,344900,251132,1781,4.06,85.05
2026-06-29 23:51:52,43544.011719,A0DB8AF16E20,mous,male,C57BL/6,1.1.1,Free_feeding,0,Status,143,0,0,0,0,0,,,,,Disabled,25.5,39.4,1000.1,11.0,0.000,0.000,254152,344900,251132,1806,4.06,84.91
2026-06-30 00:02:04,44156.542969,A0DB8AF16E20,mous,male,C57BL/6,1.1.1,Free_feeding,0,Status,143,0,0,0,0,0,,,,,Disabled,25.4,39.4,1000.1,10.9,0.000,0.000,254152,344900,251132,1831,4.06,84.77
2026-06-30 00:12:17,44769.089844,A0DB8AF16E20,mous,male,C57BL/6,1.1.1,Free_feeding,0,Status,143,0,0,0,0,0,,,,,Disabled,25.4,39.4,1000.0,11.0,0.000,0.000,254152,344900,251132,1856,4.06,84.48
2026-06-30 00:22:29,45381.621094,A0DB8AF16E20,mous,male,C57BL/6,1.1.1,Free_feeding,0,Status,143,0,0,0,0,0,,,,,Disabled,25.4,39.4,1000.0,11.0,0.000,0.000,254152,344900,251132,1881,4.06,84.34
2026-06-30 00:32:41,45994.164062,A0DB8AF16E20,mous,male,C57BL/6,1.1.1,Free_feeding,0,Status,143,0,0,0,0,0,,,,,Disabled,25.4,39.3,1000.0,10.9,0.000,0.000,254152,344900,251132,1906,4.05,84.17
2026-06-30 00:35:40,46172.617188,A0DB8AF16E20,mous,male,C57BL/6,1.1.1,Free_feeding,0,PelletDrop,144,0,0,0,0,0,,,,,,,,,,,,,,,,,,,,
2026-06-30 00:36:00,46192.941406,A0DB8AF16E20,mous,male,C57BL/6,1.1.1,Free_feeding,0,PelletTaken,144,0,0,0,0,0,TimedOut,0.000,0,1,,,,,,,,,,,,,,,,
2026-06-30 00:43:02,46614.828125,A0DB8AF16E20,mous,male,C57BL/6,1.1.1,Free_feeding,0,Status,144,0,0,0,0,0,,,,,Disabled,25.4,39.3,1000.0,11.0,0.000,0.000,254152,344900,251132,1932,4.06,84.01
2026-06-30 00:46:34,46827.667969,A0DB8AF16E20,mous,male,C57BL/6,1.1.1,Free_feeding,0,PelletDrop,145,0,0,0,0,0,,,,,,,,,,,,,,,,,,,,
2026-06-30 00:46:55,46847.992188,A0DB8AF16E20,mous,male,C57BL/6,1.1.1,Free_feeding,0,PelletTaken,145,0,0,0,0,0,TimedOut,0.000,0,1,,,,,,,,,,,,,,,,
2026-06-30 00:53:08,47221.121094,A0DB8AF16E20,mous,male,C57BL/6,1.1.1,Free_feeding,0,Status,145,0,0,0,0,0,,,,,Disabled,25.4,39.4,1000.0,10.9,0.000,0.000,254152,344900,251132,1957,4.05,83.85
2026-06-30 00:53:20,47233.046875,A0DB8AF16E20,mous,male,C57BL/6,1.1.1,Free_feeding,0,PelletDrop,146,0,0,0,0,0,,,,,,,,,,,,,,,,,,,,
2026-06-30 00:53:34,47247.878906,A0DB8AF16E20,mous,male,C57BL/6,1.1.1,Free_feeding,0,PelletTaken,146,0,0,0,0,0,14.502,0.000,0,1,,,,,,,,,,,,,,,,
2026-06-30 00:53:41,47254.839844,A0DB8AF16E20,mous,male,C57BL/6,1.1.1,Free_feeding,0,PelletDrop,147,0,0,0,0,0,,,,,,,,,,,,,,,,,,,,
2026-06-30 00:53:52,47265.304688,A0DB8AF16E20,mous,male,C57BL/6,1.1.1,Free_feeding,0,PelletTaken,147,0,0,0,0,0,10.125,0.000,0,1,,,,,,,,,,,,,,,,
2026-06-30 00:53:59,47272.753906,A0DB8AF16E20,mous,male,C57BL/6,1.1.1,Free_feeding,0,PelletDrop,148,0,0,0,0,0,,,,,,,,,,,,,,,,,,,,
2026-06-30 00:54:11,47284.339844,A0DB8AF16E20,mous,male,C57BL/6,1.1.1,Free_feeding,0,PelletTaken,148,0,0,0,0,0,11.257,0.000,0,1,,,,,,,,,,,,,,,,
2026-06-30 00:54:17,47290.203125,A0DB8AF16E20,mous,male,C57BL/6,1.1.1,Free_feeding,0,PelletDrop,149,0,0,0,0,0,,,,,,,,,,,,,,,,,,,,
2026-06-30 00:54:31,47304.101562,A0DB8AF16E20,mous,male,C57BL/6,1.1.1,Free_feeding,0,PelletTaken,149,0,0,0,0,0,13.557,0.000,0,0,,,,,,,,,,,,,,,,
2026-06-30 00:54:38,47311.062500,A0DB8AF16E20,mous,male,C57BL/6,1.1.1,Free_feeding,0,PelletDrop,150,0,0,0,0,0,,,,,,,,,,,,,,,,,,,,
2026-06-30 00:54:58,47331.382812,A0DB8AF16E20,mous,male,C57BL/6,1.1.1,Free_feeding,0,PelletTaken,150,0,0,0,0,0,TimedOut,0.000,0,1,,,,,,,,,,,,,,,,
2026-06-30 01:03:13,47826.402344,A0DB8AF16E20,mous,male,C57BL/6,1.1.1,Free_feeding,0,Status,150,0,0,0,0,0,,,,,Disabled,25.5,39.5,1000.0,10.8,0.000,0.000,254152,344900,251132,1983,4.05,83.52
2026-06-30 01:08:31,48144.980469,A0DB8AF16E20,mous,male,C57BL/6,1.1.1,Free_feeding,0,PelletDrop,151,0,0,0,0,0,,,,,,,,,,,,,,,,,,,,
2026-06-30 01:08:46,48160.011719,A0DB8AF16E20,mous,male,C57BL/6,1.1.1,Free_feeding,0,PelletTaken,151,0,0,0,0,0,14.700,0.000,0,1,,,,,,,,,,,,,,,,
2026-06-30 01:08:53,48166.968750,A0DB8AF16E20,mous,male,C57BL/6,1.1.1,Free_feeding,0,PelletDrop,152,0,0,0,0,0,,,,,,,,,,,,,,,,,,,,
2026-06-30 01:09:06,48179.617188,A0DB8AF16E20,mous,male,C57BL/6,1.1.1,Free_feeding,0,PelletTaken,152,0,0,0,0,0,12.303,0.000,0,1,,,,,,,,,,,,,,,,
2026-06-30 01:09:13,48186.574219,A0DB8AF16E20,mous,male,C57BL/6,1.1.1,Free_feeding,0,PelletDrop,153,0,0,0,0,0,,,,,,,,,,,,,,,,,,,,
2026-06-30 01:09:20,48193.906250,A0DB8AF16E20,mous,male,C57BL/6,1.1.1,Free_feeding,0,PelletTaken,153,0,0,0,0,0,7.001,0.000,0,1,,,,,,,,,,,,,,,,
2026-06-30 01:09:27,48200.863281,A0DB8AF16E20,mous,male,C57BL/6,1.1.1,Free_feeding,0,PelletDrop,154,0,0,0,0,0,,,,,,,,,,,,,,,,,,,,
2026-06-30 01:09:37,48211.066406,A0DB8AF16E20,mous,male,C57BL/6,1.1.1,Free_feeding,0,PelletTaken,154,0,0,0,0,0,9.862,0.000,0,1,,,,,,,,,,,,,,,,
2026-06-30 01:09:44,48218.023438,A0DB8AF16E20,mous,male,C57BL/6,1.1.1,Free_feeding,0,PelletDrop,155,0,0,0,0,0,,,,,,,,,,,,,,,,,,,,
2026-06-30 01:10:04,48238.347656,A0DB8AF16E20,mous,male,C57BL/6,1.1.1,Free_feeding,0,PelletTaken,155,0,0,0,0,0,TimedOut,0.000,0,1,,,,,,,,,,,,,,,,
2026-06-30 01:11:40,48334.390625,A0DB8AF16E20,mous,male,C57BL/6,1.1.1,Free_feeding,0,PelletDrop,156,0,0,0,0,0,,,,,,,,,,,,,,,,,,,,
2026-06-30 01:11:51,48345.031250,A0DB8AF16E20,mous,male,C57BL/6,1.1.1,Free_feeding,0,PelletTaken,156,0,0,0,0,0,10.311,0.000,0,1,,,,,,,,,,,,,,,,
2026-06-30 01:11:58,48351.988281,A0DB8AF16E20,mous,male,C57BL/6,1.1.1,Free_feeding,0,PelletDrop,157,0,0,0,0,0,,,,,,,,,,,,,,,,,,,,
2026-06-30 01:12:07,48360.707031,A0DB8AF16E20,mous,male,C57BL/6,1.1.1,Free_feeding,0,PelletTaken,157,0,0,0,0,0,8.387,0.000,0,1,,,,,,,,,,,,,,,,
2026-06-30 01:12:14,48367.679688,A0DB8AF16E20,mous,male,C57BL/6,1.1.1,Free_feeding,0,PelletDrop,158,0,0,0,0,0,,,,,,,,,,,,,,,,,,,,
2026-06-30 01:12:25,48378.660156,A0DB8AF16E20,mous,male,C57BL/6,1.1.1,Free_feeding,0,PelletTaken,158,0,0,0,0,0,10.652,0.000,0,1,,,,,,,,,,,,,,,,
2026-06-30 01:12:32,48385.617188,A0DB8AF16E20,mous,male,C57BL/6,1.1.1,Free_feeding,0,PelletDrop,159,0,0,0,0,0,,,,,,,,,,,,,,,,,,,,
2026-06-30 01:12:42,48396.031250,A0DB8AF16E20,mous,male,C57BL/6,1.1.1,Free_feeding,0,PelletTaken,159,0,0,0,0,0,10.081,0.000,0,1,,,,,,,,,,,,,,,,
2026-06-30 01:13:14,48427.890625,A0DB8AF16E20,mous,male,C57BL/6,1.1.1,Free_feeding,0,Status,159,0,0,0,0,0,,,,,Disabled,25.5,39.7,1000.0,10.7,0.000,0.000,254152,344900,251132,2010,4.05,83.20
2026-06-30 01:16:51,48645.503906,A0DB8AF16E20,mous,male,C57BL/6,1.1.1,Free_feeding,0,PelletDrop,160,0,0,0,0,0,,,,,,,,,,,,,,,,,,,,
2026-06-30 01:17:09,48663.195312,A0DB8AF16E20,mous,male,C57BL/6,1.1.1,Free_feeding,0,PelletTaken,160,0,0,0,0,0,17.362,0.000,0,1,,,,,,,,,,,,,,,,
2026-06-30 01:17:16,48670.164062,A0DB8AF16E20,mous,male,C57BL/6,1.1.1,Free_feeding,0,PelletDrop,161,0,0,0,0,0,,,,,,,,,,,,,,,,,,,,
2026-06-30 01:17:24,48677.960938,A0DB8AF16E20,mous,male,C57BL/6,1.1.1,Free_feeding,0,PelletTaken,161,0,0,0,0,0,7.462,0.000,0,1,,,,,,,,,,,,,,,,
2026-06-30 01:17:31,48684.917969,A0DB8AF16E20,mous,male,C57BL/6,1.1.1,Free_feeding,0,PelletDrop,162,0,0,0,0,0,,,,,,,,,,,,,,,,,,,,
2026-06-30 01:17:40,48694.183594,A0DB8AF16E20,mous,male,C57BL/6,1.1.1,Free_feeding,0,PelletTaken,162,0,0,0,0,0,8.937,0.000,0,1,,,,,,,,,,,,,,,,
2026-06-30 01:17:47,48701.156250,A0DB8AF16E20,mous,male,C57BL/6,1.1.1,Free_feeding,0,PelletDrop,163,0,0,0,0,0,,,,,,,,,,,,,,,,,,,,
2026-06-30 01:18:07,48721.476562,A0DB8AF16E20,mous,male,C57BL/6,1.1.1,Free_feeding,0,PelletTaken,163,0,0,0,0,0,TimedOut,0.000,0,1,,,,,,,,,,,,,,,,
2026-06-30 01:23:32,49045.855469,A0DB8AF16E20,mous,male,C57BL/6,1.1.1,Free_feeding,0,Status,163,0,0,0,0,0,,,,,Disabled,25.5,39.7,999.9,10.6,0.000,0.000,254152,344900,251132,2036,4.05,83.03
2026-06-30 01:33:44,49658.398438,A0DB8AF16E20,mous,male,C57BL/6,1.1.1,Free_feeding,0,Status,163,0,0,0,0,0,,,,,Disabled,25.6,39.7,1000.0,10.5,0.000,0.000,254152,344900,251132,2061,4.05,82.87
2026-06-30 01:43:15,50229.199219,A0DB8AF16E20,mous,male,C57BL/6,1.1.1,Free_feeding,0,PelletDrop,164,0,0,0,0,0,,,,,,,,,,,,,,,,,,,,
2026-06-30 01:43:25,50239.488281,A0DB8AF16E20,mous,male,C57BL/6,1.1.1,Free_feeding,0,PelletTaken,164,0,0,0,0,0,9.960,0.000,0,1,,,,,,,,,,,,,,,,
2026-06-30 01:43:32,50246.449219,A0DB8AF16E20,mous,male,C57BL/6,1.1.1,Free_feeding,0,PelletDrop,165,0,0,0,0,0,,,,,,,,,,,,,,,,,,,,
2026-06-30 01:43:40,50254.351562,A0DB8AF16E20,mous,male,C57BL/6,1.1.1,Free_feeding,0,PelletTaken,165,0,0,0,0,0,7.562,0.000,0,1,,,,,,,,,,,,,,,,
2026-06-30 01:43:47,50261.820312,A0DB8AF16E20,mous,male,C57BL/6,1.1.1,Free_feeding,0,Status,165,0,0,0,0,0,,,,,Disabled,25.6,39.8,1000.0,10.6,0.000,0.000,254152,344900,251132,2087,4.04,82.70
2026-06-30 01:43:50,50264.406250,A0DB8AF16E20,mous,male,C57BL/6,1.1.1,Free_feeding,0,PelletDrop,166,0,0,0,0,0,,,,,,,,,,,,,,,,,,,,
2026-06-30 01:43:54,50269.042969,A0DB8AF16E20,mous,male,C57BL/6,1.1.1,Free_feeding,0,PelletTaken,166,0,0,0,0,0,4.295,0.000,0,1,,,,,,,,,,,,,,,,
2026-06-30 01:44:01,50276.003906,A0DB8AF16E20,mous,male,C57BL/6,1.1.1,Free_feeding,0,PelletDrop,167,0,0,0,0,0,,,,,,,,,,,,,,,,,,,,
2026-06-30 01:44:11,50286.027344,A0DB8AF16E20,mous,male,C57BL/6,1.1.1,Free_feeding,0,PelletTaken,167,0,0,0,0,0,9.695,0.000,0,1,,,,,,,,,,,,,,,,
2026-06-30 01:44:18,50292.988281,A0DB8AF16E20,mous,male,C57BL/6,1.1.1,Free_feeding,0,PelletDrop,168,0,0,0,0,0,,,,,,,,,,,,,,,,,,,,
2026-06-30 01:44:39,50313.320312,A0DB8AF16E20,mous,male,C57BL/6,1.1.1,Free_feeding,0,PelletTaken,168,0,0,0,0,0,TimedOut,0.000,0,1,,,,,,,,,,,,,,,,
2026-06-30 01:52:04,50759.074219,A0DB8AF16E20,mous,male,C57BL/6,1.1.1,Free_feeding,0,PelletDrop,169,0,0,0,0,0,,,,,,,,,,,,,,,,,,,,
2026-06-30 01:52:14,50768.972656,A0DB8AF16E20,mous,male,C57BL/6,1.1.1,Free_feeding,0,PelletTaken,169,0,0,0,0,0,9.565,0.000,0,1,,,,,,,,,,,,,,,,
2026-06-30 01:52:21,50775.941406,A0DB8AF16E20,mous,male,C57BL/6,1.1.1,Free_feeding,0,PelletDrop,170,0,0,0,0,0,,,,,,,,,,,,,,,,,,,,
2026-06-30 01:52:41,50796.265625,A0DB8AF16E20,mous,male,C57BL/6,1.1.1,Free_feeding,0,PelletTaken,170,0,0,0,0,0,TimedOut,0.000,0,1,,,,,,,,,,,,,,,,
2026-06-30 01:54:02,50876.863281,A0DB8AF16E20,mous,male,C57BL/6,1.1.1,Free_feeding,0,Status,170,0,0,0,0,0,,,,,Disabled,25.6,39.8,1000.0,10.6,0.000,0.000,254152,344900,251132,2113,4.04,82.38
2026-06-30 02:04:14,51489.398438,A0DB8AF16E20,mous,male,C57BL/6,1.1.1,Free_feeding,0,Status,170,0,0,0,0,0,,,,,Disabled,25.6,39.8,1000.0,10.6,0.000,0.000,254152,344900,251132,2138,4.05,82.21
2026-06-30 02:08:09,51724.746094,A0DB8AF16E20,mous,male,C57BL/6,1.1.1,Free_feeding,0,PelletDrop,171,0,0,0,0,0,,,,,,,,,,,,,,,,,,,,
2026-06-30 02:08:17,51732.738281,A0DB8AF16E20,mous,male,C57BL/6,1.1.1,Free_feeding,0,PelletTaken,171,0,0,0,0,0,7.660,0.000,0,1,,,,,,,,,,,,,,,,
2026-06-30 02:08:24,51739.695312,A0DB8AF16E20,mous,male,C57BL/6,1.1.1,Free_feeding,0,PelletDrop,172,0,0,0,0,0,,,,,,,,,,,,,,,,,,,,
2026-06-30 02:08:32,51747.777344,A0DB8AF16E20,mous,male,C57BL/6,1.1.1,Free_feeding,0,PelletTaken,172,0,0,0,0,0,7.738,0.000,0,1,,,,,,,,,,,,,,,,
2026-06-30 02:08:39,51754.734375,A0DB8AF16E20,mous,male,C57BL/6,1.1.1,Free_feeding,0,PelletDrop,173,0,0,0,0,0,,,,,,,,,,,,,,,,,,,,
2026-06-30 02:08:48,51763.343750,A0DB8AF16E20,mous,male,C57BL/6,1.1.1,Free_feeding,0,PelletTaken,173,0,0,0,0,0,8.276,0.000,0,1,,,,,,,,,,,,,,,,
2026-06-30 02:08:55,51770.300781,A0DB8AF16E20,mous,male,C57BL/6,1.1.1,Free_feeding,0,PelletDrop,174,0,0,0,0,0,,,,,,,,,,,,,,,,,,,,
2026-06-30 02:09:02,51777.304688,A0DB8AF16E20,mous,male,C57BL/6,1.1.1,Free_feeding,0,PelletTaken,174,0,0,0,0,0,6.660,0.000,0,1,,,,,,,,,,,,,,,,
2026-06-30 02:14:32,52107.226562,A0DB8AF16E20,mous,male,C57BL/6,1.1.1,Free_feeding,0,Status,174,0,0,0,0,0,,,,,Disabled,25.6,39.8,1000.0,10.5,0.000,0.000,254152,344900,251132,2166,4.04,82.05
2026-06-30 02:24:44,52719.757812,A0DB8AF16E20,mous,male,C57BL/6,1.1.1,Free_feeding,0,Status,174,0,0,0,0,0,,,,,Disabled,25.6,39.8,1000.0,10.5,0.000,0.000,254152,344900,251132,2191,4.03,81.73
2026-06-30 02:27:54,52909.957031,A0DB8AF16E20,mous,male,C57BL/6,1.1.1,Free_feeding,0,PelletDrop,175,0,0,0,0,0,,,,,,,,,,,,,,,,,,,,
2026-06-30 02:27:55,52910.609375,A0DB8AF16E20,mous,male,C57BL/6,1.1.1,Free_feeding,0,PelletTaken,175,0,0,0,0,0,0.181,0.000,0,1,,,,,,,,,,,,,,,,
2026-06-30 02:29:09,52985.046875,A0DB8AF16E20,mous,male,C57BL/6,1.1.1,Free_feeding,0,PelletDrop,176,0,0,0,0,0,,,,,,,,,,,,,,,,,,,,
2026-06-30 02:29:30,53005.371094,A0DB8AF16E20,mous,male,C57BL/6,1.1.1,Free_feeding,0,PelletTaken,176,0,0,0,0,0,TimedOut,0.000,0,1,,,,,,,,,,,,,,,,
2026-06-30 02:34:54,53329.757812,A0DB8AF16E20,mous,male,C57BL/6,1.1.1,Free_feeding,0,Status,176,0,0,0,0,0,,,,,Disabled,25.7,39.9,1000.1,10.6,0.000,0.000,254152,344900,251132,2217,4.03,81.40
2026-06-30 02:45:06,53942.289062,A0DB8AF16E20,mous,male,C57BL/6,1.1.1,Free_feeding,0,Status,176,0,0,0,0,0,,,,,Disabled,25.7,39.9,1000.1,10.6,0.000,0.000,254152,344900,251132,2242,4.03,81.24
2026-06-30 02:50:48,54284.058594,A0DB8AF16E20,mous,male,C57BL/6,1.1.1,Free_feeding,0,PelletDrop,177,0,0,0,0,0,,,,,,,,,,,,,,,,,,,,
2026-06-30 02:51:08,54304.382812,A0DB8AF16E20,mous,male,C57BL/6,1.1.1,Free_feeding,0,PelletTaken,177,0,0,0,0,0,TimedOut,0.000,0,0,,,,,,,,,,,,,,,,
2026-06-30 02:55:12,54548.628906,A0DB8AF16E20,mous,male,C57BL/6,1.1.1,Free_feeding,0,Status,177,0,0,0,0,0,,,,,Disabled,25.7,39.9,1000.2,10.6,0.000,0.000,254152,344900,251132,2267,4.03,81.07
2026-06-30 02:55:15,54551.214844,A0DB8AF16E20,mous,male,C57BL/6,1.1.1,Free_feeding,0,PelletDrop,178,0,0,0,0,0,,,,,,,,,,,,,,,,,,,,
2026-06-30 02:55:35,54571.550781,A0DB8AF16E20,mous,male,C57BL/6,1.1.1,Free_feeding,0,PelletTaken,178,0,0,0,0,0,TimedOut,0.000,0,1,,,,,,,,,,,,,,,,
2026-06-30 03:05:27,55164.078125,A0DB8AF16E20,mous,male,C57BL/6,1.1.1,Free_feeding,0,Status,178,0,0,0,0,0,,,,,Disabled,25.7,39.9,1000.2,10.5,0.000,0.000,254152,344900,251132,2292,4.03,80.91
2026-06-30 03:15:19,55756.300781,A0DB8AF16E20,mous,male,C57BL/6,1.1.1,Free_feeding,0,PelletDrop,179,0,0,0,0,0,,,,,,,,,,,,,,,,,,,,
2026-06-30 03:15:40,55776.636719,A0DB8AF16E20,mous,male,C57BL/6,1.1.1,Free_feeding,0,PelletTaken,179,0,0,0,0,0,TimedOut,0.000,0,1,,,,,,,,,,,,,,,,
2026-06-30 03:15:47,55784.105469,A0DB8AF16E20,mous,male,C57BL/6,1.1.1,Free_feeding,0,Status,179,0,0,0,0,0,,,,,Disabled,25.7,39.8,1000.2,10.6,0.000,0.000,254152,344900,251132,2318,4.03,80.75
2026-06-30 03:16:14,55811.066406,A0DB8AF16E20,mous,male,C57BL/6,1.1.1,Free_feeding,0,PelletDrop,180,0,0,0,0,0,,,,,,,,,,,,,,,,,,,,
2026-06-30 03:16:34,55831.402344,A0DB8AF16E20,mous,male,C57BL/6,1.1.1,Free_feeding,0,PelletTaken,180,0,0,0,0,0,TimedOut,0.000,0,1,,,,,,,,,,,,,,,,
2026-06-30 03:26:02,56399.554688,A0DB8AF16E20,mous,male,C57BL/6,1.1.1,Free_feeding,0,Status,180,0,0,0,0,0,,,,,Disabled,25.7,39.7,1000.3,10.5,0.000,0.000,254152,344900,251132,2343,4.03,80.42
2026-06-30 03:30:33,56670.289062,A0DB8AF16E20,mous,male,C57BL/6,1.1.1,Free_feeding,0,PelletDrop,181,0,0,0,0,0,,,,,,,,,,,,,,,,,,,,
2026-06-30 03:30:53,56690.613281,A0DB8AF16E20,mous,male,C57BL/6,1.1.1,Free_feeding,0,PelletTaken,181,0,0,0,0,0,TimedOut,0.000,0,1,,,,,,,,,,,,,,,,
2026-06-30 03:31:17,56714.359375,A0DB8AF16E20,mous,male,C57BL/6,1.1.1,Free_feeding,0,PelletDrop,182,0,0,0,0,0,,,,,,,,,,,,,,,,,,,,
2026-06-30 03:31:37,56734.683594,A0DB8AF16E20,mous,male,C57BL/6,1.1.1,Free_feeding,0,PelletTaken,182,0,0,0,0,0,TimedOut,0.000,0,1,,,,,,,,,,,,,,,,
2026-06-30 03:33:20,56837.457031,A0DB8AF16E20,mous,male,C57BL/6,1.1.1,Free_feeding,0,PelletDrop,183,0,0,0,0,0,,,,,,,,,,,,,,,,,,,,
2026-06-30 03:33:40,56857.792969,A0DB8AF16E20,mous,male,C57BL/6,1.1.1,Free_feeding,0,PelletTaken,183,0,0,0,0,0,TimedOut,0.000,0,1,,,,,,,,,,,,,,,,
2026-06-30 03:36:14,57011.527344,A0DB8AF16E20,mous,male,C57BL/6,1.1.1,Free_feeding,0,Status,183,0,0,0,0,0,,,,,Disabled,25.7,39.7,1000.4,10.6,0.000,0.000,254152,344900,251132,2368,4.02,80.09
2026-06-30 03:41:29,57326.750000,A0DB8AF16E20,mous,male,C57BL/6,1.1.1,Free_feeding,0,PelletDrop,184,0,0,0,0,0,,,,,,,,,,,,,,,,,,,,
2026-06-30 03:41:50,57347.074219,A0DB8AF16E20,mous,male,C57BL/6,1.1.1,Free_feeding,0,PelletTaken,184,0,0,0,0,0,TimedOut,0.000,0,1,,,,,,,,,,,,,,,,
2026-06-30 03:41:57,57354.046875,A0DB8AF16E20,mous,male,C57BL/6,1.1.1,Free_feeding,0,PelletDrop,185,0,0,0,0,0,,,,,,,,,,,,,,,,,,,,
2026-06-30 03:42:11,57368.382812,A0DB8AF16E20,mous,male,C57BL/6,1.1.1,Free_feeding,0,PelletTaken,185,0,0,0,0,0,14.008,0.000,0,1,,,,,,,,,,,,,,,,
2026-06-30 03:42:20,57377.562500,A0DB8AF16E20,mous,male,C57BL/6,1.1.1,Free_feeding,0,PelletDrop,186,0,0,0,0,0,,,,,,,,,,,,,,,,,,,,
2026-06-30 03:42:28,57385.078125,A0DB8AF16E20,mous,male,C57BL/6,1.1.1,Free_feeding,0,PelletTaken,186,0,0,0,0,0,7.176,0.000,0,2,,,,,,,,,,,,,,,,
2026-06-30 03:42:34,57392.039062,A0DB8AF16E20,mous,male,C57BL/6,1.1.1,Free_feeding,0,PelletDrop,187,0,0,0,0,0,,,,,,,,,,,,,,,,,,,,
2026-06-30 03:42:44,57401.527344,A0DB8AF16E20,mous,male,C57BL/6,1.1.1,Free_feeding,0,PelletTaken,187,0,0,0,0,0,9.157,0.000,0,1,,,,,,,,,,,,,,,,
2026-06-30 03:42:51,57408.484375,A0DB8AF16E20,mous,male,C57BL/6,1.1.1,Free_feeding,0,PelletDrop,188,0,0,0,0,0,,,,,,,,,,,,,,,,,,,,
2026-06-30 03:43:11,57428.820312,A0DB8AF16E20,mous,male,C57BL/6,1.1.1,Free_feeding,0,PelletTaken,188,0,0,0,0,0,TimedOut,0.000,0,1,,,,,,,,,,,,,,,,
2026-06-30 03:46:34,57631.308594,A0DB8AF16E20,mous,male,C57BL/6,1.1.1,Free_feeding,0,Status,188,0,0,0,0,0,,,,,Disabled,25.7,39.7,1000.5,10.5,0.000,0.000,254152,344900,251132,2394,4.02,79.77
2026-06-30 03:56:46,58243.863281,A0DB8AF16E20,mous,male,C57BL/6,1.1.1,Free_feeding,0,Status,188,0,0,0,0,0,,,,,Disabled,25.6,39.7,1000.5,10.5,0.000,0.000,254152,344900,251132,2419,4.02,79.77
2026-06-30 04:06:58,58856.406250,A0DB8AF16E20,mous,male,C57BL/6,1.1.1,Free_feeding,0,Status,188,0,0,0,0,0,,,,,Disabled,25.6,39.6,1000.5,10.5,0.000,0.000,254152,344900,251132,2444,4.02,79.61
2026-06-30 04:17:11,59468.937500,A0DB8AF16E20,mous,male,C57BL/6,1.1.1,Free_feeding,0,Status,188,0,0,0,0,0,,,,,Disabled,25.6,39.6,1000.6,10.6,0.000,0.000,254152,344900,251132,2469,4.02,79.44
2026-06-30 04:27:23,60081.472656,A0DB8AF16E20,mous,male,C57BL/6,1.1.1,Free_feeding,0,Status,188,0,0,0,0,0,,,,,Disabled,25.6,39.5,1000.6,10.6,0.000,0.000,254152,344900,251132,2494,4.02,79.28
2026-06-30 04:37:35,60694.015625,A0DB8AF16E20,mous,male,C57BL/6,1.1.1,Free_feeding,0,Status,188,0,0,0,0,0,,,,,Disabled,25.5,39.5,1000.7,10.7,0.000,0.000,254152,344900,251132,2519,4.02,78.95
2026-06-30 04:47:47,61306.546875,A0DB8AF16E20,mous,male,C57BL/6,1.1.1,Free_feeding,0,Status,188,0,0,0,0,0,,,,,Disabled,25.5,39.5,1000.8,10.6,0.000,0.000,254152,344900,251132,2544,4.01,78.79
2026-06-30 04:58:00,61919.078125,A0DB8AF16E20,mous,male,C57BL/6,1.1.1,Free_feeding,0,Status,188,0,0,0,0,0,,,,,Disabled,25.5,39.5,1000.8,10.7,0.000,0.000,254152,344900,251132,2569,4.01,78.63
2026-06-30 05:05:40,62379.406250,A0DB8AF16E20,mous,male,C57BL/6,1.1.1,Free_feeding,0,PelletDrop,189,0,0,0,0,0,,,,,,,,,,,,,,,,,,,,
2026-06-30 05:06:00,62399.730469,A0DB8AF16E20,mous,male,C57BL/6,1.1.1,Free_feeding,0,PelletTaken,189,0,0,0,0,0,TimedOut,0.000,0,1,,,,,,,,,,,,,,,,
2026-06-30 05:08:10,62529.085938,A0DB8AF16E20,mous,male,C57BL/6,1.1.1,Free_feeding,0,Status,189,0,0,0,0,0,,,,,Disabled,25.4,39.4,1000.9,10.7,0.000,0.000,254152,344900,251132,2594,4.01,78.46
2026-06-30 05:11:14,62713.683594,A0DB8AF16E20,mous,male,C57BL/6,1.1.1,Free_feeding,0,PelletDrop,190,0,0,0,0,0,,,,,,,,,,,,,,,,,,,,
2026-06-30 05:11:34,62734.007812,A0DB8AF16E20,mous,male,C57BL/6,1.1.1,Free_feeding,0,PelletTaken,190,0,0,0,0,0,TimedOut,0.000,0,1,,,,,,,,,,,,,,,,
2026-06-30 05:13:12,62831.480469,A0DB8AF16E20,mous,male,C57BL/6,1.1.1,Free_feeding,0,PelletDrop,191,0,0,0,0,0,,,,,,,,,,,,,,,,,,,,
2026-06-30 05:13:29,62848.613281,A0DB8AF16E20,mous,male,C57BL/6,1.1.1,Free_feeding,0,PelletTaken,191,0,0,0,0,0,16.791,0.000,0,1,,,,,,,,,,,,,,,,
2026-06-30 05:13:36,62855.570312,A0DB8AF16E20,mous,male,C57BL/6,1.1.1,Free_feeding,0,PelletDrop,192,0,0,0,0,0,,,,,,,,,,,,,,,,,,,,
2026-06-30 05:13:51,62870.195312,A0DB8AF16E20,mous,male,C57BL/6,1.1.1,Free_feeding,0,PelletTaken,192,0,0,0,0,0,14.294,0.000,0,1,,,,,,,,,,,,,,,,
2026-06-30 05:18:26,63145.816406,A0DB8AF16E20,mous,male,C57BL/6,1.1.1,Free_feeding,0,Status,192,0,0,0,0,0,,,,,Disabled,25.4,39.5,1001.0,10.6,0.000,0.000,254152,344900,251132,2620,4.01,78.30
2026-06-30 05:24:15,63494.605469,A0DB8AF16E20,mous,male,C57BL/6,1.1.1,Free_feeding,0,PelletDrop,193,0,0,0,0,0,,,,,,,,,,,,,,,,,,,,
2026-06-30 05:24:35,63514.925781,A0DB8AF16E20,mous,male,C57BL/6,1.1.1,Free_feeding,0,PelletTaken,193,0,0,0,0,0,TimedOut,0.000,0,1,,,,,,,,,,,,,,,,
2026-06-30 05:24:42,63521.839844,A0DB8AF16E20,mous,male,C57BL/6,1.1.1,Free_feeding,0,PelletDrop,194,0,0,0,0,0,,,,,,,,,,,,,,,,,,,,
2026-06-30 05:25:02,63542.171875,A0DB8AF16E20,mous,male,C57BL/6,1.1.1,Free_feeding,0,PelletTaken,194,0,0,0,0,0,TimedOut,0.000,0,1,,,,,,,,,,,,,,,,
2026-06-30 05:28:49,63769.039062,A0DB8AF16E20,mous,male,C57BL/6,1.1.1,Free_feeding,0,Status,194,0,0,0,0,0,,,,,Disabled,25.4,39.6,1001.1,10.5,0.000,0.000,254152,344900,251132,2646,4.01,77.98
2026-06-30 05:36:08,64207.800781,A0DB8AF16E20,mous,male,C57BL/6,1.1.1,Free_feeding,0,PelletDrop,195,0,0,0,0,0,,,,,,,,,,,,,,,,,,,,
2026-06-30 05:36:22,64222.480469,A0DB8AF16E20,mous,male,C57BL/6,1.1.1,Free_feeding,0,PelletTaken,195,0,0,0,0,0,14.349,0.000,0,1,,,,,,,,,,,,,,,,
2026-06-30 05:36:29,64229.449219,A0DB8AF16E20,mous,male,C57BL/6,1.1.1,Free_feeding,0,PelletDrop,196,0,0,0,0,0,,,,,,,,,,,,,,,,,,,,
2026-06-30 05:36:40,64239.949219,A0DB8AF16E20,mous,male,C57BL/6,1.1.1,Free_feeding,0,PelletTaken,196,0,0,0,0,0,10.169,0.000,0,1,,,,,,,,,,,,,,,,
2026-06-30 05:36:47,64246.906250,A0DB8AF16E20,mous,male,C57BL/6,1.1.1,Free_feeding,0,PelletDrop,197,0,0,0,0,0,,,,,,,,,,,,,,,,,,,,
2026-06-30 05:37:07,64267.242188,A0DB8AF16E20,mous,male,C57BL/6,1.1.1,Free_feeding,0,PelletTaken,197,0,0,0,0,0,TimedOut,0.000,0,1,,,,,,,,,,,,,,,,
2026-06-30 05:38:52,64372.222656,A0DB8AF16E20,mous,male,C57BL/6,1.1.1,Free_feeding,0,Status,197,0,0,0,0,0,,,,,Disabled,25.5,39.7,1001.2,10.4,0.000,0.000,254152,344900,251132,2671,4.01,77.81
2026-06-30 05:49:04,64984.753906,A0DB8AF16E20,mous,male,C57BL/6,1.1.1,Free_feeding,0,Status,197,0,0,0,0,0,,,,,Disabled,25.5,39.7,1001.3,10.4,0.000,0.000,254152,344900,251132,2696,4.01,77.48
2026-06-30 05:50:41,65081.558594,A0DB8AF16E20,mous,male,C57BL/6,1.1.1,Free_feeding,0,PelletDrop,198,0,0,0,0,0,,,,,,,,,,,,,,,,,,,,
2026-06-30 05:51:01,65101.882812,A0DB8AF16E20,mous,male,C57BL/6,1.1.1,Free_feeding,0,PelletTaken,198,0,0,0,0,0,TimedOut,0.000,0,1,,,,,,,,,,,,,,,,
2026-06-30 05:51:08,65108.839844,A0DB8AF16E20,mous,male,C57BL/6,1.1.1,Free_feeding,0,PelletDrop,199,0,0,0,0,0,,,,,,,,,,,,,,,,,,,,
2026-06-30 05:51:29,65129.164062,A0DB8AF16E20,mous,male,C57BL/6,1.1.1,Free_feeding,0,PelletTaken,199,0,0,0,0,0,TimedOut,0.000,0,1,,,,,,,,,,,,,,,,
2026-06-30 05:59:19,65599.812500,A0DB8AF16E20,mous,male,C57BL/6,1.1.1,Free_feeding,0,Status,199,0,0,0,0,0,,,,,Disabled,25.5,39.7,1001.4,10.4,0.187,98.000,254152,344900,251132,2721,4.00,77.32
2026-06-30 06:04:54,65934.421875,A0DB8AF16E20,mous,male,C57BL/6,1.1.1,Free_feeding,0,PelletDrop,200,0,0,0,0,0,,,,,,,,,,,,,,,,,,,,
2026-06-30 06:05:14,65954.742188,A0DB8AF16E20,mous,male,C57BL/6,1.1.1,Free_feeding,0,PelletTaken,200,0,0,0,0,0,TimedOut,0.000,0,2,,,,,,,,,,,,,,,,
2026-06-30 06:05:26,65967.335938,A0DB8AF16E20,mous,male,C57BL/6,1.1.1,Free_feeding,0,PelletDrop,201,0,0,0,0,0,,,,,,,,,,,,,,,,,,,,
2026-06-30 06:05:47,65987.656250,A0DB8AF16E20,mous,male,C57BL/6,1.1.1,Free_feeding,0,PelletTaken,201,0,0,0,0,0,TimedOut,0.000,0,1,,,,,,,,,,,,,,,,
2026-06-30 06:05:54,65994.617188,A0DB8AF16E20,mous,male,C57BL/6,1.1.1,Free_feeding,0,PelletDrop,202,0,0,0,0,0,,,,,,,,,,,,,,,,,,,,
2026-06-30 06:06:14,66014.937500,A0DB8AF16E20,mous,male,C57BL/6,1.1.1,Free_feeding,0,PelletTaken,202,0,0,0,0,0,TimedOut,0.000,0,1,,,,,,,,,,,,,,,,
2026-06-30 06:09:36,66217.445312,A0DB8AF16E20,mous,male,C57BL/6,1.1.1,Free_feeding,0,Status,202,0,0,0,0,0,,,,,Disabled,25.5,39.7,1001.5,10.4,0.238,124.000,254152,344900,251132,2747,4.00,77.16
2026-06-30 06:19:49,66829.976562,A0DB8AF16E20,mous,male,C57BL/6,1.1.1,Free_feeding,0,Status,202,0,0,0,0,0,,,,,Disabled,25.5,39.6,1001.6,10.4,0.238,124.000,254152,344900,251132,2772,4.00,77.00
2026-06-30 06:30:01,67442.507812,A0DB8AF16E20,mous,male,C57BL/6,1.1.1,Free_feeding,0,Status,202,0,0,0,0,0,,,,,Disabled,25.5,39.7,1001.7,10.4,0.238,127.000,254152,344900,251132,2797,4.00,76.67
2026-06-30 06:40:13,68055.070312,A0DB8AF16E20,mous,male,C57BL/6,1.1.1,Free_feeding,0,Status,202,0,0,0,0,0,,,,,Disabled,25.5,39.6,1001.8,10.4,0.238,124.000,254152,344900,251132,2822,3.99,76.51
2026-06-30 06:50:26,68667.609375,A0DB8AF16E20,mous,male,C57BL/6,1.1.1,Free_feeding,0,Status,202,0,0,0,0,0,,,,,Disabled,25.5,39.5,1001.9,10.5,0.238,124.000,254152,344900,251132,2847,4.00,76.34
2026-06-30 07:00:38,69280.148438,A0DB8AF16E20,mous,male,C57BL/6,1.1.1,Free_feeding,0,Status,202,0,0,0,0,0,,,,,Disabled,25.5,39.4,1002.0,10.4,0.292,154.000,254152,344900,251132,2872,3.99,76.18
2026-06-30 07:10:50,69892.687500,A0DB8AF16E20,mous,male,C57BL/6,1.1.1,Free_feeding,0,Status,202,0,0,0,0,0,,,,,Disabled,25.5,39.5,1002.1,10.4,0.202,112.000,254152,344900,251132,2897,3.99,75.86
2026-06-30 07:21:03,70505.218750,A0DB8AF16E20,mous,male,C57BL/6,1.1.1,Free_feeding,0,Status,202,0,0,0,0,0,,,,,Disabled,25.5,39.5,1002.2,10.4,0.212,115.000,254152,344900,251132,2922,3.99,75.69
2026-06-30 07:31:15,71117.757812,A0DB8AF16E20,mous,male,C57BL/6,1.1.1,Free_feeding,0,Status,202,0,0,0,0,0,,,,,Disabled,25.5,39.5,1002.2,10.4,0.209,114.000,254152,344900,251132,2947,3.99,75.53
2026-06-30 07:41:27,71730.296875,A0DB8AF16E20,mous,male,C57BL/6,1.1.1,Free_feeding,0,Status,202,0,0,0,0,0,,,,,Disabled,25.5,39.4,1002.3,10.4,0.202,108.000,254152,344900,251132,2972,3.99,75.20
2026-06-30 07:51:39,72342.828125,A0DB8AF16E20,mous,male,C57BL/6,1.1.1,Free_feeding,0,Status,202,0,0,0,0,0,,,,,Disabled,25.5,39.4,1002.4,10.4,0.194,106.000,254152,344900,251132,2997,3.99,75.04
2026-06-30 08:01:52,72955.390625,A0DB8AF16E20,mous,male,C57BL/6,1.1.1,Free_feeding,0,Status,202,0,0,0,0,0,,,,,Disabled,25.5,39.3,1002.5,10.4,0.194,108.000,254152,344900,251132,3022,3.98,74.88
2026-06-30 08:05:22,73165.601562,A0DB8AF16E20,mous,male,C57BL/6,1.1.1,Free_feeding,0,PelletDrop,203,0,0,0,0,0,,,,,,,,,,,,,,,,,,,,
2026-06-30 08:05:42,73185.929688,A0DB8AF16E20,mous,male,C57BL/6,1.1.1,Free_feeding,0,PelletTaken,203,0,0,0,0,0,TimedOut,0.000,0,1,,,,,,,,,,,,,,,,
2026-06-30 08:06:08,73211.554688,A0DB8AF16E20,mous,male,C57BL/6,1.1.1,Free_feeding,0,PelletDrop,204,0,0,0,0,0,,,,,,,,,,,,,,,,,,,,
2026-06-30 08:06:28,73231.882812,A0DB8AF16E20,mous,male,C57BL/6,1.1.1,Free_feeding,0,PelletTaken,204,0,0,0,0,0,TimedOut,0.000,0,1,,,,,,,,,,,,,,,,
2026-06-30 08:06:35,73238.835938,A0DB8AF16E20,mous,male,C57BL/6,1.1.1,Free_feeding,0,PelletDrop,205,0,0,0,0,0,,,,,,,,,,,,,,,,,,,,
2026-06-30 08:06:55,73259.171875,A0DB8AF16E20,mous,male,C57BL/6,1.1.1,Free_feeding,0,PelletTaken,205,0,0,0,0,0,TimedOut,0.000,0,1,,,,,,,,,,,,,,,,
2026-06-30 08:12:01,73565.148438,A0DB8AF16E20,mous,male,C57BL/6,1.1.1,Free_feeding,0,Status,205,0,0,0,0,0,,,,,Disabled,25.6,39.3,1002.6,10.4,0.194,106.000,254152,344900,251132,3048,3.98,74.71
2026-06-30 08:22:14,74177.679688,A0DB8AF16E20,mous,male,C57BL/6,1.1.1,Free_feeding,0,Status,205,0,0,0,0,0,,,,,Disabled,25.6,39.2,1002.7,10.4,0.194,106.000,254152,344900,251132,3073,3.98,74.38
2026-06-30 08:32:26,74790.226562,A0DB8AF16E20,mous,male,C57BL/6,1.1.1,Free_feeding,0,Status,205,0,0,0,0,0,,,,,Disabled,25.7,39.1,1002.8,10.3,0.202,109.000,254152,344900,251132,3098,3.98,74.22
2026-06-30 08:42:38,75402.757812,A0DB8AF16E20,mous,male,C57BL/6,1.1.1,Free_feeding,0,Status,205,0,0,0,0,0,,,,,Disabled,25.7,39.0,1002.8,10.3,0.205,108.000,254152,344900,251132,3123,3.98,74.05
2026-06-30 08:52:50,76015.289062,A0DB8AF16E20,mous,male,C57BL/6,1.1.1,Free_feeding,0,Status,205,0,0,0,0,0,,,,,Disabled,25.7,38.9,1002.9,10.3,0.209,112.000,254152,344900,251132,3148,3.97,73.89
2026-06-30 09:03:03,76627.835938,A0DB8AF16E20,mous,male,C57BL/6,1.1.1,Free_feeding,0,Status,205,0,0,0,0,0,,,,,Disabled,25.7,38.9,1002.9,10.3,0.212,113.000,254152,344900,251132,3173,3.98,73.73
2026-06-30 09:08:12,76937.296875,A0DB8AF16E20,mous,male,C57BL/6,1.1.1,Free_feeding,0,PelletDrop,206,0,0,0,0,0,,,,,,,,,,,,,,,,,,,,
2026-06-30 09:08:32,76957.617188,A0DB8AF16E20,mous,male,C57BL/6,1.1.1,Free_feeding,0,PelletTaken,206,0,0,0,0,0,TimedOut,0.000,0,1,,,,,,,,,,,,,,,,
2026-06-30 09:12:15,77180.710938,A0DB8AF16E20,mous,male,C57BL/6,1.1.1,Free_feeding,0,PelletDrop,207,0,0,0,0,0,,,,,,,,,,,,,,,,,,,,
2026-06-30 09:12:30,77194.992188,A0DB8AF16E20,mous,male,C57BL/6,1.1.1,Free_feeding,0,PelletTaken,207,0,0,0,0,0,13.953,0.000,0,1,,,,,,,,,,,,,,,,
2026-06-30 09:12:37,77201.953125,A0DB8AF16E20,mous,male,C57BL/6,1.1.1,Free_feeding,0,PelletDrop,208,0,0,0,0,0,,,,,,,,,,,,,,,,,,,,
2026-06-30 09:12:57,77221.945312,A0DB8AF16E20,mous,male,C57BL/6,1.1.1,Free_feeding,0,PelletTaken,208,0,0,0,0,0,19.661,0.000,0,1,,,,,,,,,,,,,,,,
2026-06-30 09:13:04,77229.421875,A0DB8AF16E20,mous,male,C57BL/6,1.1.1,Free_feeding,0,Status,208,0,0,0,0,0,,,,,Disabled,25.8,38.9,1002.9,10.3,0.173,99.000,254152,344900,251132,3198,3.97,73.56
2026-06-30 09:13:07,77232.007812,A0DB8AF16E20,mous,male,C57BL/6,1.1.1,Free_feeding,0,PelletDrop,209,0,0,0,0,0,,,,,,,,,,,,,,,,,,,,
2026-06-30 09:13:17,77242.023438,A0DB8AF16E20,mous,male,C57BL/6,1.1.1,Free_feeding,0,PelletTaken,209,0,0,0,0,0,9.685,0.000,0,1,,,,,,,,,,,,,,,,
2026-06-30 09:13:24,77248.992188,A0DB8AF16E20,mous,male,C57BL/6,1.1.1,Free_feeding,0,PelletDrop,210,0,0,0,0,0,,,,,,,,,,,,,,,,,,,,
2026-06-30 09:13:44,77269.320312,A0DB8AF16E20,mous,male,C57BL/6,1.1.1,Free_feeding,0,PelletTaken,210,0,0,0,0,0,TimedOut,0.000,0,1,,,,,,,,,,,,,,,,
2026-06-30 09:14:15,77300.679688,A0DB8AF16E20,mous,male,C57BL/6,1.1.1,Free_feeding,0,PelletDrop,211,0,0,0,0,0,,,,,,,,,,,,,,,,,,,,
2026-06-30 09:14:31,77316.367188,A0DB8AF16E20,mous,male,C57BL/6,1.1.1,Free_feeding,0,PelletTaken,211,0,0,0,0,0,15.360,0.000,0,1,,,,,,,,,,,,,,,,
2026-06-30 09:14:38,77323.335938,A0DB8AF16E20,mous,male,C57BL/6,1.1.1,Free_feeding,0,PelletDrop,212,0,0,0,0,0,,,,,,,,,,,,,,,,,,,,
2026-06-30 09:14:58,77343.656250,A0DB8AF16E20,mous,male,C57BL/6,1.1.1,Free_feeding,0,PelletTaken,212,0,0,0,0,0,TimedOut,0.000,0,1,,,,,,,,,,,,,,,,
2026-06-30 09:23:13,77838.679688,A0DB8AF16E20,mous,male,C57BL/6,1.1.1,Free_feeding,0,Status,212,0,0,0,0,0,,,,,Disabled,25.8,38.8,1003.0,10.3,0.140,80.000,254152,344900,251132,3223,3.97,73.07
2026-06-30 09:26:33,78039.046875,A0DB8AF16E20,mous,male,C57BL/6,1.1.1,Free_feeding,0,PelletDrop,213,0,0,0,0,0,,,,,,,,,,,,,,,,,,,,
2026-06-30 09:26:51,78057.054688,A0DB8AF16E20,mous,male,C57BL/6,1.1.1,Free_feeding,0,PelletTaken,213,0,0,0,0,0,17.670,0.000,0,2,,,,,,,,,,,,,,,,
2026-06-30 09:26:57,78062.820312,A0DB8AF16E20,mous,male,C57BL/6,1.1.1,Free_feeding,0,PelletDrop,214,0,0,0,0,0,,,,,,,,,,,,,,,,,,,,
2026-06-30 09:27:10,78075.804688,A0DB8AF16E20,mous,male,C57BL/6,1.1.1,Free_feeding,0,PelletTaken,214,0,0,0,0,0,12.655,0.000,0,0,,,,,,,,,,,,,,,,
2026-06-30 09:27:17,78082.773438,A0DB8AF16E20,mous,male,C57BL/6,1.1.1,Free_feeding,0,PelletDrop,215,0,0,0,0,0,,,,,,,,,,,,,,,,,,,,
2026-06-30 09:27:29,78094.460938,A0DB8AF16E20,mous,male,C57BL/6,1.1.1,Free_feeding,0,PelletTaken,215,0,0,0,0,0,11.356,0.000,0,1,,,,,,,,,,,,,,,,
2026-06-30 09:27:36,78101.421875,A0DB8AF16E20,mous,male,C57BL/6,1.1.1,Free_feeding,0,PelletDrop,216,0,0,0,0,0,,,,,,,,,,,,,,,,,,,,
2026-06-30 09:27:56,78121.742188,A0DB8AF16E20,mous,male,C57BL/6,1.1.1,Free_feeding,0,PelletTaken,216,0,0,0,0,0,TimedOut,0.000,0,1,,,,,,,,,,,,,,,,
2026-06-30 09:33:20,78446.132812,A0DB8AF16E20,mous,male,C57BL/6,1.1.1,Free_feeding,0,Status,216,0,0,0,0,0,,,,,Disabled,25.8,38.8,1002.9,10.3,0.180,100.000,254152,344900,251132,3248,3.97,72.91
2026-06-30 09:35:56,78601.921875,A0DB8AF16E20,mous,male,C57BL/6,1.1.1,Free_feeding,0,LeftWithPellet,216,1,0,0,0,0,,,,,,,,,,,,,,,,,,,,
2026-06-30 09:43:33,79058.671875,A0DB8AF16E20,mous,male,C57BL/6,1.1.1,Free_feeding,0,Status,216,1,0,0,0,0,,,,,Disabled,25.8,39.3,1002.8,10.2,0.108,69.000,254152,344900,251132,3273,3.97,72.74
2026-06-30 09:43:35,79061.273438,A0DB8AF16E20,mous,male,C57BL/6,1.1.1,Free_feeding,0,PelletDrop,217,1,0,0,0,0,,,,,,,,,,,,,,,,,,,,
2026-06-30 09:43:56,79081.593750,A0DB8AF16E20,mous,male,C57BL/6,1.1.1,Free_feeding,0,PelletTaken,217,1,0,0,0,0,TimedOut,121.000,0,1,,,,,,,,,,,,,,,,
2026-06-30 09:44:02,79088.554688,A0DB8AF16E20,mous,male,C57BL/6,1.1.1,Free_feeding,0,PelletDrop,218,1,0,0,0,0,,,,,,,,,,,,,,,,,,,,
2026-06-30 09:44:17,79103.062500,A0DB8AF16E20,mous,male,C57BL/6,1.1.1,Free_feeding,0,PelletTaken,218,1,0,0,0,0,14.162,121.000,0,1,,,,,,,,,,,,,,,,
2026-06-30 09:44:24,79110.023438,A0DB8AF16E20,mous,male,C57BL/6,1.1.1,Free_feeding,0,PelletDrop,219,1,0,0,0,0,,,,,,,,,,,,,,,,,,,,
2026-06-30 09:44:32,79118.000000,A0DB8AF16E20,mous,male,C57BL/6,1.1.1,Free_feeding,0,PelletTaken,219,1,0,0,0,0,7.639,121.000,0,1,,,,,,,,,,,,,,,,
2026-06-30 09:53:35,79661.773438,A0DB8AF16E20,mous,male,C57BL/6,1.1.1,Free_feeding,0,Status,219,1,0,0,0,0,,,,,Disabled,25.8,39.0,1002.8,10.3,0.187,104.000,254152,344900,251132,3298,3.97,72.58
2026-06-30 10:03:48,80274.320312,A0DB8AF16E20,mous,male,C57BL/6,1.1.1,Free_feeding,0,Status,219,1,0,0,0,0,,,,,Disabled,25.8,39.1,1002.7,10.3,0.187,105.000,254152,344900,251132,3323,3.96,72.41
2026-06-30 10:14:00,80886.859375,A0DB8AF16E20,mous,male,C57BL/6,1.1.1,Free_feeding,0,Status,219,1,0,0,0,0,,,,,Disabled,25.8,39.1,1002.6,10.2,0.187,104.000,254152,344900,251132,3348,3.96,72.25
2026-06-30 10:24:12,81499.390625,A0DB8AF16E20,mous,male,C57BL/6,1.1.1,Free_feeding,0,Status,219,1,0,0,0,0,,,,,Disabled,25.7,39.1,1002.5,10.2,0.198,109.000,254152,344900,251132,3373,3.96,72.09
2026-06-30 10:34:25,82111.937500,A0DB8AF16E20,mous,male,C57BL/6,1.1.1,Free_feeding,0,Status,219,1,0,0,0,0,,,,,Disabled,25.7,39.0,1002.5,10.3,0.187,106.000,254152,344900,251132,3398,3.96,71.92
2026-06-30 10:44:37,82724.492188,A0DB8AF16E20,mous,male,C57BL/6,1.1.1,Free_feeding,0,Status,219,1,0,0,0,0,,,,,Disabled,25.7,39.0,1002.4,10.3,0.187,106.000,254152,344900,251132,3423,3.96,71.76
2026-06-30 10:54:49,83337.039062,A0DB8AF16E20,mous,male,C57BL/6,1.1.1,Free_feeding,0,Status,219,1,0,0,0,0,,,,,Disabled,25.7,38.9,1002.4,10.3,0.198,109.000,254152,344900,251132,3448,3.96,71.43
2026-06-30 11:05:02,83949.578125,A0DB8AF16E20,mous,male,C57BL/6,1.1.1,Free_feeding,0,Status,219,1,0,0,0,0,,,,,Disabled,25.7,38.9,1002.3,10.3,0.187,106.000,254152,344900,251132,3473,3.95,71.27
2026-06-30 11:15:14,84562.109375,A0DB8AF16E20,mous,male,C57BL/6,1.1.1,Free_feeding,0,Status,219,1,0,0,0,0,,,,,Disabled,25.7,38.8,1002.3,10.3,0.205,109.000,254152,344900,251132,3498,3.95,71.10
2026-06-30 11:25:26,85174.656250,A0DB8AF16E20,mous,male,C57BL/6,1.1.1,Free_feeding,0,Status,219,1,0,0,0,0,,,,,Disabled,25.7,38.8,1002.2,10.3,0.187,106.000,254152,344900,251132,3523,3.95,70.94
2026-06-30 11:35:38,85787.195312,A0DB8AF16E20,mous,male,C57BL/6,1.1.1,Free_feeding,0,Status,219,1,0,0,0,0,,,,,Disabled,25.7,38.8,1002.2,10.3,0.187,106.000,254152,344900,251132,3548,3.95,70.77
2026-06-30 11:45:51,86399.726562,A0DB8AF16E20,mous,male,C57BL/6,1.1.1,Free_feeding,0,Status,219,1,0,0,0,0,,,,,Disabled,25.7,38.8,1002.2,10.4,0.187,106.000,254152,344900,251132,3573,3.95,70.61
2026-06-30 11:49:33,86621.726562,A0DB8AF16E20,mous,male,C57BL/6,1.1.1,Free_feeding,0,PelletDrop,220,1,0,0,0,0,,,,,,,,,,,,,,,,,,,,
2026-06-30 11:49:53,86642.054688,A0DB8AF16E20,mous,male,C57BL/6,1.1.1,Free_feeding,0,PelletTaken,220,1,0,0,0,0,TimedOut,121.000,0,1,,,,,,,,,,,,,,,,
2026-06-30 11:56:06,87015.187500,A0DB8AF16E20,mous,male,C57BL/6,1.1.1,Free_feeding,0,Status,220,1,0,0,0,0,,,,,Disabled,25.6,38.8,1002.1,10.3,0.187,106.000,254152,344900,251132,3598,3.95,70.28
2026-06-30 12:00:58,87307.281250,A0DB8AF16E20,mous,male,C57BL/6,1.1.1,Free_feeding,0,PelletDrop,221,1,0,0,0,0,,,,,,,,,,,,,,,,,,,,
2026-06-30 12:01:15,87324.031250,A0DB8AF16E20,mous,male,C57BL/6,1.1.1,Free_feeding,0,PelletTaken,221,1,0,0,0,0,16.417,121.000,0,1,,,,,,,,,,,,,,,,
2026-06-30 12:01:22,87330.992188,A0DB8AF16E20,mous,male,C57BL/6,1.1.1,Free_feeding,0,PelletDrop,222,1,0,0,0,0,,,,,,,,,,,,,,,,,,,,
2026-06-30 12:01:42,87351.328125,A0DB8AF16E20,mous,male,C57BL/6,1.1.1,Free_feeding,0,PelletTaken,222,1,0,0,0,0,TimedOut,121.000,0,1,,,,,,,,,,,,,,,,
2026-06-30 12:06:18,87626.953125,A0DB8AF16E20,mous,male,C57BL/6,1.1.1,Free_feeding,0,Status,222,1,0,0,0,0,,,,,Disabled,25.6,38.8,1002.1,10.3,0.187,106.000,254152,344900,251132,3623,3.95,70.12
2026-06-30 12:16:30,88239.484375,A0DB8AF16E20,mous,male,C57BL/6,1.1.1,Free_feeding,0,Status,222,1,0,0,0,0,,,,,Disabled,25.7,38.8,1002.1,10.3,0.187,109.000,254152,344900,251132,3648,3.94,69.95
2026-06-30 12:26:42,88852.031250,A0DB8AF16E20,mous,male,C57BL/6,1.1.1,Free_feeding,0,Status,222,1,0,0,0,0,,,,,Disabled,25.6,38.8,1002.1,10.3,0.187,106.000,254152,344900,251132,3673,3.94,69.62
2026-06-30 12:36:54,89464.570312,A0DB8AF16E20,mous,male,C57BL/6,1.1.1,Free_feeding,0,Status,222,1,0,0,0,0,,,,,Disabled,25.6,38.8,1002.1,10.2,0.187,109.000,254152,344900,251132,3698,3.95,69.46
2026-06-30 12:47:07,90077.101562,A0DB8AF16E20,mous,male,C57BL/6,1.1.1,Free_feeding,0,Status,222,1,0,0,0,0,,,,,Disabled,25.6,38.8,1002.1,10.3,0.198,109.000,254152,344900,251132,3723,3.95,69.30
2026-06-30 12:57:19,90689.648438,A0DB8AF16E20,mous,male,C57BL/6,1.1.1,Free_feeding,0,Status,222,1,0,0,0,0,,,,,Disabled,25.6,38.8,1002.1,10.3,0.180,102.000,254152,344900,251132,3748,3.94,69.13
2026-06-30 13:07:31,91302.187500,A0DB8AF16E20,mous,male,C57BL/6,1.1.1,Free_feeding,0,Status,222,1,0,0,0,0,,,,,Disabled,25.6,38.8,1002.1,10.3,0.187,106.000,254152,344900,251132,3773,3.94,68.97
2026-06-30 13:17:44,91914.734375,A0DB8AF16E20,mous,male,C57BL/6,1.1.1,Free_feeding,0,Status,222,1,0,0,0,0,,,,,Disabled,25.6,38.8,1002.1,10.3,0.194,109.000,254152,344900,251132,3798,3.94,68.80
2026-06-30 13:27:56,92527.289062,A0DB8AF16E20,mous,male,C57BL/6,1.1.1,Free_feeding,0,Status,222,1,0,0,0,0,,,,,Disabled,25.6,38.8,1002.0,10.3,0.187,106.000,254152,344900,251132,3823,3.93,68.64
2026-06-30 13:38:08,93139.820312,A0DB8AF16E20,mous,male,C57BL/6,1.1.1,Free_feeding,0,Status,222,1,0,0,0,0,,,,,Disabled,25.6,38.8,1002.0,10.3,0.194,108.000,254152,344900,251132,3848,3.93,68.48
2026-06-30 13:48:21,93752.367188,A0DB8AF16E20,mous,male,C57BL/6,1.1.1,Free_feeding,0,Status,222,1,0,0,0,0,,,,,Disabled,25.6,38.7,1001.9,10.3,0.230,130.000,254152,344900,251132,3873,3.93,68.17
2026-06-30 13:51:09,93921.046875,A0DB8AF16E20,mous,male,C57BL/6,1.1.1,Free_feeding,0,PelletDrop,223,1,0,0,0,0,,,,,,,,,,,,,,,,,,,,
2026-06-30 13:51:30,93941.367188,A0DB8AF16E20,mous,male,C57BL/6,1.1.1,Free_feeding,0,PelletTaken,223,1,0,0,0,0,TimedOut,121.000,0,1,,,,,,,,,,,,,,,,
2026-06-30 13:51:46,93957.796875,A0DB8AF16E20,mous,male,C57BL/6,1.1.1,Free_feeding,0,PelletDrop,224,1,0,0,0,0,,,,,,,,,,,,,,,,,,,,
2026-06-30 13:52:06,93978.117188,A0DB8AF16E20,mous,male,C57BL/6,1.1.1,Free_feeding,0,PelletTaken,224,1,0,0,0,0,TimedOut,121.000,0,1,,,,,,,,,,,,,,,,
2026-06-30 13:52:13,93985.078125,A0DB8AF16E20,mous,male,C57BL/6,1.1.1,Free_feeding,0,PelletDrop,225,1,0,0,0,0,,,,,,,,,,,,,,,,,,,,
2026-06-30 13:52:34,94005.406250,A0DB8AF16E20,mous,male,C57BL/6,1.1.1,Free_feeding,0,PelletTaken,225,1,0,0,0,0,TimedOut,121.000,0,1,,,,,,,,,,,,,,,,
2026-06-30 13:52:40,94012.382812,A0DB8AF16E20,mous,male,C57BL/6,1.1.1,Free_feeding,0,PelletDrop,226,1,0,0,0,0,,,,,,,,,,,,,,,,,,,,
2026-06-30 13:53:01,94032.703125,A0DB8AF16E20,mous,male,C57BL/6,1.1.1,Free_feeding,0,PelletTaken,226,1,0,0,0,0,TimedOut,121.000,0,1,,,,,,,,,,,,,,,,
2026-06-30 13:53:21,94052.812500,A0DB8AF16E20,mous,male,C57BL/6,1.1.1,Free_feeding,0,PelletDrop,227,1,0,0,0,0,,,,,,,,,,,,,,,,,,,,
2026-06-30 13:53:40,94071.828125,A0DB8AF16E20,mous,male,C57BL/6,1.1.1,Free_feeding,0,PelletTaken,227,1,0,0,0,0,18.683,121.000,0,1,,,,,,,,,,,,,,,,
2026-06-30 13:58:40,94371.843750,A0DB8AF16E20,mous,male,C57BL/6,1.1.1,Free_feeding,0,Status,227,1,0,0,0,0,,,,,Disabled,25.6,38.7,1001.9,10.2,0.230,131.000,254152,344900,251132,3899,3.93,68.02
2026-06-30 14:08:52,94984.382812,A0DB8AF16E20,mous,male,C57BL/6,1.1.1,Free_feeding,0,Status,227,1,0,0,0,0,,,,,Disabled,25.6,38.8,1001.8,10.2,0.187,109.000,254152,344900,251132,3924,3.93,67.88
2026-06-30 14:12:28,95199.976562,A0DB8AF16E20,mous,male,C57BL/6,1.1.1,Free_feeding,0,PelletDrop,228,1,0,0,0,0,,,,,,,,,,,,,,,,,,,,
2026-06-30 14:12:48,95220.312500,A0DB8AF16E20,mous,male,C57BL/6,1.1.1,Free_feeding,0,PelletTaken,228,1,0,0,0,0,TimedOut,121.000,0,1,,,,,,,,,,,,,,,,
2026-06-30 14:13:19,95251.648438,A0DB8AF16E20,mous,male,C57BL/6,1.1.1,Free_feeding,0,PelletDrop,229,1,0,0,0,0,,,,,,,,,,,,,,,,,,,,
2026-06-30 14:13:36,95268.828125,A0DB8AF16E20,mous,male,C57BL/6,1.1.1,Free_feeding,0,PelletTaken,229,1,0,0,0,0,16.846,121.000,0,1,,,,,,,,,,,,,,,,
2026-06-30 14:13:43,95275.804688,A0DB8AF16E20,mous,male,C57BL/6,1.1.1,Free_feeding,0,PelletDrop,230,1,0,0,0,0,,,,,,,,,,,,,,,,,,,,
2026-06-30 14:14:04,95296.125000,A0DB8AF16E20,mous,male,C57BL/6,1.1.1,Free_feeding,0,PelletTaken,230,1,0,0,0,0,TimedOut,121.000,0,1,,,,,,,,,,,,,,,,
2026-06-30 14:19:04,95596.125000,A0DB8AF16E20,mous,male,C57BL/6,1.1.1,Free_feeding,0,Status,230,1,0,0,0,0,,,,,Disabled,25.6,38.9,1001.8,10.2,0.187,106.000,254152,344900,251132,3949,3.93,67.73
2026-06-30 14:19:16,95608.906250,A0DB8AF16E20,mous,male,C57BL/6,1.1.1,Free_feeding,0,PelletDrop,231,1,0,0,0,0,,,,,,,,,,,,,,,,,,,,
2026-06-30 14:19:34,95626.562500,A0DB8AF16E20,mous,male,C57BL/6,1.1.1,Free_feeding,0,PelletTaken,231,1,0,0,0,0,17.341,121.000,0,1,,,,,,,,,,,,,,,,
2026-06-30 14:29:26,96219.093750,A0DB8AF16E20,mous,male,C57BL/6,1.1.1,Free_feeding,0,Status,231,1,0,0,0,0,,,,,Disabled,25.6,39.0,1001.8,10.1,0.205,108.000,254152,344900,251132,3975,3.93,67.45
2026-06-30 14:32:38,96411.304688,A0DB8AF16E20,mous,male,C57BL/6,1.1.1,Free_feeding,0,PelletDrop,232,1,0,0,0,0,,,,,,,,,,,,,,,,,,,,
2026-06-30 14:32:50,96422.617188,A0DB8AF16E20,mous,male,C57BL/6,1.1.1,Free_feeding,0,PelletTaken,232,1,0,0,0,0,10.971,121.000,0,1,,,,,,,,,,,,,,,,
2026-06-30 14:32:57,96429.578125,A0DB8AF16E20,mous,male,C57BL/6,1.1.1,Free_feeding,0,PelletDrop,233,1,0,0,0,0,,,,,,,,,,,,,,,,,,,,
2026-06-30 14:33:10,96442.484375,A0DB8AF16E20,mous,male,C57BL/6,1.1.1,Free_feeding,0,PelletTaken,233,1,0,0,0,0,12.567,121.000,0,1,,,,,,,,,,,,,,,,
2026-06-30 14:33:17,96449.453125,A0DB8AF16E20,mous,male,C57BL/6,1.1.1,Free_feeding,0,PelletDrop,234,1,0,0,0,0,,,,,,,,,,,,,,,,,,,,
2026-06-30 14:33:28,96461.250000,A0DB8AF16E20,mous,male,C57BL/6,1.1.1,Free_feeding,0,PelletTaken,234,1,0,0,0,0,11.467,121.000,0,1,,,,,,,,,,,,,,,,
2026-06-30 14:33:35,96468.210938,A0DB8AF16E20,mous,male,C57BL/6,1.1.1,Free_feeding,0,PelletDrop,235,1,0,0,0,0,,,,,,,,,,,,,,,,,,,,
2026-06-30 14:33:56,96488.539062,A0DB8AF16E20,mous,male,C57BL/6,1.1.1,Free_feeding,0,PelletTaken,235,1,0,0,0,0,TimedOut,121.000,0,1,,,,,,,,,,,,,,,,
2026-06-30 14:39:44,96837.328125,A0DB8AF16E20,mous,male,C57BL/6,1.1.1,Free_feeding,0,Status,235,1,0,0,0,0,,,,,Disabled,25.6,39.0,1001.8,10.1,0.191,102.000,254152,344900,251132,4001,3.92,67.30
2026-06-30 14:49:57,97449.867188,A0DB8AF16E20,mous,male,C57BL/6,1.1.1,Free_feeding,0,Status,235,1,0,0,0,0,,,,,Disabled,25.6,39.0,1001.7,10.1,0.187,102.000,254152,344900,251132,4026,3.92,67.16
2026-06-30 15:00:09,98062.398438,A0DB8AF16E20,mous,male,C57BL/6,1.1.1,Free_feeding,0,Status,235,1,0,0,0,0,,,,,Disabled,25.6,38.9,1001.7,10.1,0.194,106.000,254152,344900,251132,4051,3.92,67.01
2026-06-30 15:10:21,98674.945312,A0DB8AF16E20,mous,male,C57BL/6,1.1.1,Free_feeding,0,Status,235,1,0,0,0,0,,,,,Disabled,25.6,38.9,1001.7,10.2,0.202,108.000,254152,344900,251132,4076,3.92,66.87
2026-06-30 15:20:33,99287.484375,A0DB8AF16E20,mous,male,C57BL/6,1.1.1,Free_feeding,0,Status,235,1,0,0,0,0,,,,,Disabled,25.6,38.8,1001.7,10.2,0.202,108.000,254152,344900,251132,4101,3.92,66.72
2026-06-30 15:30:46,99900.015625,A0DB8AF16E20,mous,male,C57BL/6,1.1.1,Free_feeding,0,Status,235,1,0,0,0,0,,,,,Disabled,25.6,38.8,1001.6,10.1,0.198,106.000,254152,344900,251132,4126,3.92,66.58
2026-06-30 15:40:58,100512.562500,A0DB8AF16E20,mous,male,C57BL/6,1.1.1,Free_feeding,0,Status,235,1,0,0,0,0,,,,,Disabled,25.6,38.8,1001.6,10.1,0.202,108.000,254152,344900,251132,4151,3.92,66.29
2026-06-30 15:51:10,101125.101562,A0DB8AF16E20,mous,male,C57BL/6,1.1.1,Free_feeding,0,Status,235,1,0,0,0,0,,,,,Disabled,25.6,38.8,1001.6,10.2,0.198,109.000,254152,344900,251132,4176,3.92,66.14
2026-06-30 15:54:26,101320.867188,A0DB8AF16E20,mous,male,C57BL/6,1.1.1,Free_feeding,0,PelletDrop,236,1,0,0,0,0,,,,,,,,,,,,,,,,,,,,
2026-06-30 15:54:46,101341.195312,A0DB8AF16E20,mous,male,C57BL/6,1.1.1,Free_feeding,0,PelletTaken,236,1,0,0,0,0,TimedOut,121.000,0,1,,,,,,,,,,,,,,,,
2026-06-30 15:54:53,101348.156250,A0DB8AF16E20,mous,male,C57BL/6,1.1.1,Free_feeding,0,PelletDrop,237,1,0,0,0,0,,,,,,,,,,,,,,,,,,,,
2026-06-30 15:55:06,101361.265625,A0DB8AF16E20,mous,male,C57BL/6,1.1.1,Free_feeding,0,PelletTaken,237,1,0,0,0,0,12.776,121.000,0,1,,,,,,,,,,,,,,,,
2026-06-30 15:55:13,101368.242188,A0DB8AF16E20,mous,male,C57BL/6,1.1.1,Free_feeding,0,PelletDrop,238,1,0,0,0,0,,,,,,,,,,,,,,,,,,,,
2026-06-30 15:55:30,101384.460938,A0DB8AF16E20,mous,male,C57BL/6,1.1.1,Free_feeding,0,PelletTaken,238,1,0,0,0,0,15.888,121.000,0,1,,,,,,,,,,,,,,,,
2026-06-30 15:55:37,101391.421875,A0DB8AF16E20,mous,male,C57BL/6,1.1.1,Free_feeding,0,PelletDrop,239,1,0,0,0,0,,,,,,,,,,,,,,,,,,,,
2026-06-30 15:55:49,101404.062500,A0DB8AF16E20,mous,male,C57BL/6,1.1.1,Free_feeding,0,PelletTaken,239,1,0,0,0,0,12.303,121.000,0,1,,,,,,,,,,,,,,,,
2026-06-30 15:55:56,101411.007812,A0DB8AF16E20,mous,male,C57BL/6,1.1.1,Free_feeding,0,PelletDrop,240,1,0,0,0,0,,,,,,,,,,,,,,,,,,,,
2026-06-30 15:56:17,101431.335938,A0DB8AF16E20,mous,male,C57BL/6,1.1.1,Free_feeding,0,PelletTaken,240,1,0,0,0,0,TimedOut,121.000,0,1,,,,,,,,,,,,,,,,
2026-06-30 16:01:16,101731.359375,A0DB8AF16E20,mous,male,C57BL/6,1.1.1,Free_feeding,0,Status,240,1,0,0,0,0,,,,,Disabled,25.6,38.8,1001.5,10.2,0.216,118.000,254152,344900,251132,4201,3.91,66.00
2026-06-30 16:11:29,102343.960938,A0DB8AF16E20,mous,male,C57BL/6,1.1.1,Free_feeding,0,Status,240,1,0,0,0,0,,,,,Disabled,25.5,38.7,1001.5,10.2,0.202,110.000,254152,344900,251132,4226,3.91,65.86
2026-06-30 16:21:41,102956.500000,A0DB8AF16E20,mous,male,C57BL/6,1.1.1,Free_feeding,0,Status,240,1,0,0,0,0,,,,,Disabled,25.5,38.7,1001.4,10.2,0.205,108.000,254152,344900,251132,4251,3.91,65.71
2026-06-30 16:28:03,103339.039062,A0DB8AF16E20,mous,male,C57BL/6,1.1.1,Free_feeding,0,PelletDrop,241,1,0,0,0,0,,,,,,,,,,,,,,,,,,,,
2026-06-30 16:28:24,103359.375000,A0DB8AF16E20,mous,male,C57BL/6,1.1.1,Free_feeding,0,PelletTaken,241,1,0,0,0,0,TimedOut,121.000,0,1,,,,,,,,,,,,,,,,
2026-06-30 16:31:46,103561.867188,A0DB8AF16E20,mous,male,C57BL/6,1.1.1,Free_feeding,0,Status,241,1,0,0,0,0,,,,,Disabled,25.5,38.7,1001.4,10.2,0.187,102.000,254152,344900,251132,4276,3.91,65.57
2026-06-30 16:35:41,103796.921875,A0DB8AF16E20,mous,male,C57BL/6,1.1.1,Free_feeding,0,PelletDrop,242,1,0,0,0,0,,,,,,,,,,,,,,,,,,,,
2026-06-30 16:36:02,103817.265625,A0DB8AF16E20,mous,male,C57BL/6,1.1.1,Free_feeding,0,PelletTaken,242,1,0,0,0,0,TimedOut,121.000,0,1,,,,,,,,,,,,,,,,
2026-06-30 16:36:32,103847.867188,A0DB8AF16E20,mous,male,C57BL/6,1.1.1,Free_feeding,0,PelletDrop,243,1,0,0,0,0,,,,,,,,,,,,,,,,,,,,
2026-06-30 16:36:48,103863.820312,A0DB8AF16E20,mous,male,C57BL/6,1.1.1,Free_feeding,0,PelletTaken,243,1,0,0,0,0,15.625,121.000,0,1,,,,,,,,,,,,,,,,
2026-06-30 16:36:55,103870.781250,A0DB8AF16E20,mous,male,C57BL/6,1.1.1,Free_feeding,0,PelletDrop,244,1,0,0,0,0,,,,,,,,,,,,,,,,,,,,
2026-06-30 16:37:11,103886.609375,A0DB8AF16E20,mous,male,C57BL/6,1.1.1,Free_feeding,0,PelletTaken,244,1,0,0,0,0,15.482,121.000,0,1,,,,,,,,,,,,,,,,
2026-06-30 16:37:20,103895.789062,A0DB8AF16E20,mous,male,C57BL/6,1.1.1,Free_feeding,0,PelletDrop,245,1,0,0,0,0,,,,,,,,,,,,,,,,,,,,
2026-06-30 16:37:36,103911.375000,A0DB8AF16E20,mous,male,C57BL/6,1.1.1,Free_feeding,0,PelletTaken,245,1,0,0,0,0,15.251,121.000,0,2,,,,,,,,,,,,,,,,
2026-06-30 16:37:43,103918.343750,A0DB8AF16E20,mous,male,C57BL/6,1.1.1,Free_feeding,0,PelletDrop,246,1,0,0,0,0,,,,,,,,,,,,,,,,,,,,
2026-06-30 16:38:03,103938.671875,A0DB8AF16E20,mous,male,C57BL/6,1.1.1,Free_feeding,0,PelletTaken,246,1,0,0,0,0,TimedOut,121.000,0,1,,,,,,,,,,,,,,,,
2026-06-30 16:41:50,104165.539062,A0DB8AF16E20,mous,male,C57BL/6,1.1.1,Free_feeding,0,Status,246,1,0,0,0,0,,,,,Disabled,25.5,38.7,1001.3,10.2,0.198,106.000,254152,344900,251132,4301,3.91,65.28
2026-06-30 16:47:41,104517.335938,A0DB8AF16E20,mous,male,C57BL/6,1.1.1,Free_feeding,0,PelletDrop,247,1,0,0,0,0,,,,,,,,,,,,,,,,,,,,
2026-06-30 16:48:02,104537.664062,A0DB8AF16E20,mous,male,C57BL/6,1.1.1,Free_feeding,0,PelletTaken,247,1,0,0,0,0,TimedOut,121.000,0,1,,,,,,,,,,,,,,,,
2026-06-30 16:52:13,104788.906250,A0DB8AF16E20,mous,male,C57BL/6,1.1.1,Free_feeding,0,Status,247,1,0,0,0,0,,,,,Disabled,25.6,38.8,1001.3,10.1,0.187,107.000,254152,344900,251132,4327,3.90,65.13
2026-06-30 16:54:10,104906.132812,A0DB8AF16E20,mous,male,C57BL/6,1.1.1,Free_feeding,0,PelletDrop,248,1,0,0,0,0,,,,,,,,,,,,,,,,,,,,
2026-06-30 16:54:30,104926.468750,A0DB8AF16E20,mous,male,C57BL/6,1.1.1,Free_feeding,0,PelletTaken,248,1,0,0,0,0,TimedOut,121.000,0,1,,,,,,,,,,,,,,,,
2026-06-30 16:54:53,104948.812500,A0DB8AF16E20,mous,male,C57BL/6,1.1.1,Free_feeding,0,PelletDrop,249,1,0,0,0,0,,,,,,,,,,,,,,,,,,,,
2026-06-30 16:55:05,104961.679688,A0DB8AF16E20,mous,male,C57BL/6,1.1.1,Free_feeding,0,PelletTaken,249,1,0,0,0,0,12.534,121.000,0,1,,,,,,,,,,,,,,,,
2026-06-30 16:55:12,104968.656250,A0DB8AF16E20,mous,male,C57BL/6,1.1.1,Free_feeding,0,PelletDrop,250,1,0,0,0,0,,,,,,,,,,,,,,,,,,,,
2026-06-30 16:55:33,104988.976562,A0DB8AF16E20,mous,male,C57BL/6,1.1.1,Free_feeding,0,PelletTaken,250,1,0,0,0,0,TimedOut,121.000,0,1,,,,,,,,,,,,,,,,
2026-06-30 17:02:34,105410.867188,A0DB8AF16E20,mous,male,C57BL/6,1.1.1,Free_feeding,0,Status,250,1,0,0,0,0,,,,,Disabled,25.6,38.9,1001.2,10.1,0.198,106.000,254152,344900,251132,4353,3.90,64.99
2026-06-30 17:12:47,106023.406250,A0DB8AF16E20,mous,male,C57BL/6,1.1.1,Free_feeding,0,Status,250,1,0,0,0,0,,,,,Disabled,25.6,38.9,1001.1,10.1,0.198,106.000,254152,344900,251132,4378,3.90,64.84
2026-06-30 17:15:34,106190.242188,A0DB8AF16E20,mous,male,C57BL/6,1.1.1,Free_feeding,0,PelletDrop,251,1,0,0,0,0,,,,,,,,,,,,,,,,,,,,
2026-06-30 17:15:54,106210.570312,A0DB8AF16E20,mous,male,C57BL/6,1.1.1,Free_feeding,0,PelletTaken,251,1,0,0,0,0,TimedOut,121.000,0,1,,,,,,,,,,,,,,,,
2026-06-30 17:16:05,106222.109375,A0DB8AF16E20,mous,male,C57BL/6,1.1.1,Free_feeding,0,PelletDrop,252,1,0,0,0,0,,,,,,,,,,,,,,,,,,,,
2026-06-30 17:16:19,106235.601562,A0DB8AF16E20,mous,male,C57BL/6,1.1.1,Free_feeding,0,PelletTaken,252,1,0,0,0,0,13.150,121.000,0,1,,,,,,,,,,,,,,,,
2026-06-30 17:16:26,106242.562500,A0DB8AF16E20,mous,male,C57BL/6,1.1.1,Free_feeding,0,PelletDrop,253,1,0,0,0,0,,,,,,,,,,,,,,,,,,,,
2026-06-30 17:16:41,106257.429688,A0DB8AF16E20,mous,male,C57BL/6,1.1.1,Free_feeding,0,PelletTaken,253,1,0,0,0,0,14.536,121.000,0,1,,,,,,,,,,,,,,,,
2026-06-30 17:16:48,106264.390625,A0DB8AF16E20,mous,male,C57BL/6,1.1.1,Free_feeding,0,PelletDrop,254,1,0,0,0,0,,,,,,,,,,,,,,,,,,,,
2026-06-30 17:17:03,106279.406250,A0DB8AF16E20,mous,male,C57BL/6,1.1.1,Free_feeding,0,PelletTaken,254,1,0,0,0,0,14.668,121.000,0,1,,,,,,,,,,,,,,,,
2026-06-30 17:17:10,106286.398438,A0DB8AF16E20,mous,male,C57BL/6,1.1.1,Free_feeding,0,PelletDrop,255,1,0,0,0,0,,,,,,,,,,,,,,,,,,,,
2026-06-30 17:17:30,106306.726562,A0DB8AF16E20,mous,male,C57BL/6,1.1.1,Free_feeding,0,PelletTaken,255,1,0,0,0,0,TimedOut,121.000,0,1,,,,,,,,,,,,,,,,
2026-06-30 17:22:54,106631.132812,A0DB8AF16E20,mous,male,C57BL/6,1.1.1,Free_feeding,0,Status,255,1,0,0,0,0,,,,,Disabled,25.6,38.9,1001.0,10.0,0.194,108.000,254152,344900,251132,4404,3.90,64.70
2026-06-30 17:33:07,107243.671875,A0DB8AF16E20,mous,male,C57BL/6,1.1.1,Free_feeding,0,Status,255,1,0,0,0,0,,,,,Disabled,25.6,38.8,1001.0,10.1,0.187,106.000,254152,344900,251132,4429,3.90,64.41
2026-06-30 17:41:41,107758.000000,A0DB8AF16E20,mous,male,C57BL/6,1.1.1,Free_feeding,0,PelletDrop,256,1,0,0,0,0,,,,,,,,,,,,,,,,,,,,
2026-06-30 17:42:01,107778.335938,A0DB8AF16E20,mous,male,C57BL/6,1.1.1,Free_feeding,0,PelletTaken,256,1,0,0,0,0,TimedOut,121.000,0,1,,,,,,,,,,,,,,,,
2026-06-30 17:42:08,107785.296875,A0DB8AF16E20,mous,male,C57BL/6,1.1.1,Free_feeding,0,PelletDrop,257,1,0,0,0,0,,,,,,,,,,,,,,,,,,,,
2026-06-30 17:42:21,107798.757812,A0DB8AF16E20,mous,male,C57BL/6,1.1.1,Free_feeding,0,PelletTaken,257,1,0,0,0,0,13.129,121.000,0,1,,,,,,,,,,,,,,,,
2026-06-30 17:42:28,107805.718750,A0DB8AF16E20,mous,male,C57BL/6,1.1.1,Free_feeding,0,PelletDrop,258,1,0,0,0,0,,,,,,,,,,,,,,,,,,,,
2026-06-30 17:42:42,107819.343750,A0DB8AF16E20,mous,male,C57BL/6,1.1.1,Free_feeding,0,PelletTaken,258,1,0,0,0,0,13.281,121.000,0,1,,,,,,,,,,,,,,,,
2026-06-30 17:42:49,107826.304688,A0DB8AF16E20,mous,male,C57BL/6,1.1.1,Free_feeding,0,PelletDrop,259,1,0,0,0,0,,,,,,,,,,,,,,,,,,,,
2026-06-30 17:43:02,107839.468750,A0DB8AF16E20,mous,male,C57BL/6,1.1.1,Free_feeding,0,PelletTaken,259,1,0,0,0,0,12.831,121.000,0,1,,,,,,,,,,,,,,,,
2026-06-30 17:43:10,107846.953125,A0DB8AF16E20,mous,male,C57BL/6,1.1.1,Free_feeding,0,Status,259,1,0,0,0,0,,,,,Disabled,25.6,38.8,1000.8,10.1,0.176,98.000,254152,344900,251132,4454,3.90,64.27
2026-06-30 17:43:12,107849.539062,A0DB8AF16E20,mous,male,C57BL/6,1.1.1,Free_feeding,0,PelletDrop,260,1,0,0,0,0,,,,,,,,,,,,,,,,,,,,
2026-06-30 17:43:19,107856.109375,A0DB8AF16E20,mous,male,C57BL/6,1.1.1,Free_feeding,0,PelletTaken,260,1,0,0,0,0,6.231,121.000,0,1,,,,,,,,,,,,,,,,
2026-06-30 17:43:26,107863.070312,A0DB8AF16E20,mous,male,C57BL/6,1.1.1,Free_feeding,0,PelletDrop,261,1,0,0,0,0,,,,,,,,,,,,,,,,,,,,
2026-06-30 17:43:46,107883.406250,A0DB8AF16E20,mous,male,C57BL/6,1.1.1,Free_feeding,0,PelletTaken,261,1,0,0,0,0,TimedOut,121.000,0,1,,,,,,,,,,,,,,,,
2026-06-30 17:53:14,108451.554688,A0DB8AF16E20,mous,male,C57BL/6,1.1.1,Free_feeding,0,Status,261,1,0,0,0,0,,,,,Disabled,25.6,38.9,1000.8,10.1,0.000,0.000,254152,344900,251132,4479,3.90,64.12
2026-06-30 18:00:23,108880.593750,A0DB8AF16E20,mous,male,C57BL/6,1.1.1,Free_feeding,0,PelletDrop,262,1,0,0,0,0,,,,,,,,,,,,,,,,,,,,
2026-06-30 18:00:37,108894.632812,A0DB8AF16E20,mous,male,C57BL/6,1.1.1,Free_feeding,0,PelletTaken,262,1,0,0,0,0,13.689,121.000,0,1,,,,,,,,,,,,,,,,
2026-06-30 18:00:44,108901.593750,A0DB8AF16E20,mous,male,C57BL/6,1.1.1,Free_feeding,0,PelletDrop,263,1,0,0,0,0,,,,,,,,,,,,,,,,,,,,
2026-06-30 18:01:04,108921.914062,A0DB8AF16E20,mous,male,C57BL/6,1.1.1,Free_feeding,0,PelletTaken,263,1,0,0,0,0,TimedOut,121.000,0,1,,,,,,,,,,,,,,,,
2026-06-30 18:03:38,109075.656250,A0DB8AF16E20,mous,male,C57BL/6,1.1.1,Free_feeding,0,Status,263,1,0,0,0,0,,,,,Disabled,25.6,39.0,1000.7,10.1,0.000,0.000,254152,344900,251132,4505,3.89,63.98
2026-06-30 18:10:06,109464.101562,A0DB8AF16E20,mous,male,C57BL/6,1.1.1,Free_feeding,0,PelletDrop,264,1,0,0,0,0,,,,,,,,,,,,,,,,,,,,
2026-06-30 18:10:26,109484.429688,A0DB8AF16E20,mous,male,C57BL/6,1.1.1,Free_feeding,0,PelletTaken,264,1,0,0,0,0,TimedOut,121.000,0,1,,,,,,,,,,,,,,,,
2026-06-30 18:12:40,109618.218750,A0DB8AF16E20,mous,male,C57BL/6,1.1.1,Free_feeding,0,PelletDrop,265,1,0,0,0,0,,,,,,,,,,,,,,,,,,,,
2026-06-30 18:12:51,109629.007812,A0DB8AF16E20,mous,male,C57BL/6,1.1.1,Free_feeding,0,PelletTaken,265,1,0,0,0,0,10.444,121.000,0,1,,,,,,,,,,,,,,,,
2026-06-30 18:12:58,109635.968750,A0DB8AF16E20,mous,male,C57BL/6,1.1.1,Free_feeding,0,PelletDrop,266,1,0,0,0,0,,,,,,,,,,,,,,,,,,,,
2026-06-30 18:13:18,109656.289062,A0DB8AF16E20,mous,male,C57BL/6,1.1.1,Free_feeding,0,PelletTaken,266,1,0,0,0,0,TimedOut,121.000,0,1,,,,,,,,,,,,,,,,
2026-06-30 18:13:50,109688.140625,A0DB8AF16E20,mous,male,C57BL/6,1.1.1,Free_feeding,0,Status,266,1,0,0,0,0,,,,,Disabled,25.6,39.2,1000.6,10.0,0.000,0.000,254152,344900,251132,4531,3.90,63.83
2026-06-30 18:17:30,109908.171875,A0DB8AF16E20,mous,male,C57BL/6,1.1.1,Free_feeding,0,PelletDrop,267,1,0,0,0,0,,,,,,,,,,,,,,,,,,,,
2026-06-30 18:17:50,109928.492188,A0DB8AF16E20,mous,male,C57BL/6,1.1.1,Free_feeding,0,PelletTaken,267,1,0,0,0,0,TimedOut,121.000,0,1,,,,,,,,,,,,,,,,
2026-06-30 18:21:56,110174.289062,A0DB8AF16E20,mous,male,C57BL/6,1.1.1,Free_feeding,0,PelletDrop,268,1,0,0,0,0,,,,,,,,,,,,,,,,,,,,
2026-06-30 18:22:16,110194.632812,A0DB8AF16E20,mous,male,C57BL/6,1.1.1,Free_feeding,0,PelletTaken,268,1,0,0,0,0,TimedOut,121.000,0,1,,,,,,,,,,,,,,,,
2026-06-30 18:24:01,110299.609375,A0DB8AF16E20,mous,male,C57BL/6,1.1.1,Free_feeding,0,Status,268,1,0,0,0,0,,,,,Disabled,25.7,39.4,1000.5,9.9,0.000,0.000,254152,344900,251132,4556,3.89,63.69
2026-06-30 18:27:42,110520.046875,A0DB8AF16E20,mous,male,C57BL/6,1.1.1,Free_feeding,0,PelletDrop,269,1,0,0,0,0,,,,,,,,,,,,,,,,,,,,
2026-06-30 18:27:51,110529.296875,A0DB8AF16E20,mous,male,C57BL/6,1.1.1,Free_feeding,0,PelletTaken,269,1,0,0,0,0,8.903,121.000,0,0,,,,,,,,,,,,,,,,
2026-06-30 18:27:58,110536.257812,A0DB8AF16E20,mous,male,C57BL/6,1.1.1,Free_feeding,0,PelletDrop,270,1,0,0,0,0,,,,,,,,,,,,,,,,,,,,
2026-06-30 18:28:14,110552.445312,A0DB8AF16E20,mous,male,C57BL/6,1.1.1,Free_feeding,0,PelletTaken,270,1,0,0,0,0,15.856,121.000,0,1,,,,,,,,,,,,,,,,
2026-06-30 18:28:21,110559.406250,A0DB8AF16E20,mous,male,C57BL/6,1.1.1,Free_feeding,0,PelletDrop,271,1,0,0,0,0,,,,,,,,,,,,,,,,,,,,
2026-06-30 18:28:41,110579.750000,A0DB8AF16E20,mous,male,C57BL/6,1.1.1,Free_feeding,0,PelletTaken,271,1,0,0,0,0,TimedOut,121.000,0,1,,,,,,,,,,,,,,,,
2026-06-30 18:31:45,110763.476562,A0DB8AF16E20,mous,male,C57BL/6,1.1.1,Free_feeding,0,PelletDrop,272,1,0,0,0,0,,,,,,,,,,,,,,,,,,,,
2026-06-30 18:31:55,110773.078125,A0DB8AF16E20,mous,male,C57BL/6,1.1.1,Free_feeding,0,PelletTaken,272,1,0,0,0,0,9.267,121.000,0,1,,,,,,,,,,,,,,,,
2026-06-30 18:32:01,110780.046875,A0DB8AF16E20,mous,male,C57BL/6,1.1.1,Free_feeding,0,PelletDrop,273,1,0,0,0,0,,,,,,,,,,,,,,,,,,,,
2026-06-30 18:32:14,110792.929688,A0DB8AF16E20,mous,male,C57BL/6,1.1.1,Free_feeding,0,PelletTaken,273,1,0,0,0,0,12.545,121.000,0,1,,,,,,,,,,,,,,,,
2026-06-30 18:32:21,110799.890625,A0DB8AF16E20,mous,male,C57BL/6,1.1.1,Free_feeding,0,PelletDrop,274,1,0,0,0,0,,,,,,,,,,,,,,,,,,,,
2026-06-30 18:32:42,110820.218750,A0DB8AF16E20,mous,male,C57BL/6,1.1.1,Free_feeding,0,PelletTaken,274,1,0,0,0,0,TimedOut,121.000,0,1,,,,,,,,,,,,,,,,
2026-06-30 18:34:02,110900.828125,A0DB8AF16E20,mous,male,C57BL/6,1.1.1,Free_feeding,0,Status,274,1,0,0,0,0,,,,,Disabled,25.7,39.5,1000.5,10.0,0.000,0.000,254152,344900,251132,4582,3.89,63.54
2026-06-30 18:37:40,111118.562500,A0DB8AF16E20,mous,male,C57BL/6,1.1.1,Free_feeding,0,PelletDrop,275,1,0,0,0,0,,,,,,,,,,,,,,,,,,,,
2026-06-30 18:38:00,111138.882812,A0DB8AF16E20,mous,male,C57BL/6,1.1.1,Free_feeding,0,PelletTaken,275,1,0,0,0,0,TimedOut,121.000,0,1,,,,,,,,,,,,,,,,
2026-06-30 18:44:13,111512.054688,A0DB8AF16E20,mous,male,C57BL/6,1.1.1,Free_feeding,0,Status,275,1,0,0,0,0,,,,,Disabled,25.7,39.5,1000.5,9.9,0.000,0.000,254152,344900,251132,4607,3.89,63.25
2026-06-30 18:45:00,111558.554688,A0DB8AF16E20,mous,male,C57BL/6,1.1.1,Free_feeding,0,PelletDrop,276,1,0,0,0,0,,,,,,,,,,,,,,,,,,,,
2026-06-30 18:45:14,111573.343750,A0DB8AF16E20,mous,male,C57BL/6,1.1.1,Free_feeding,0,PelletTaken,276,1,0,0,0,0,14.459,121.000,0,1,,,,,,,,,,,,,,,,
2026-06-30 18:54:18,112117.125000,A0DB8AF16E20,mous,male,C57BL/6,1.1.1,Free_feeding,0,Status,276,1,0,0,0,0,,,,,Disabled,25.7,39.5,1000.5,9.9,0.000,0.000,254152,344900,251132,4632,3.89,63.11
2026-06-30 18:54:30,112129.007812,A0DB8AF16E20,mous,male,C57BL/6,1.1.1,Free_feeding,0,PelletDrop,277,1,0,0,0,0,,,,,,,,,,,,,,,,,,,,
2026-06-30 18:54:44,112143.039062,A0DB8AF16E20,mous,male,C57BL/6,1.1.1,Free_feeding,0,PelletTaken,277,1,0,0,0,0,13.700,121.000,0,1,,,,,,,,,,,,,,,,
2026-06-30 18:54:51,112150.000000,A0DB8AF16E20,mous,male,C57BL/6,1.1.1,Free_feeding,0,PelletDrop,278,1,0,0,0,0,,,,,,,,,,,,,,,,,,,,
2026-06-30 18:54:58,112156.929688,A0DB8AF16E20,mous,male,C57BL/6,1.1.1,Free_feeding,0,PelletTaken,278,1,0,0,0,0,6.583,121.000,0,1,,,,,,,,,,,,,,,,
2026-06-30 18:55:05,112163.890625,A0DB8AF16E20,mous,male,C57BL/6,1.1.1,Free_feeding,0,PelletDrop,279,1,0,0,0,0,,,,,,,,,,,,,,,,,,,,
2026-06-30 18:55:25,112184.218750,A0DB8AF16E20,mous,male,C57BL/6,1.1.1,Free_feeding,0,PelletTaken,279,1,0,0,0,0,TimedOut,121.000,0,1,,,,,,,,,,,,,,,,
2026-06-30 18:59:04,112402.906250,A0DB8AF16E20,mous,male,C57BL/6,1.1.1,Free_feeding,0,PelletDrop,280,1,0,0,0,0,,,,,,,,,,,,,,,,,,,,
2026-06-30 18:59:24,112423.242188,A0DB8AF16E20,mous,male,C57BL/6,1.1.1,Free_feeding,0,PelletTaken,280,1,0,0,0,0,TimedOut,121.000,0,1,,,,,,,,,,,,,,,,
2026-06-30 19:01:08,112527.718750,A0DB8AF16E20,mous,male,C57BL/6,1.1.1,Free_feeding,0,PelletDrop,281,1,0,0,0,0,,,,,,,,,,,,,,,,,,,,
2026-06-30 19:01:17,112536.039062,A0DB8AF16E20,mous,male,C57BL/6,1.1.1,Free_feeding,0,PelletTaken,281,1,0,0,0,0,7.991,121.000,0,1,,,,,,,,,,,,,,,,
2026-06-30 19:01:24,112543.015625,A0DB8AF16E20,mous,male,C57BL/6,1.1.1,Free_feeding,0,PelletDrop,282,1,0,0,0,0,,,,,,,,,,,,,,,,,,,,
2026-06-30 19:01:44,112563.343750,A0DB8AF16E20,mous,male,C57BL/6,1.1.1,Free_feeding,0,PelletTaken,282,1,0,0,0,0,TimedOut,121.000,0,1,,,,,,,,,,,,,,,,
2026-06-30 19:04:41,112740.539062,A0DB8AF16E20,mous,male,C57BL/6,1.1.1,Free_feeding,0,Status,282,1,0,0,0,0,,,,,Disabled,25.7,39.7,1000.5,9.8,0.000,0.000,254152,344900,251132,4659,3.89,62.82
2026-06-30 19:04:44,112743.140625,A0DB8AF16E20,mous,male,C57BL/6,1.1.1,Free_feeding,0,PelletDrop,283,1,0,0,0,0,,,,,,,,,,,,,,,,,,,,
2026-06-30 19:05:04,112763.468750,A0DB8AF16E20,mous,male,C57BL/6,1.1.1,Free_feeding,0,PelletTaken,283,1,0,0,0,0,TimedOut,121.000,0,1,,,,,,,,,,,,,,,,
2026-06-30 19:05:11,112770.023438,A0DB8AF16E20,mous,male,C57BL/6,1.1.1,Free_feeding,0,CenterWithPellet,283,1,0,1,0,0,,,,,,,,,,,,,,,,,,,,
2026-06-30 19:14:56,113356.007812,A0DB8AF16E20,mous,male,C57BL/6,1.1.1,Free_feeding,0,Status,283,1,0,1,0,0,,,,,Disabled,25.8,39.6,1000.5,9.9,0.000,0.000,254108,344900,251132,4684,3.89,62.68
2026-06-30 19:15:33,113392.648438,A0DB8AF16E20,mous,male,C57BL/6,1.1.1,Free_feeding,0,PelletDrop,284,1,0,1,0,0,,,,,,,,,,,,,,,,,,,,
2026-06-30 19:15:40,113399.765625,A0DB8AF16E20,mous,male,C57BL/6,1.1.1,Free_feeding,0,PelletTaken,284,1,0,1,0,0,6.781,4.000,0,1,,,,,,,,,,,,,,,,
2026-06-30 19:15:47,113406.726562,A0DB8AF16E20,mous,male,C57BL/6,1.1.1,Free_feeding,0,PelletDrop,285,1,0,1,0,0,,,,,,,,,,,,,,,,,,,,
2026-06-30 19:15:58,113417.898438,A0DB8AF16E20,mous,male,C57BL/6,1.1.1,Free_feeding,0,PelletTaken,285,1,0,1,0,0,10.839,4.000,0,1,,,,,,,,,,,,,,,,
2026-06-30 19:16:05,113424.875000,A0DB8AF16E20,mous,male,C57BL/6,1.1.1,Free_feeding,0,PelletDrop,286,1,0,1,0,0,,,,,,,,,,,,,,,,,,,,
2026-06-30 19:16:14,113433.804688,A0DB8AF16E20,mous,male,C57BL/6,1.1.1,Free_feeding,0,PelletTaken,286,1,0,1,0,0,8.596,4.000,0,1,,,,,,,,,,,,,,,,
2026-06-30 19:16:21,113440.765625,A0DB8AF16E20,mous,male,C57BL/6,1.1.1,Free_feeding,0,PelletDrop,287,1,0,1,0,0,,,,,,,,,,,,,,,,,,,,
2026-06-30 19:16:41,113461.101562,A0DB8AF16E20,mous,male,C57BL/6,1.1.1,Free_feeding,0,PelletTaken,287,1,0,1,0,0,TimedOut,4.000,0,1,,,,,,,,,,,,,,,,
2026-06-30 19:21:41,113760.585938,A0DB8AF16E20,mous,male,C57BL/6,1.1.1,Free_feeding,0,PelletDrop,288,1,0,1,0,0,,,,,,,,,,,,,,,,,,,,
2026-06-30 19:22:01,113780.914062,A0DB8AF16E20,mous,male,C57BL/6,1.1.1,Free_feeding,0,PelletTaken,288,1,0,1,0,0,TimedOut,4.000,0,1,,,,,,,,,,,,,,,,
2026-06-30 19:24:59,113959.031250,A0DB8AF16E20,mous,male,C57BL/6,1.1.1,Free_feeding,0,Status,288,1,0,1,0,0,,,,,Disabled,25.8,39.6,1000.5,9.9,0.000,0.000,254108,344900,251132,4710,3.88,62.53
2026-06-30 19:25:41,114001.320312,A0DB8AF16E20,mous,male,C57BL/6,1.1.1,Free_feeding,0,PelletDrop,289,1,0,1,0,0,,,,,,,,,,,,,,,,,,,,
2026-06-30 19:25:50,114010.328125,A0DB8AF16E20,mous,male,C57BL/6,1.1.1,Free_feeding,0,PelletTaken,289,1,0,1,0,0,8.673,4.000,0,1,,,,,,,,,,,,,,,,
2026-06-30 19:25:57,114017.289062,A0DB8AF16E20,mous,male,C57BL/6,1.1.1,Free_feeding,0,PelletDrop,290,1,0,1,0,0,,,,,,,,,,,,,,,,,,,,
2026-06-30 19:26:18,114037.625000,A0DB8AF16E20,mous,male,C57BL/6,1.1.1,Free_feeding,0,PelletTaken,290,1,0,1,0,0,TimedOut,4.000,0,1,,,,,,,,,,,,,,,,
2026-06-30 19:35:21,114581.398438,A0DB8AF16E20,mous,male,C57BL/6,1.1.1,Free_feeding,0,Status,290,1,0,1,0,0,,,,,Disabled,25.8,39.6,1000.5,9.9,0.000,0.000,254108,344900,251132,4736,3.88,62.39
2026-06-30 19:37:01,114681.500000,A0DB8AF16E20,mous,male,C57BL/6,1.1.1,Free_feeding,0,PelletDrop,291,1,0,1,0,0,,,,,,,,,,,,,,,,,,,,
2026-06-30 19:37:11,114691.531250,A0DB8AF16E20,mous,male,C57BL/6,1.1.1,Free_feeding,0,PelletTaken,291,1,0,1,0,0,9.696,4.000,0,1,,,,,,,,,,,,,,,,
2026-06-30 19:37:18,114698.523438,A0DB8AF16E20,mous,male,C57BL/6,1.1.1,Free_feeding,0,PelletDrop,292,1,0,1,0,0,,,,,,,,,,,,,,,,,,,,
2026-06-30 19:37:19,114699.195312,A0DB8AF16E20,mous,male,C57BL/6,1.1.1,Free_feeding,0,PelletTaken,292,1,0,1,0,0,0.335,4.000,0,1,,,,,,,,,,,,,,,,
2026-06-30 19:37:26,114706.398438,A0DB8AF16E20,mous,male,C57BL/6,1.1.1,Free_feeding,0,PelletDrop,293,1,0,1,0,0,,,,,,,,,,,,,,,,,,,,
2026-06-30 19:37:27,114707.343750,A0DB8AF16E20,mous,male,C57BL/6,1.1.1,Free_feeding,0,PelletNotDetected,293,1,0,1,0,0,,,,,,,,,,,,,,,,,,,,
2026-06-30 19:37:34,114714.007812,A0DB8AF16E20,mous,male,C57BL/6,1.1.1,Free_feeding,0,PelletDrop,294,1,0,1,0,0,,,,,,,,,,,,,,,,,,,,
2026-06-30 19:37:54,114734.335938,A0DB8AF16E20,mous,male,C57BL/6,1.1.1,Free_feeding,0,PelletTaken,294,1,0,1,0,0,TimedOut,4.000,0,2,,,,,,,,,,,,,,,,
2026-06-30 19:39:02,114802.328125,A0DB8AF16E20,mous,male,C57BL/6,1.1.1,Free_feeding,0,PelletDrop,295,1,0,1,0,0,,,,,,,,,,,,,,,,,,,,
2026-06-30 19:39:22,114822.664062,A0DB8AF16E20,mous,male,C57BL/6,1.1.1,Free_feeding,0,PelletTaken,295,1,0,1,0,0,TimedOut,4.000,0,1,,,,,,,,,,,,,,,,
2026-06-30 19:45:35,115195.796875,A0DB8AF16E20,mous,male,C57BL/6,1.1.1,Free_feeding,0,Status,295,1,0,1,0,0,,,,,Disabled,25.8,39.6,1000.5,9.9,0.000,0.000,254108,344900,251132,4763,3.88,62.24
2026-06-30 19:47:37,115317.078125,A0DB8AF16E20,mous,male,C57BL/6,1.1.1,Free_feeding,0,PelletDrop,296,1,0,1,0,0,,,,,,,,,,,,,,,,,,,,
2026-06-30 19:47:57,115337.421875,A0DB8AF16E20,mous,male,C57BL/6,1.1.1,Free_feeding,0,PelletTaken,296,1,0,1,0,0,TimedOut,4.000,0,1,,,,,,,,,,,,,,,,
2026-06-30 19:52:36,115616.960938,A0DB8AF16E20,mous,male,C57BL/6,1.1.1,Free_feeding,0,PelletDrop,297,1,0,1,0,0,,,,,,,,,,,,,,,,,,,,
2026-06-30 19:52:57,115637.289062,A0DB8AF16E20,mous,male,C57BL/6,1.1.1,Free_feeding,0,PelletTaken,297,1,0,1,0,0,TimedOut,4.000,0,0,,,,,,,,,,,,,,,,
2026-06-30 19:55:55,115815.406250,A0DB8AF16E20,mous,male,C57BL/6,1.1.1,Free_feeding,0,Status,297,1,0,1,0,0,,,,,Disabled,25.9,39.7,1000.5,9.8,0.000,0.000,254108,344900,251132,4789,3.88,61.95
2026-06-30 20:01:44,116164.656250,A0DB8AF16E20,mous,male,C57BL/6,1.1.1,Free_feeding,0,PelletDrop,298,1,0,1,0,0,,,,,,,,,,,,,,,,,,,,
2026-06-30 20:01:57,116178.085938,A0DB8AF16E20,mous,male,C57BL/6,1.1.1,Free_feeding,0,PelletTaken,298,1,0,1,0,0,13.095,4.000,0,1,,,,,,,,,,,,,,,,
2026-06-30 20:02:04,116185.046875,A0DB8AF16E20,mous,male,C57BL/6,1.1.1,Free_feeding,0,PelletDrop,299,1,0,1,0,0,,,,,,,,,,,,,,,,,,,,
2026-06-30 20:02:18,116198.914062,A0DB8AF16E20,mous,male,C57BL/6,1.1.1,Free_feeding,0,PelletTaken,299,1,0,1,0,0,13.524,4.000,0,1,,,,,,,,,,,,,,,,
2026-06-30 20:02:25,116205.875000,A0DB8AF16E20,mous,male,C57BL/6,1.1.1,Free_feeding,0,PelletDrop,300,1,0,1,0,0,,,,,,,,,,,,,,,,,,,,
2026-06-30 20:02:45,116226.203125,A0DB8AF16E20,mous,male,C57BL/6,1.1.1,Free_feeding,0,PelletTaken,300,1,0,1,0,0,TimedOut,4.000,0,1,,,,,,,,,,,,,,,,
2026-06-30 20:06:08,116428.695312,A0DB8AF16E20,mous,male,C57BL/6,1.1.1,Free_feeding,0,Status,300,1,0,1,0,0,,,,,Disabled,25.9,39.8,1000.5,9.8,0.000,0.000,254108,344900,251132,4815,3.88,61.81
2026-06-30 20:11:11,116732.140625,A0DB8AF16E20,mous,male,C57BL/6,1.1.1,Free_feeding,0,PelletDrop,301,1,0,1,0,0,,,,,,,,,,,,,,,,,,,,
2026-06-30 20:11:20,116740.796875,A0DB8AF16E20,mous,male,C57BL/6,1.1.1,Free_feeding,0,PelletTaken,301,1,0,1,0,0,8.321,4.000,0,1,,,,,,,,,,,,,,,,
2026-06-30 20:11:27,116747.757812,A0DB8AF16E20,mous,male,C57BL/6,1.1.1,Free_feeding,0,PelletDrop,302,1,0,1,0,0,,,,,,,,,,,,,,,,,,,,
2026-06-30 20:11:38,116758.734375,A0DB8AF16E20,mous,male,C57BL/6,1.1.1,Free_feeding,0,PelletTaken,302,1,0,1,0,0,10.631,4.000,0,1,,,,,,,,,,,,,,,,
2026-06-30 20:11:45,116765.695312,A0DB8AF16E20,mous,male,C57BL/6,1.1.1,Free_feeding,0,PelletDrop,303,1,0,1,0,0,,,,,,,,,,,,,,,,,,,,
2026-06-30 20:12:05,116786.015625,A0DB8AF16E20,mous,male,C57BL/6,1.1.1,Free_feeding,0,PelletTaken,303,1,0,1,0,0,TimedOut,4.000,0,1,,,,,,,,,,,,,,,,
2026-06-30 20:15:29,116990.218750,A0DB8AF16E20,mous,male,C57BL/6,1.1.1,Free_feeding,0,PelletDrop,304,1,0,1,0,0,,,,,,,,,,,,,,,,,,,,
2026-06-30 20:15:49,117010.554688,A0DB8AF16E20,mous,male,C57BL/6,1.1.1,Free_feeding,0,PelletTaken,304,1,0,1,0,0,TimedOut,4.000,0,2,,,,,,,,,,,,,,,,
2026-06-30 20:16:21,117042.398438,A0DB8AF16E20,mous,male,C57BL/6,1.1.1,Free_feeding,0,Status,304,1,0,1,0,0,,,,,Disabled,25.9,39.8,1000.5,9.9,0.000,0.000,254108,344900,251132,4841,3.87,61.66
2026-06-30 20:26:34,117654.937500,A0DB8AF16E20,mous,male,C57BL/6,1.1.1,Free_feeding,0,Status,304,1,0,1,0,0,,,,,Disabled,25.9,39.6,1000.5,9.8,0.000,0.000,254108,344900,251132,4866,3.88,61.52
2026-06-30 20:29:35,117836.328125,A0DB8AF16E20,mous,male,C57BL/6,1.1.1,Free_feeding,0,PelletDrop,305,1,0,1,0,0,,,,,,,,,,,,,,,,,,,,
2026-06-30 20:29:43,117844.523438,A0DB8AF16E20,mous,male,C57BL/6,1.1.1,Free_feeding,0,PelletTaken,305,1,0,1,0,0,7.859,4.000,0,1,,,,,,,,,,,,,,,,
2026-06-30 20:29:50,117851.484375,A0DB8AF16E20,mous,male,C57BL/6,1.1.1,Free_feeding,0,PelletDrop,306,1,0,1,0,0,,,,,,,,,,,,,,,,,,,,
2026-06-30 20:29:57,117858.875000,A0DB8AF16E20,mous,male,C57BL/6,1.1.1,Free_feeding,0,PelletTaken,306,1,0,1,0,0,7.045,4.000,0,1,,,,,,,,,,,,,,,,
2026-06-30 20:30:04,117865.835938,A0DB8AF16E20,mous,male,C57BL/6,1.1.1,Free_feeding,0,PelletDrop,307,1,0,1,0,0,,,,,,,,,,,,,,,,,,,,
2026-06-30 20:30:25,117886.164062,A0DB8AF16E20,mous,male,C57BL/6,1.1.1,Free_feeding,0,PelletTaken,307,1,0,1,0,0,TimedOut,4.000,0,1,,,,,,,,,,,,,,,,
2026-06-30 20:36:38,118259.296875,A0DB8AF16E20,mous,male,C57BL/6,1.1.1,Free_feeding,0,Status,307,1,0,1,0,0,,,,,Disabled,25.9,39.8,1000.5,9.9,0.000,0.000,254108,344900,251132,4892,3.87,61.38
2026-06-30 20:45:12,118773.820312,A0DB8AF16E20,mous,male,C57BL/6,1.1.1,Free_feeding,0,PelletDrop,308,1,0,1,0,0,,,,,,,,,,,,,,,,,,,,
2026-06-30 20:45:32,118793.648438,A0DB8AF16E20,mous,male,C57BL/6,1.1.1,Free_feeding,0,PelletTaken,308,1,0,1,0,0,19.497,4.000,0,1,,,,,,,,,,,,,,,,
2026-06-30 20:45:39,118800.609375,A0DB8AF16E20,mous,male,C57BL/6,1.1.1,Free_feeding,0,PelletDrop,309,1,0,1,0,0,,,,,,,,,,,,,,,,,,,,
2026-06-30 20:45:59,118820.953125,A0DB8AF16E20,mous,male,C57BL/6,1.1.1,Free_feeding,0,PelletTaken,309,1,0,1,0,0,TimedOut,4.000,0,1,,,,,,,,,,,,,,,,
2026-06-30 20:46:55,118877.179688,A0DB8AF16E20,mous,male,C57BL/6,1.1.1,Free_feeding,0,Status,309,1,0,1,0,0,,,,,Disabled,25.9,39.7,1000.5,9.8,0.000,0.000,254108,344900,251132,4917,3.87,61.06
2026-06-30 20:49:59,119060.640625,A0DB8AF16E20,mous,male,C57BL/6,1.1.1,Free_feeding,0,PelletDrop,310,1,0,1,0,0,,,,,,,,,,,,,,,,,,,,
2026-06-30 20:50:09,119071.437500,A0DB8AF16E20,mous,male,C57BL/6,1.1.1,Free_feeding,0,PelletTaken,310,1,0,1,0,0,10.466,4.000,0,1,,,,,,,,,,,,,,,,
2026-06-30 20:50:16,119078.406250,A0DB8AF16E20,mous,male,C57BL/6,1.1.1,Free_feeding,0,PelletDrop,311,1,0,1,0,0,,,,,,,,,,,,,,,,,,,,
2026-06-30 20:50:24,119085.687500,A0DB8AF16E20,mous,male,C57BL/6,1.1.1,Free_feeding,0,PelletTaken,311,1,0,1,0,0,6.946,4.000,0,1,,,,,,,,,,,,,,,,
2026-06-30 20:50:31,119092.648438,A0DB8AF16E20,mous,male,C57BL/6,1.1.1,Free_feeding,0,PelletDrop,312,1,0,1,0,0,,,,,,,,,,,,,,,,,,,,
2026-06-30 20:50:51,119112.984375,A0DB8AF16E20,mous,male,C57BL/6,1.1.1,Free_feeding,0,PelletTaken,312,1,0,1,0,0,TimedOut,4.000,0,1,,,,,,,,,,,,,,,,
2026-06-30 20:56:46,119468.382812,A0DB8AF16E20,mous,male,C57BL/6,1.1.1,Free_feeding,0,PelletDrop,313,1,0,1,0,0,,,,,,,,,,,,,,,,,,,,
2026-06-30 20:57:07,119488.710938,A0DB8AF16E20,mous,male,C57BL/6,1.1.1,Free_feeding,0,PelletTaken,313,1,0,1,0,0,TimedOut,4.000,0,1,,,,,,,,,,,,,,,,
2026-06-30 20:57:14,119496.179688,A0DB8AF16E20,mous,male,C57BL/6,1.1.1,Free_feeding,0,Status,313,1,0,1,0,0,,,,,Disabled,25.9,39.8,1000.6,9.8,0.000,0.000,254108,344900,251132,4944,3.87,61.06
2026-06-30 21:03:56,119898.171875,A0DB8AF16E20,mous,male,C57BL/6,1.1.1,Free_feeding,0,PelletDrop,314,1,0,1,0,0,,,,,,,,,,,,,,,,,,,,
2026-06-30 21:04:16,119918.492188,A0DB8AF16E20,mous,male,C57BL/6,1.1.1,Free_feeding,0,PelletTaken,314,1,0,1,0,0,TimedOut,4.000,0,1,,,,,,,,,,,,,,,,
2026-06-30 21:06:06,120028.640625,A0DB8AF16E20,mous,male,C57BL/6,1.1.1,Free_feeding,0,PelletDrop,315,1,0,1,0,0,,,,,,,,,,,,,,,,,,,,
2026-06-30 21:06:25,120047.820312,A0DB8AF16E20,mous,male,C57BL/6,1.1.1,Free_feeding,0,PelletTaken,315,1,0,1,0,0,18.837,4.000,0,1,,,,,,,,,,,,,,,,
2026-06-30 21:06:32,120054.781250,A0DB8AF16E20,mous,male,C57BL/6,1.1.1,Free_feeding,0,PelletDrop,316,1,0,1,0,0,,,,,,,,,,,,,,,,,,,,
2026-06-30 21:06:43,120065.554688,A0DB8AF16E20,mous,male,C57BL/6,1.1.1,Free_feeding,0,PelletTaken,316,1,0,1,0,0,10.433,4.000,0,1,,,,,,,,,,,,,,,,
2026-06-30 21:06:50,120072.515625,A0DB8AF16E20,mous,male,C57BL/6,1.1.1,Free_feeding,0,PelletDrop,317,1,0,1,0,0,,,,,,,,,,,,,,,,,,,,
2026-06-30 21:07:10,120092.851562,A0DB8AF16E20,mous,male,C57BL/6,1.1.1,Free_feeding,0,PelletTaken,317,1,0,1,0,0,TimedOut,4.000,0,1,,,,,,,,,,,,,,,,
2026-06-30 21:07:18,120100.320312,A0DB8AF16E20,mous,male,C57BL/6,1.1.1,Free_feeding,0,Status,317,1,0,1,0,0,,,,,Disabled,26.0,39.8,1000.6,9.9,0.000,0.000,254108,344900,251132,4970,3.87,60.74
2026-06-30 21:16:35,120658.078125,A0DB8AF16E20,mous,male,C57BL/6,1.1.1,Free_feeding,0,PelletDrop,318,1,0,1,0,0,,,,,,,,,,,,,,,,,,,,
2026-06-30 21:16:41,120663.734375,A0DB8AF16E20,mous,male,C57BL/6,1.1.1,Free_feeding,0,PelletTaken,318,1,0,1,0,0,5.307,4.000,0,1,,,,,,,,,,,,,,,,
2026-06-30 21:16:48,120670.695312,A0DB8AF16E20,mous,male,C57BL/6,1.1.1,Free_feeding,0,PelletDrop,319,1,0,1,0,0,,,,,,,,,,,,,,,,,,,,
2026-06-30 21:17:08,120691.015625,A0DB8AF16E20,mous,male,C57BL/6,1.1.1,Free_feeding,0,PelletTaken,319,1,0,1,0,0,TimedOut,4.000,0,1,,,,,,,,,,,,,,,,
2026-06-30 21:17:40,120722.867188,A0DB8AF16E20,mous,male,C57BL/6,1.1.1,Free_feeding,0,Status,319,1,0,1,0,0,,,,,Disabled,26.0,39.8,1000.7,9.8,0.000,0.000,254108,344900,251132,4996,3.87,60.43
2026-06-30 21:19:19,120821.710938,A0DB8AF16E20,mous,male,C57BL/6,1.1.1,Free_feeding,0,PelletDrop,320,1,0,1,0,0,,,,,,,,,,,,,,,,,,,,
2026-06-30 21:19:29,120832.007812,A0DB8AF16E20,mous,male,C57BL/6,1.1.1,Free_feeding,0,PelletTaken,320,1,0,1,0,0,9.959,4.000,0,1,,,,,,,,,,,,,,,,
2026-06-30 21:19:36,120838.984375,A0DB8AF16E20,mous,male,C57BL/6,1.1.1,Free_feeding,0,PelletDrop,321,1,0,1,0,0,,,,,,,,,,,,,,,,,,,,
2026-06-30 21:19:57,120859.320312,A0DB8AF16E20,mous,male,C57BL/6,1.1.1,Free_feeding,0,PelletTaken,321,1,0,1,0,0,TimedOut,4.000,0,1,,,,,,,,,,,,,,,,
2026-06-30 21:27:47,121329.968750,A0DB8AF16E20,mous,male,C57BL/6,1.1.1,Free_feeding,0,Status,321,1,0,1,0,0,,,,,Disabled,26.0,39.8,1000.8,9.9,0.000,0.000,254108,344900,251132,5021,3.87,60.11
2026-06-30 21:28:11,121353.648438,A0DB8AF16E20,mous,male,C57BL/6,1.1.1,Free_feeding,0,PelletDrop,322,1,0,1,0,0,,,,,,,,,,,,,,,,,,,,
2026-06-30 21:28:13,121355.695312,A0DB8AF16E20,mous,male,C57BL/6,1.1.1,Free_feeding,0,PelletTaken,322,1,0,1,0,0,1.710,3.000,0,1,,,,,,,,,,,,,,,,
2026-06-30 21:28:20,121362.671875,A0DB8AF16E20,mous,male,C57BL/6,1.1.1,Free_feeding,0,PelletDrop,323,1,0,1,0,0,,,,,,,,,,,,,,,,,,,,
2026-06-30 21:28:22,121364.484375,A0DB8AF16E20,mous,male,C57BL/6,1.1.1,Free_feeding,0,PelletTaken,323,1,0,1,0,0,1.479,3.000,0,1,,,,,,,,,,,,,,,,
2026-06-30 21:28:29,121371.445312,A0DB8AF16E20,mous,male,C57BL/6,1.1.1,Free_feeding,0,PelletDrop,324,1,0,1,0,0,,,,,,,,,,,,,,,,,,,,
2026-06-30 21:28:49,121391.781250,A0DB8AF16E20,mous,male,C57BL/6,1.1.1,Free_feeding,0,PelletTaken,324,1,0,1,0,0,TimedOut,3.000,0,1,,,,,,,,,,,,,,,,
2026-06-30 21:37:52,121935.554688,A0DB8AF16E20,mous,male,C57BL/6,1.1.1,Free_feeding,0,Status,324,1,0,1,0,0,,,,,Disabled,26.0,39.7,1000.8,9.9,0.000,0.000,254108,344900,251132,5047,3.87,59.79
2026-06-30 21:44:25,122328.187500,A0DB8AF16E20,mous,male,C57BL/6,1.1.1,Free_feeding,0,PelletDrop,325,1,0,1,0,0,,,,,,,,,,,,,,,,,,,,
2026-06-30 21:44:39,122342.335938,A0DB8AF16E20,mous,male,C57BL/6,1.1.1,Free_feeding,0,PelletTaken,325,1,0,1,0,0,13.821,3.000,0,1,,,,,,,,,,,,,,,,
2026-06-30 21:44:46,122349.312500,A0DB8AF16E20,mous,male,C57BL/6,1.1.1,Free_feeding,0,PelletDrop,326,1,0,1,0,0,,,,,,,,,,,,,,,,,,,,
2026-06-30 21:44:51,122354.679688,A0DB8AF16E20,mous,male,C57BL/6,1.1.1,Free_feeding,0,PelletTaken,326,1,0,1,0,0,5.032,3.000,0,1,,,,,,,,,,,,,,,,
2026-06-30 21:48:14,122557.171875,A0DB8AF16E20,mous,male,C57BL/6,1.1.1,Free_feeding,0,Status,326,1,0,1,0,0,,,,,Disabled,26.0,39.7,1000.9,9.9,0.000,0.000,254108,344900,251132,5073,3.86,59.48
2026-06-30 21:50:06,122669.187500,A0DB8AF16E20,mous,male,C57BL/6,1.1.1,Free_feeding,0,PelletDrop,327,1,0,1,0,0,,,,,,,,,,,,,,,,,,,,
2026-06-30 21:50:12,122675.773438,A0DB8AF16E20,mous,male,C57BL/6,1.1.1,Free_feeding,0,PelletTaken,327,1,0,1,0,0,6.253,3.000,0,1,,,,,,,,,,,,,,,,
2026-06-30 21:50:19,122682.734375,A0DB8AF16E20,mous,male,C57BL/6,1.1.1,Free_feeding,0,PelletDrop,328,1,0,1,0,0,,,,,,,,,,,,,,,,,,,,
2026-06-30 21:50:26,122689.898438,A0DB8AF16E20,mous,male,C57BL/6,1.1.1,Free_feeding,0,PelletTaken,328,1,0,1,0,0,6.826,3.000,0,1,,,,,,,,,,,,,,,,
2026-06-30 21:50:33,122696.867188,A0DB8AF16E20,mous,male,C57BL/6,1.1.1,Free_feeding,0,PelletDrop,329,1,0,1,0,0,,,,,,,,,,,,,,,,,,,,
2026-06-30 21:50:41,122704.898438,A0DB8AF16E20,mous,male,C57BL/6,1.1.1,Free_feeding,0,PelletTaken,329,1,0,1,0,0,7.694,3.000,0,1,,,,,,,,,,,,,,,,
2026-06-30 21:50:48,122711.859375,A0DB8AF16E20,mous,male,C57BL/6,1.1.1,Free_feeding,0,PelletDrop,330,1,0,1,0,0,,,,,,,,,,,,,,,,,,,,
2026-06-30 21:51:09,122732.195312,A0DB8AF16E20,mous,male,C57BL/6,1.1.1,Free_feeding,0,PelletTaken,330,1,0,1,0,0,TimedOut,3.000,0,1,,,,,,,,,,,,,,,,
2026-06-30 21:58:35,123178.460938,A0DB8AF16E20,mous,male,C57BL/6,1.1.1,Free_feeding,0,Status,330,1,0,1,0,0,,,,,Disabled,26.0,39.7,1000.9,9.8,0.000,0.000,254108,344900,251132,5100,3.86,59.16
2026-06-30 22:02:10,123393.601562,A0DB8AF16E20,mous,male,C57BL/6,1.1.1,Free_feeding,0,PelletDrop,331,1,0,1,0,0,,,,,,,,,,,,,,,,,,,,
2026-06-30 22:02:30,123413.929688,A0DB8AF16E20,mous,male,C57BL/6,1.1.1,Free_feeding,0,PelletTaken,331,1,0,1,0,0,TimedOut,3.000,0,1,,,,,,,,,,,,,,,,
2026-06-30 22:08:39,123783.281250,A0DB8AF16E20,mous,male,C57BL/6,1.1.1,Free_feeding,0,Status,331,1,0,1,0,0,,,,,Disabled,26.0,39.6,1001.0,9.9,0.000,0.000,254108,344900,251132,5125,3.86,58.53
2026-06-30 22:09:23,123827.265625,A0DB8AF16E20,mous,male,C57BL/6,1.1.1,Free_feeding,0,PelletDrop,332,1,0,1,0,0,,,,,,,,,,,,,,,,,,,,
2026-06-30 22:09:44,123847.593750,A0DB8AF16E20,mous,male,C57BL/6,1.1.1,Free_feeding,0,PelletTaken,332,1,0,1,0,0,TimedOut,4.000,0,1,,,,,,,,,,,,,,,,
2026-06-30 22:09:59,123863.367188,A0DB8AF16E20,mous,male,C57BL/6,1.1.1,Free_feeding,0,PelletDrop,333,1,0,1,0,0,,,,,,,,,,,,,,,,,,,,
2026-06-30 22:10:07,123871.304688,A0DB8AF16E20,mous,male,C57BL/6,1.1.1,Free_feeding,0,PelletTaken,333,1,0,1,0,0,7.606,4.000,0,1,,,,,,,,,,,,,,,,
2026-06-30 22:10:14,123878.265625,A0DB8AF16E20,mous,male,C57BL/6,1.1.1,Free_feeding,0,PelletDrop,334,1,0,1,0,0,,,,,,,,,,,,,,,,,,,,
2026-06-30 22:10:19,123882.773438,A0DB8AF16E20,mous,male,C57BL/6,1.1.1,Free_feeding,0,PelletTaken,334,1,0,1,0,0,4.174,4.000,0,1,,,,,,,,,,,,,,,,
2026-06-30 22:10:26,123889.750000,A0DB8AF16E20,mous,male,C57BL/6,1.1.1,Free_feeding,0,PelletDrop,335,1,0,1,0,0,,,,,,,,,,,,,,,,,,,,
2026-06-30 22:10:38,123902.429688,A0DB8AF16E20,mous,male,C57BL/6,1.1.1,Free_feeding,0,PelletTaken,335,1,0,1,0,0,12.347,4.000,0,1,,,,,,,,,,,,,,,,
2026-06-30 22:16:12,124235.679688,A0DB8AF16E20,mous,male,C57BL/6,1.1.1,Free_feeding,0,PelletDrop,336,1,0,1,0,0,,,,,,,,,,,,,,,,,,,,
2026-06-30 22:16:32,124256.015625,A0DB8AF16E20,mous,male,C57BL/6,1.1.1,Free_feeding,0,PelletTaken,336,1,0,1,0,0,TimedOut,4.000,0,1,,,,,,,,,,,,,,,,
2026-06-30 22:18:41,124385.375000,A0DB8AF16E20,mous,male,C57BL/6,1.1.1,Free_feeding,0,Status,336,1,0,1,0,0,,,,,Disabled,26.0,39.6,1001.0,9.9,0.000,0.000,254108,344900,251132,5152,3.86,58.21
2026-06-30 22:28:53,124997.914062,A0DB8AF16E20,mous,male,C57BL/6,1.1.1,Free_feeding,0,Status,336,1,0,1,0,0,,,,,Disabled,26.0,39.6,1001.0,9.9,0.000,0.000,254108,344900,251132,5177,3.86,57.89
2026-06-30 22:34:26,125330.593750,A0DB8AF16E20,mous,male,C57BL/6,1.1.1,Free_feeding,0,PelletDrop,337,1,0,1,0,0,,,,,,,,,,,,,,,,,,,,
2026-06-30 22:34:46,125350.921875,A0DB8AF16E20,mous,male,C57BL/6,1.1.1,Free_feeding,0,PelletTaken,337,1,0,1,0,0,TimedOut,4.000,0,1,,,,,,,,,,,,,,,,
2026-06-30 22:34:58,125362.617188,A0DB8AF16E20,mous,male,C57BL/6,1.1.1,Free_feeding,0,PelletDrop,338,1,0,1,0,0,,,,,,,,,,,,,,,,,,,,
2026-06-30 22:35:18,125382.937500,A0DB8AF16E20,mous,male,C57BL/6,1.1.1,Free_feeding,0,PelletTaken,338,1,0,1,0,0,TimedOut,4.000,0,1,,,,,,,,,,,,,,,,
2026-06-30 22:39:05,125609.843750,A0DB8AF16E20,mous,male,C57BL/6,1.1.1,Free_feeding,0,Status,338,1,0,1,0,0,,,,,Disabled,26.1,39.5,1001.0,9.8,0.000,0.000,254108,344900,251132,5203,3.85,57.58
2026-06-30 22:43:03,125848.148438,A0DB8AF16E20,mous,male,C57BL/6,1.1.1,Free_feeding,0,PelletDrop,339,1,0,1,0,0,,,,,,,,,,,,,,,,,,,,
2026-06-30 22:43:11,125856.078125,A0DB8AF16E20,mous,male,C57BL/6,1.1.1,Free_feeding,0,PelletTaken,339,1,0,1,0,0,7.595,4.000,0,1,,,,,,,,,,,,,,,,
2026-06-30 22:43:18,125863.054688,A0DB8AF16E20,mous,male,C57BL/6,1.1.1,Free_feeding,0,PelletDrop,340,1,0,1,0,0,,,,,,,,,,,,,,,,,,,,
2026-06-30 22:43:39,125883.382812,A0DB8AF16E20,mous,male,C57BL/6,1.1.1,Free_feeding,0,PelletTaken,340,1,0,1,0,0,TimedOut,4.000,0,1,,,,,,,,,,,,,,,,
2026-06-30 22:49:27,126232.132812,A0DB8AF16E20,mous,male,C57BL/6,1.1.1,Free_feeding,0,Status,340,1,0,1,0,0,,,,,Disabled,26.1,39.4,1001.0,9.8,0.000,0.000,254108,344900,251132,5229,3.85,57.26
2026-06-30 22:59:28,126832.914062,A0DB8AF16E20,mous,male,C57BL/6,1.1.1,Free_feeding,0,Status,340,1,0,1,0,0,,,,,Disabled,26.1,39.4,1001.0,9.9,0.000,0.000,254108,344900,251132,5254,3.85,56.95
2026-06-30 23:00:04,126869.195312,A0DB8AF16E20,mous,male,C57BL/6,1.1.1,Free_feeding,0,PelletDrop,341,1,0,1,0,0,,,,,,,,,,,,,,,,,,,,
2026-06-30 23:00:16,126881.007812,A0DB8AF16E20,mous,male,C57BL/6,1.1.1,Free_feeding,0,PelletTaken,341,1,0,1,0,0,11.478,4.000,0,1,,,,,,,,,,,,,,,,
2026-06-30 23:00:23,126887.968750,A0DB8AF16E20,mous,male,C57BL/6,1.1.1,Free_feeding,0,PelletDrop,342,1,0,1,0,0,,,,,,,,,,,,,,,,,,,,
2026-06-30 23:00:43,126908.304688,A0DB8AF16E20,mous,male,C57BL/6,1.1.1,Free_feeding,0,PelletTaken,342,1,0,1,0,0,TimedOut,4.000,0,1,,,,,,,,,,,,,,,,
2026-06-30 23:09:47,127452.078125,A0DB8AF16E20,mous,male,C57BL/6,1.1.1,Free_feeding,0,Status,342,1,0,1,0,0,,,,,Disabled,26.1,39.5,1001.0,9.9,0.000,0.000,254108,344900,251132,5280,3.85,56.31
2026-06-30 23:12:15,127599.960938,A0DB8AF16E20,mous,male,C57BL/6,1.1.1,Free_feeding,0,PelletDrop,343,1,0,1,0,0,,,,,,,,,,,,,,,,,,,,
2026-06-30 23:12:35,127620.296875,A0DB8AF16E20,mous,male,C57BL/6,1.1.1,Free_feeding,0,PelletTaken,343,1,0,1,0,0,TimedOut,4.000,0,2,,,,,,,,,,,,,,,,
2026-06-30 23:20:10,128075.328125,A0DB8AF16E20,mous,male,C57BL/6,1.1.1,Free_feeding,0,Status,343,1,0,1,0,0,,,,,Disabled,26.1,39.5,1001.0,9.8,0.000,0.000,254108,344900,251132,5306,3.85,56.00
2026-06-30 23:22:06,128191.968750,A0DB8AF16E20,mous,male,C57BL/6,1.1.1,Free_feeding,0,PelletDrop,344,1,0,1,0,0,,,,,,,,,,,,,,,,,,,,
2026-06-30 23:22:16,128201.757812,A0DB8AF16E20,mous,male,C57BL/6,1.1.1,Free_feeding,0,PelletTaken,344,1,0,1,0,0,9.454,4.000,0,1,,,,,,,,,,,,,,,,
2026-06-30 23:22:23,128208.687500,A0DB8AF16E20,mous,male,C57BL/6,1.1.1,Free_feeding,0,PelletDrop,345,1,0,1,0,0,,,,,,,,,,,,,,,,,,,,
2026-06-30 23:22:43,128229.007812,A0DB8AF16E20,mous,male,C57BL/6,1.1.1,Free_feeding,0,PelletTaken,345,1,0,1,0,0,TimedOut,4.000,0,1,,,,,,,,,,,,,,,,
2026-06-30 23:25:12,128377.406250,A0DB8AF16E20,mous,male,C57BL/6,1.1.1,Free_feeding,0,PelletDrop,346,1,0,1,0,0,,,,,,,,,,,,,,,,,,,,
2026-06-30 23:25:32,128397.742188,A0DB8AF16E20,mous,male,C57BL/6,1.1.1,Free_feeding,0,PelletTaken,346,1,0,1,0,0,TimedOut,4.000,0,0,,,,,,,,,,,,,,,,
2026-06-30 23:25:44,128410.070312,A0DB8AF16E20,mous,male,C57BL/6,1.1.1,Free_feeding,0,PelletDrop,347,1,0,1,0,0,,,,,,,,,,,,,,,,,,,,
2026-06-30 23:26:05,128430.398438,A0DB8AF16E20,mous,male,C57BL/6,1.1.1,Free_feeding,0,PelletTaken,347,1,0,1,0,0,TimedOut,4.000,0,1,,,,,,,,,,,,,,,,
2026-06-30 23:30:16,128681.648438,A0DB8AF16E20,mous,male,C57BL/6,1.1.1,Free_feeding,0,Status,347,1,0,1,0,0,,,,,Disabled,26.1,39.5,1001.0,9.8,0.000,0.000,254108,344900,251132,5332,3.85,55.68
2026-06-30 23:31:48,128773.976562,A0DB8AF16E20,mous,male,C57BL/6,1.1.1,Free_feeding,0,PelletDrop,348,1,0,1,0,0,,,,,,,,,,,,,,,,,,,,
2026-06-30 23:32:08,128794.304688,A0DB8AF16E20,mous,male,C57BL/6,1.1.1,Free_feeding,0,PelletTaken,348,1,0,1,0,0,TimedOut,4.000,0,1,,,,,,,,,,,,,,,,
2026-06-30 23:35:00,128966.109375,A0DB8AF16E20,mous,male,C57BL/6,1.1.1,Free_feeding,0,PelletDrop,349,1,0,1,0,0,,,,,,,,,,,,,,,,,,,,
2026-06-30 23:35:07,128972.875000,A0DB8AF16E20,mous,male,C57BL/6,1.1.1,Free_feeding,0,PelletTaken,349,1,0,1,0,0,6.419,4.000,0,1,,,,,,,,,,,,,,,,
2026-06-30 23:35:14,128979.835938,A0DB8AF16E20,mous,male,C57BL/6,1.1.1,Free_feeding,0,PelletDrop,350,1,0,1,0,0,,,,,,,,,,,,,,,,,,,,
2026-06-30 23:35:34,129000.156250,A0DB8AF16E20,mous,male,C57BL/6,1.1.1,Free_feeding,0,PelletTaken,350,1,0,1,0,0,TimedOut,4.000,0,1,,,,,,,,,,,,,,,,
2026-06-30 23:37:34,129120.492188,A0DB8AF16E20,mous,male,C57BL/6,1.1.1,Free_feeding,0,CenterWithPellet,350,1,0,2,0,0,,,,,,,,,,,,,,,,,,,,
2026-06-30 23:40:27,129293.437500,A0DB8AF16E20,mous,male,C57BL/6,1.1.1,Free_feeding,0,Status,350,1,0,2,0,0,,,,,Disabled,26.1,39.9,1001.0,9.7,0.000,0.000,254108,344900,251132,5359,3.85,55.36
2026-06-30 23:40:30,129296.023438,A0DB8AF16E20,mous,male,C57BL/6,1.1.1,Free_feeding,0,PelletDrop,351,1,0,2,0,0,,,,,,,,,,,,,,,,,,,,
2026-06-30 23:40:33,129298.945312,A0DB8AF16E20,mous,male,C57BL/6,1.1.1,Free_feeding,0,PelletTaken,351,1,0,2,0,0,2.590,4.000,0,1,,,,,,,,,,,,,,,,
2026-06-30 23:40:40,129305.921875,A0DB8AF16E20,mous,male,C57BL/6,1.1.1,Free_feeding,0,PelletDrop,352,1,0,2,0,0,,,,,,,,,,,,,,,,,,,,
2026-06-30 23:41:00,129326.242188,A0DB8AF16E20,mous,male,C57BL/6,1.1.1,Free_feeding,0,PelletTaken,352,1,0,2,0,0,TimedOut,4.000,0,1,,,,,,,,,,,,,,,,
2026-06-30 23:50:28,129894.398438,A0DB8AF16E20,mous,male,C57BL/6,1.1.1,Free_feeding,0,Status,352,1,0,2,0,0,,,,,Disabled,26.1,39.4,1001.0,9.7,0.000,0.000,254108,344900,251132,5384,3.84,54.73
2026-06-30 23:53:28,130074.312500,A0DB8AF16E20,mous,male,C57BL/6,1.1.1,Free_feeding,0,PelletDrop,353,1,0,2,0,0,,,,,,,,,,,,,,,,,,,,
2026-06-30 23:53:48,130094.640625,A0DB8AF16E20,mous,male,C57BL/6,1.1.1,Free_feeding,0,PelletTaken,353,1,0,2,0,0,TimedOut,4.000,0,1,,,,,,,,,,,,,,,,
2026-06-30 23:54:04,130110.984375,A0DB8AF16E20,mous,male,C57BL/6,1.1.1,Free_feeding,0,PelletDrop,354,1,0,2,0,0,,,,,,,,,,,,,,,,,,,,
2026-06-30 23:54:15,130121.765625,A0DB8AF16E20,mous,male,C57BL/6,1.1.1,Free_feeding,0,PelletTaken,354,1,0,2,0,0,10.444,4.000,0,1,,,,,,,,,,,,,,,,
2026-06-30 23:54:22,130128.734375,A0DB8AF16E20,mous,male,C57BL/6,1.1.1,Free_feeding,0,PelletDrop,355,1,0,2,0,0,,,,,,,,,,,,,,,,,,,,
2026-06-30 23:54:43,130149.062500,A0DB8AF16E20,mous,male,C57BL/6,1.1.1,Free_feeding,0,PelletTaken,355,1,0,2,0,0,TimedOut,4.000,0,1,,,,,,,,,,,,,,,,
2026-07-01 00:00:31,130497.843750,A0DB8AF16E20,mous,male,C57BL/6,1.1.1,Free_feeding,0,Status,355,1,0,2,0,0,,,,,Disabled,26.2,39.4,1001.0,9.8,0.000,0.000,254108,344900,251132,5410,3.84,54.41
2026-07-01 00:10:16,131083.078125,A0DB8AF16E20,mous,male,C57BL/6,1.1.1,Free_feeding,0,PelletDrop,356,1,0,2,0,0,,,,,,,,,,,,,,,,,,,,
2026-07-01 00:10:37,131103.406250,A0DB8AF16E20,mous,male,C57BL/6,1.1.1,Free_feeding,0,PelletTaken,356,1,0,2,0,0,TimedOut,4.000,0,1,,,,,,,,,,,,,,,,
2026-07-01 00:10:44,131110.875000,A0DB8AF16E20,mous,male,C57BL/6,1.1.1,Free_feeding,0,Status,356,1,0,2,0,0,,,,,Disabled,26.2,39.3,1001.1,9.7,0.000,0.000,254108,344900,251132,5435,3.84,54.10
2026-07-01 00:20:56,131723.406250,A0DB8AF16E20,mous,male,C57BL/6,1.1.1,Free_feeding,0,Status,356,1,0,2,0,0,,,,,Disabled,26.1,39.6,1001.2,9.7,0.000,0.000,254108,344900,251132,5460,3.84,53.78
2026-07-01 00:21:32,131758.906250,A0DB8AF16E20,mous,male,C57BL/6,1.1.1,Free_feeding,0,PelletDrop,357,1,0,2,0,0,,,,,,,,,,,,,,,,,,,,
2026-07-01 00:21:52,131779.218750,A0DB8AF16E20,mous,male,C57BL/6,1.1.1,Free_feeding,0,PelletTaken,357,1,0,2,0,0,TimedOut,4.000,0,1,,,,,,,,,,,,,,,,
2026-07-01 00:31:20,132347.375000,A0DB8AF16E20,mous,male,C57BL/6,1.1.1,Free_feeding,0,Status,357,1,0,2,0,0,,,,,Disabled,26.2,39.2,1001.2,9.7,0.000,0.000,254108,344900,251132,5486,3.84,53.46
2026-07-01 00:41:32,132959.921875,A0DB8AF16E20,mous,male,C57BL/6,1.1.1,Free_feeding,0,Status,357,1,0,2,0,0,,,,,Disabled,26.1,39.2,1001.3,9.7,0.000,0.000,254108,344900,251132,5511,3.83,52.70
2026-07-01 00:51:45,133572.468750,A0DB8AF16E20,mous,male,C57BL/6,1.1.1,Free_feeding,0,Status,357,1,0,2,0,0,,,,,Disabled,26.1,39.2,1001.3,9.8,0.000,0.000,254108,344900,251132,5536,3.84,52.31
2026-07-01 01:01:57,134185.000000,A0DB8AF16E20,mous,male,C57BL/6,1.1.1,Free_feeding,0,Status,357,1,0,2,0,0,,,,,Disabled,26.1,39.2,1001.3,9.8,0.000,0.000,254108,344900,251132,5561,3.84,51.93
2026-07-01 01:12:09,134797.546875,A0DB8AF16E20,mous,male,C57BL/6,1.1.1,Free_feeding,0,Status,357,1,0,2,0,0,,,,,Disabled,26.1,39.1,1001.4,9.9,0.000,0.000,254108,344900,251132,5586,3.83,51.55
2026-07-01 01:22:22,135410.093750,A0DB8AF16E20,mous,male,C57BL/6,1.1.1,Free_feeding,0,Status,357,1,0,2,0,0,,,,,Disabled,26.0,39.1,1001.4,9.9,0.000,0.000,254108,344900,251132,5611,3.83,51.16
2026-07-01 01:32:34,136022.640625,A0DB8AF16E20,mous,male,C57BL/6,1.1.1,Free_feeding,0,Status,357,1,0,2,0,0,,,,,Disabled,26.0,39.1,1001.5,9.9,0.000,0.000,254108,344900,251132,5636,3.83,50.78
2026-07-01 01:42:46,136635.187500,A0DB8AF16E20,mous,male,C57BL/6,1.1.1,Free_feeding,0,Status,357,1,0,2,0,0,,,,,Disabled,26.0,39.0,1001.5,9.9,0.000,0.000,254108,344900,251132,5661,3.82,50.01
2026-07-01 01:52:58,137247.718750,A0DB8AF16E20,mous,male,C57BL/6,1.1.1,Free_feeding,0,Status,357,1,0,2,0,0,,,,,Disabled,26.0,39.0,1001.6,9.9,0.000,0.000,254108,344900,251132,5686,3.82,49.62
2026-07-01 01:58:54,137603.593750,A0DB8AF16E20,mous,male,C57BL/6,1.1.1,Free_feeding,0,PelletDrop,358,1,0,2,0,0,,,,,,,,,,,,,,,,,,,,
2026-07-01 01:59:14,137623.921875,A0DB8AF16E20,mous,male,C57BL/6,1.1.1,Free_feeding,0,PelletTaken,358,1,0,2,0,0,TimedOut,4.000,0,1,,,,,,,,,,,,,,,,
2026-07-01 01:59:21,137630.875000,A0DB8AF16E20,mous,male,C57BL/6,1.1.1,Free_feeding,0,PelletDrop,359,1,0,2,0,0,,,,,,,,,,,,,,,,,,,,
2026-07-01 01:59:38,137647.390625,A0DB8AF16E20,mous,male,C57BL/6,1.1.1,Free_feeding,0,PelletTaken,359,1,0,2,0,0,16.163,4.000,0,1,,,,,,,,,,,,,,,,
2026-07-01 01:59:45,137654.343750,A0DB8AF16E20,mous,male,C57BL/6,1.1.1,Free_feeding,0,PelletDrop,360,1,0,2,0,0,,,,,,,,,,,,,,,,,,,,
2026-07-01 02:00:03,137672.093750,A0DB8AF16E20,mous,male,C57BL/6,1.1.1,Free_feeding,0,PelletTaken,360,1,0,2,0,0,17.418,4.000,0,1,,,,,,,,,,,,,,,,
2026-07-01 02:00:10,137679.062500,A0DB8AF16E20,mous,male,C57BL/6,1.1.1,Free_feeding,0,PelletDrop,361,1,0,2,0,0,,,,,,,,,,,,,,,,,,,,
2026-07-01 02:00:24,137693.828125,A0DB8AF16E20,mous,male,C57BL/6,1.1.1,Free_feeding,0,PelletTaken,361,1,0,2,0,0,14.426,4.000,0,1,,,,,,,,,,,,,,,,
2026-07-01 02:00:31,137700.796875,A0DB8AF16E20,mous,male,C57BL/6,1.1.1,Free_feeding,0,PelletDrop,362,1,0,2,0,0,,,,,,,,,,,,,,,,,,,,
2026-07-01 02:00:46,137715.718750,A0DB8AF16E20,mous,male,C57BL/6,1.1.1,Free_feeding,0,PelletTaken,362,1,0,2,0,0,14.592,4.000,0,1,,,,,,,,,,,,,,,,
2026-07-01 02:00:53,137722.671875,A0DB8AF16E20,mous,male,C57BL/6,1.1.1,Free_feeding,0,PelletDrop,363,1,0,2,0,0,,,,,,,,,,,,,,,,,,,,
2026-07-01 02:01:14,137743.015625,A0DB8AF16E20,mous,male,C57BL/6,1.1.1,Free_feeding,0,PelletTaken,363,1,0,2,0,0,TimedOut,4.000,0,1,,,,,,,,,,,,,,,,
2026-07-01 02:02:58,137848.000000,A0DB8AF16E20,mous,male,C57BL/6,1.1.1,Free_feeding,0,Status,363,1,0,2,0,0,,,,,Disabled,26.0,38.9,1001.6,10.0,0.000,0.000,254108,344900,251132,5711,3.82,49.24
2026-07-01 02:13:11,138460.531250,A0DB8AF16E20,mous,male,C57BL/6,1.1.1,Free_feeding,0,Status,363,1,0,2,0,0,,,,,Disabled,25.9,39.0,1001.6,9.9,0.000,0.000,254108,344900,251132,5736,3.82,48.48
2026-07-01 02:17:44,138733.921875,A0DB8AF16E20,mous,male,C57BL/6,1.1.1,Free_feeding,0,PelletDrop,364,1,0,2,0,0,,,,,,,,,,,,,,,,,,,,
2026-07-01 02:18:04,138754.250000,A0DB8AF16E20,mous,male,C57BL/6,1.1.1,Free_feeding,0,PelletTaken,364,1,0,2,0,0,TimedOut,4.000,0,1,,,,,,,,,,,,,,,,
2026-07-01 02:20:38,138907.468750,A0DB8AF16E20,mous,male,C57BL/6,1.1.1,Free_feeding,0,PelletDrop,365,1,0,2,0,0,,,,,,,,,,,,,,,,,,,,
2026-07-01 02:20:58,138927.812500,A0DB8AF16E20,mous,male,C57BL/6,1.1.1,Free_feeding,0,PelletTaken,365,1,0,2,0,0,TimedOut,4.000,0,1,,,,,,,,,,,,,,,,
2026-07-01 02:23:32,139081.546875,A0DB8AF16E20,mous,male,C57BL/6,1.1.1,Free_feeding,0,Status,365,1,0,2,0,0,,,,,Disabled,26.0,39.0,1001.6,9.8,0.000,0.000,254108,344900,251132,5762,3.82,48.09
2026-07-01 02:26:38,139267.796875,A0DB8AF16E20,mous,male,C57BL/6,1.1.1,Free_feeding,0,PelletDrop,366,1,0,2,0,0,,,,,,,,,,,,,,,,,,,,
2026-07-01 02:26:48,139278.281250,A0DB8AF16E20,mous,male,C57BL/6,1.1.1,Free_feeding,0,PelletTaken,366,1,0,2,0,0,10.147,4.000,0,1,,,,,,,,,,,,,,,,
2026-07-01 02:26:55,139285.250000,A0DB8AF16E20,mous,male,C57BL/6,1.1.1,Free_feeding,0,PelletDrop,367,1,0,2,0,0,,,,,,,,,,,,,,,,,,,,
2026-07-01 02:27:05,139295.515625,A0DB8AF16E20,mous,male,C57BL/6,1.1.1,Free_feeding,0,PelletTaken,367,1,0,2,0,0,9.928,4.000,0,1,,,,,,,,,,,,,,,,
2026-07-01 02:27:13,139302.968750,A0DB8AF16E20,mous,male,C57BL/6,1.1.1,Free_feeding,0,PelletDrop,368,1,0,2,0,0,,,,,,,,,,,,,,,,,,,,
2026-07-01 02:27:23,139313.593750,A0DB8AF16E20,mous,male,C57BL/6,1.1.1,Free_feeding,0,PelletTaken,368,1,0,2,0,0,10.289,4.000,0,1,,,,,,,,,,,,,,,,
2026-07-01 02:27:30,139320.562500,A0DB8AF16E20,mous,male,C57BL/6,1.1.1,Free_feeding,0,PelletDrop,369,1,0,2,0,0,,,,,,,,,,,,,,,,,,,,
2026-07-01 02:27:51,139340.890625,A0DB8AF16E20,mous,male,C57BL/6,1.1.1,Free_feeding,0,PelletTaken,369,1,0,2,0,0,TimedOut,4.000,0,1,,,,,,,,,,,,,,,,
2026-07-01 02:33:39,139689.640625,A0DB8AF16E20,mous,male,C57BL/6,1.1.1,Free_feeding,0,Status,369,1,0,2,0,0,,,,,Disabled,26.0,39.0,1001.6,9.8,0.000,0.000,254108,344900,251132,5788,3.82,47.32
2026-07-01 02:43:52,140302.218750,A0DB8AF16E20,mous,male,C57BL/6,1.1.1,Free_feeding,0,Status,369,1,0,2,0,0,,,,,Disabled,26.0,39.3,1001.6,9.8,0.000,0.000,254108,344900,251132,5813,3.81,46.91
2026-07-01 02:45:23,140393.093750,A0DB8AF16E20,mous,male,C57BL/6,1.1.1,Free_feeding,0,PelletDrop,370,1,0,2,0,0,,,,,,,,,,,,,,,,,,,,
2026-07-01 02:45:43,140413.421875,A0DB8AF16E20,mous,male,C57BL/6,1.1.1,Free_feeding,0,PelletTaken,370,1,0,2,0,0,TimedOut,4.000,0,1,,,,,,,,,,,,,,,,
2026-07-01 02:53:58,140908.453125,A0DB8AF16E20,mous,male,C57BL/6,1.1.1,Free_feeding,0,Status,370,1,0,2,0,0,,,,,Disabled,26.0,39.2,1001.6,9.8,0.000,0.000,254108,344900,251132,5838,3.82,46.10
2026-07-01 03:04:10,141520.984375,A0DB8AF16E20,mous,male,C57BL/6,1.1.1,Free_feeding,0,Status,370,1,0,2,0,0,,,,,Disabled,26.0,39.1,1001.6,9.8,0.000,0.000,254108,344900,251132,5863,3.82,45.69
2026-07-01 03:14:22,142133.531250,A0DB8AF16E20,mous,male,C57BL/6,1.1.1,Free_feeding,0,Status,370,1,0,2,0,0,,,,,Disabled,26.0,39.1,1001.6,9.8,0.000,0.000,254108,344900,251132,5888,3.81,45.28
2026-07-01 03:24:35,142746.078125,A0DB8AF16E20,mous,male,C57BL/6,1.1.1,Free_feeding,0,Status,370,1,0,2,0,0,,,,,Disabled,26.0,39.0,1001.6,9.8,0.000,0.000,254108,344900,251132,5913,3.81,44.46
2026-07-01 03:34:47,143358.609375,A0DB8AF16E20,mous,male,C57BL/6,1.1.1,Free_feeding,0,Status,370,1,0,2,0,0,,,,,Disabled,26.0,39.0,1001.6,9.7,0.000,0.000,254108,344900,251132,5938,3.80,44.05
2026-07-01 03:44:59,143971.140625,A0DB8AF16E20,mous,male,C57BL/6,1.1.1,Free_feeding,0,Status,370,1,0,2,0,0,,,,,Disabled,26.0,38.9,1001.6,9.7,0.000,0.000,254108,344900,251132,5963,3.80,43.23
2026-07-01 03:54:38,144550.484375,A0DB8AF16E20,mous,male,C57BL/6,1.1.1,Free_feeding,0,PelletDrop,371,1,0,2,0,0,,,,,,,,,,,,,,,,,,,,
2026-07-01 03:54:59,144570.812500,A0DB8AF16E20,mous,male,C57BL/6,1.1.1,Free_feeding,0,PelletTaken,371,1,0,2,0,0,TimedOut,4.000,0,1,,,,,,,,,,,,,,,,
2026-07-01 03:55:06,144578.281250,A0DB8AF16E20,mous,male,C57BL/6,1.1.1,Free_feeding,0,Status,371,1,0,2,0,0,,,,,Disabled,26.0,38.9,1001.7,9.8,0.000,0.000,254108,344900,251132,5988,3.81,42.82
2026-07-01 03:55:18,144589.843750,A0DB8AF16E20,mous,male,C57BL/6,1.1.1,Free_feeding,0,PelletDrop,372,1,0,2,0,0,,,,,,,,,,,,,,,,,,,,
2026-07-01 03:55:38,144610.171875,A0DB8AF16E20,mous,male,C57BL/6,1.1.1,Free_feeding,0,PelletTaken,372,1,0,2,0,0,TimedOut,4.000,0,1,,,,,,,,,,,,,,,,
2026-07-01 04:05:13,145185.812500,A0DB8AF16E20,mous,male,C57BL/6,1.1.1,Free_feeding,0,Status,372,1,0,2,0,0,,,,,Disabled,25.9,38.9,1001.7,9.8,0.000,0.000,254108,344900,251132,6014,3.80,42.00
2026-07-01 04:06:23,145255.218750,A0DB8AF16E20,mous,male,C57BL/6,1.1.1,Free_feeding,0,PelletDrop,373,1,0,2,0,0,,,,,,,,,,,,,,,,,,,,
2026-07-01 04:06:41,145273.187500,A0DB8AF16E20,mous,male,C57BL/6,1.1.1,Free_feeding,0,PelletTaken,373,1,0,2,0,0,17.638,4.000,0,1,,,,,,,,,,,,,,,,
2026-07-01 04:06:48,145280.140625,A0DB8AF16E20,mous,male,C57BL/6,1.1.1,Free_feeding,0,PelletDrop,374,1,0,2,0,0,,,,,,,,,,,,,,,,,,,,
2026-07-01 04:06:59,145291.546875,A0DB8AF16E20,mous,male,C57BL/6,1.1.1,Free_feeding,0,PelletTaken,374,1,0,2,0,0,11.060,4.000,0,1,,,,,,,,,,,,,,,,
2026-07-01 04:07:06,145298.515625,A0DB8AF16E20,mous,male,C57BL/6,1.1.1,Free_feeding,0,PelletDrop,375,1,0,2,0,0,,,,,,,,,,,,,,,,,,,,
2026-07-01 04:07:15,145307.250000,A0DB8AF16E20,mous,male,C57BL/6,1.1.1,Free_feeding,0,PelletTaken,375,1,0,2,0,0,8.398,4.000,0,1,,,,,,,,,,,,,,,,
2026-07-01 04:07:22,145314.203125,A0DB8AF16E20,mous,male,C57BL/6,1.1.1,Free_feeding,0,PelletDrop,376,1,0,2,0,0,,,,,,,,,,,,,,,,,,,,
2026-07-01 04:07:42,145334.546875,A0DB8AF16E20,mous,male,C57BL/6,1.1.1,Free_feeding,0,PelletTaken,376,1,0,2,0,0,TimedOut,4.000,0,1,,,,,,,,,,,,,,,,
2026-07-01 04:15:33,145805.187500,A0DB8AF16E20,mous,male,C57BL/6,1.1.1,Free_feeding,0,Status,376,1,0,2,0,0,,,,,Disabled,25.9,38.9,1001.7,9.7,0.000,0.000,254108,344900,251132,6040,3.80,41.19
2026-07-01 04:20:01,146073.578125,A0DB8AF16E20,mous,male,C57BL/6,1.1.1,Free_feeding,0,PelletDrop,377,1,0,2,0,0,,,,,,,,,,,,,,,,,,,,
2026-07-01 04:20:15,146087.843750,A0DB8AF16E20,mous,male,C57BL/6,1.1.1,Free_feeding,0,PelletTaken,377,1,0,2,0,0,13.920,4.000,0,1,,,,,,,,,,,,,,,,
2026-07-01 04:20:22,146094.812500,A0DB8AF16E20,mous,male,C57BL/6,1.1.1,Free_feeding,0,PelletDrop,378,1,0,2,0,0,,,,,,,,,,,,,,,,,,,,
2026-07-01 04:20:31,146103.593750,A0DB8AF16E20,mous,male,C57BL/6,1.1.1,Free_feeding,0,PelletTaken,378,1,0,2,0,0,8.453,4.000,0,1,,,,,,,,,,,,,,,,
2026-07-01 04:20:38,146110.546875,A0DB8AF16E20,mous,male,C57BL/6,1.1.1,Free_feeding,0,PelletDrop,379,1,0,2,0,0,,,,,,,,,,,,,,,,,,,,
2026-07-01 04:20:58,146130.890625,A0DB8AF16E20,mous,male,C57BL/6,1.1.1,Free_feeding,0,PelletTaken,379,1,0,2,0,0,TimedOut,4.000,0,1,,,,,,,,,,,,,,,,
2026-07-01 04:25:34,146406.515625,A0DB8AF16E20,mous,male,C57BL/6,1.1.1,Free_feeding,0,Status,379,1,0,2,0,0,,,,,Disabled,26.0,39.1,1001.7,9.8,0.000,0.000,254108,344900,251132,6065,3.79,40.46
2026-07-01 04:32:55,146847.890625,A0DB8AF16E20,mous,male,C57BL/6,1.1.1,Free_feeding,0,PelletDrop,380,1,0,2,0,0,,,,,,,,,,,,,,,,,,,,
2026-07-01 04:33:13,146866.562500,A0DB8AF16E20,mous,male,C57BL/6,1.1.1,Free_feeding,0,PelletTaken,380,1,0,2,0,0,18.320,4.000,0,1,,,,,,,,,,,,,,,,
2026-07-01 04:33:20,146873.515625,A0DB8AF16E20,mous,male,C57BL/6,1.1.1,Free_feeding,0,PelletDrop,381,1,0,2,0,0,,,,,,,,,,,,,,,,,,,,
2026-07-01 04:33:29,146881.906250,A0DB8AF16E20,mous,male,C57BL/6,1.1.1,Free_feeding,0,PelletTaken,381,1,0,2,0,0,8.045,4.000,0,1,,,,,,,,,,,,,,,,
2026-07-01 04:33:36,146888.859375,A0DB8AF16E20,mous,male,C57BL/6,1.1.1,Free_feeding,0,PelletDrop,382,1,0,2,0,0,,,,,,,,,,,,,,,,,,,,
2026-07-01 04:33:45,146898.390625,A0DB8AF16E20,mous,male,C57BL/6,1.1.1,Free_feeding,0,PelletTaken,382,1,0,2,0,0,9.179,4.000,0,1,,,,,,,,,,,,,,,,
2026-07-01 04:33:52,146905.343750,A0DB8AF16E20,mous,male,C57BL/6,1.1.1,Free_feeding,0,PelletDrop,383,1,0,2,0,0,,,,,,,,,,,,,,,,,,,,
2026-07-01 04:34:13,146925.671875,A0DB8AF16E20,mous,male,C57BL/6,1.1.1,Free_feeding,0,PelletTaken,383,1,0,2,0,0,TimedOut,4.000,0,1,,,,,,,,,,,,,,,,
2026-07-01 04:35:57,147030.656250,A0DB8AF16E20,mous,male,C57BL/6,1.1.1,Free_feeding,0,Status,383,1,0,2,0,0,,,,,Disabled,26.0,39.0,1001.8,9.7,0.000,0.000,254108,344900,251132,6091,3.79,39.75
2026-07-01 04:46:10,147643.203125,A0DB8AF16E20,mous,male,C57BL/6,1.1.1,Free_feeding,0,Status,383,1,0,2,0,0,,,,,Disabled,26.0,39.1,1001.8,9.7,0.000,0.000,254108,344900,251132,6116,3.79,39.38
2026-07-01 04:49:56,147869.828125,A0DB8AF16E20,mous,male,C57BL/6,1.1.1,Free_feeding,0,PelletDrop,384,1,0,2,0,0,,,,,,,,,,,,,,,,,,,,
2026-07-01 04:50:17,147890.156250,A0DB8AF16E20,mous,male,C57BL/6,1.1.1,Free_feeding,0,PelletTaken,384,1,0,2,0,0,TimedOut,4.000,0,2,,,,,,,,,,,,,,,,
2026-07-01 04:56:30,148263.296875,A0DB8AF16E20,mous,male,C57BL/6,1.1.1,Free_feeding,0,Status,384,1,0,2,0,0,,,,,Disabled,26.0,39.1,1001.8,9.7,0.000,0.000,254108,344900,251132,6142,3.79,38.66
2026-07-01 04:57:18,148311.656250,A0DB8AF16E20,mous,male,C57BL/6,1.1.1,Free_feeding,0,PelletDrop,385,1,0,2,0,0,,,,,,,,,,,,,,,,,,,,
2026-07-01 04:57:38,148331.984375,A0DB8AF16E20,mous,male,C57BL/6,1.1.1,Free_feeding,0,PelletTaken,385,1,0,2,0,0,TimedOut,4.000,0,1,,,,,,,,,,,,,,,,
2026-07-01 05:06:42,148875.765625,A0DB8AF16E20,mous,male,C57BL/6,1.1.1,Free_feeding,0,Status,385,1,0,2,0,0,,,,,Disabled,26.0,39.2,1001.8,9.7,0.000,0.000,254108,344900,251132,6167,3.78,37.94
2026-07-01 05:08:42,148996.296875,A0DB8AF16E20,mous,male,C57BL/6,1.1.1,Free_feeding,0,PelletDrop,386,1,0,2,0,0,,,,,,,,,,,,,,,,,,,,
2026-07-01 05:09:02,149016.359375,A0DB8AF16E20,mous,male,C57BL/6,1.1.1,Free_feeding,0,PelletTaken,386,1,0,2,0,0,19.729,4.000,0,1,,,,,,,,,,,,,,,,
2026-07-01 05:09:09,149023.343750,A0DB8AF16E20,mous,male,C57BL/6,1.1.1,Free_feeding,0,PelletDrop,387,1,0,2,0,0,,,,,,,,,,,,,,,,,,,,
2026-07-01 05:09:27,149041.281250,A0DB8AF16E20,mous,male,C57BL/6,1.1.1,Free_feeding,0,PelletTaken,387,1,0,2,0,0,17.616,4.000,0,1,,,,,,,,,,,,,,,,
2026-07-01 05:09:34,149048.296875,A0DB8AF16E20,mous,male,C57BL/6,1.1.1,Free_feeding,0,PelletDrop,388,1,0,2,0,0,,,,,,,,,,,,,,,,,,,,
2026-07-01 05:09:42,149056.250000,A0DB8AF16E20,mous,male,C57BL/6,1.1.1,Free_feeding,0,PelletTaken,388,1,0,2,0,0,7.617,4.000,0,1,,,,,,,,,,,,,,,,
2026-07-01 05:09:50,149063.750000,A0DB8AF16E20,mous,male,C57BL/6,1.1.1,Free_feeding,0,PelletDrop,389,1,0,2,0,0,,,,,,,,,,,,,,,,,,,,
2026-07-01 05:09:58,149071.828125,A0DB8AF16E20,mous,male,C57BL/6,1.1.1,Free_feeding,0,PelletTaken,389,1,0,2,0,0,7.738,4.000,0,1,,,,,,,,,,,,,,,,
2026-07-01 05:10:05,149078.734375,A0DB8AF16E20,mous,male,C57BL/6,1.1.1,Free_feeding,0,PelletDrop,390,1,0,2,0,0,,,,,,,,,,,,,,,,,,,,
2026-07-01 05:10:25,149099.062500,A0DB8AF16E20,mous,male,C57BL/6,1.1.1,Free_feeding,0,PelletTaken,390,1,0,2,0,0,TimedOut,4.000,0,1,,,,,,,,,,,,,,,,
2026-07-01 05:17:02,149496.593750,A0DB8AF16E20,mous,male,C57BL/6,1.1.1,Free_feeding,0,Status,390,1,0,2,0,0,,,,,Disabled,26.0,39.1,1001.8,9.7,0.000,0.000,254108,344900,251132,6193,3.78,37.22
2026-07-01 05:27:11,150105.203125,A0DB8AF16E20,mous,male,C57BL/6,1.1.1,Free_feeding,0,Status,390,1,0,2,0,0,,,,,Disabled,26.0,39.2,1001.9,9.7,0.000,0.000,254108,344900,251132,6218,3.78,36.50
2026-07-01 05:37:23,150717.734375,A0DB8AF16E20,mous,male,C57BL/6,1.1.1,Free_feeding,0,Status,390,1,0,2,0,0,,,,,Disabled,25.9,39.2,1001.9,9.7,0.000,0.000,254108,344900,251132,6243,3.78,35.78
2026-07-01 05:44:00,151114.859375,A0DB8AF16E20,mous,male,C57BL/6,1.1.1,Free_feeding,0,PelletDrop,391,1,0,2,0,0,,,,,,,,,,,,,,,,,,,,
2026-07-01 05:44:14,151128.718750,A0DB8AF16E20,mous,male,C57BL/6,1.1.1,Free_feeding,0,PelletTaken,391,1,0,2,0,0,13.524,3.000,0,1,,,,,,,,,,,,,,,,
2026-07-01 05:47:35,151330.109375,A0DB8AF16E20,mous,male,C57BL/6,1.1.1,Free_feeding,0,Status,391,1,0,2,0,0,,,,,Disabled,25.9,39.3,1002.0,9.7,0.000,0.000,254108,344900,251132,6269,3.77,35.06
2026-07-01 05:57:48,151942.656250,A0DB8AF16E20,mous,male,C57BL/6,1.1.1,Free_feeding,0,Status,391,1,0,2,0,0,,,,,Disabled,25.9,39.3,1002.0,9.7,0.187,102.000,254108,344900,251132,6294,3.77,34.70
2026-07-01 06:08:00,152555.187500,A0DB8AF16E20,mous,male,C57BL/6,1.1.1,Free_feeding,0,Status,391,1,0,2,0,0,,,,,Disabled,25.9,39.3,1002.0,9.7,0.184,101.000,254108,344900,251132,6319,3.77,33.84
2026-07-01 06:18:12,153167.718750,A0DB8AF16E20,mous,male,C57BL/6,1.1.1,Free_feeding,0,Status,391,1,0,2,0,0,,,,,Disabled,25.9,39.3,1002.1,9.7,0.259,134.000,254108,344900,251132,6344,3.77,32.98
2026-07-01 06:28:24,153780.265625,A0DB8AF16E20,mous,male,C57BL/6,1.1.1,Free_feeding,0,Status,391,1,0,2,0,0,,,,,Disabled,25.9,39.2,1002.1,9.7,0.220,114.000,254108,344900,251132,6369,3.76,32.55
2026-07-01 06:38:37,154392.796875,A0DB8AF16E20,mous,male,C57BL/6,1.1.1,Free_feeding,0,Status,391,1,0,2,0,0,,,,,Disabled,25.9,39.2,1002.2,9.7,0.194,109.000,254108,344900,251132,6394,3.76,31.69
2026-07-01 06:48:49,155005.375000,A0DB8AF16E20,mous,male,C57BL/6,1.1.1,Free_feeding,0,Status,391,1,0,2,0,0,,,,,Disabled,25.8,39.1,1002.2,9.7,0.194,106.000,254108,344900,251132,6419,3.76,31.26
2026-07-01 06:59:01,155617.906250,A0DB8AF16E20,mous,male,C57BL/6,1.1.1,Free_feeding,0,Status,391,1,0,2,0,0,,,,,Disabled,25.8,39.1,1002.3,9.7,0.198,106.000,254108,344900,251132,6444,3.76,30.40
2026-07-01 07:09:14,156230.437500,A0DB8AF16E20,mous,male,C57BL/6,1.1.1,Free_feeding,0,Status,391,1,0,2,0,0,,,,,Disabled,25.8,39.1,1002.4,9.7,0.187,107.000,254108,344900,251132,6469,3.76,29.97
2026-07-01 07:19:26,156842.984375,A0DB8AF16E20,mous,male,C57BL/6,1.1.1,Free_feeding,0,Status,391,1,0,2,0,0,,,,,Disabled,25.8,39.0,1002.5,9.7,0.198,107.000,254108,344900,251132,6494,3.76,29.11
2026-07-01 07:29:38,157455.515625,A0DB8AF16E20,mous,male,C57BL/6,1.1.1,Free_feeding,0,Status,391,1,0,2,0,0,,,,,Disabled,25.8,39.0,1002.6,9.6,0.194,107.000,254108,344900,251132,6519,3.75,28.68
2026-07-01 07:39:51,158068.062500,A0DB8AF16E20,mous,male,C57BL/6,1.1.1,Free_feeding,0,Status,391,1,0,2,0,0,,,,,Disabled,25.8,38.9,1002.7,9.6,0.187,107.000,254108,344900,251132,6544,3.75,27.82
2026-07-01 07:47:59,158556.562500,A0DB8AF16E20,mous,male,C57BL/6,1.1.1,Free_feeding,0,PelletDrop,392,1,0,2,0,0,,,,,,,,,,,,,,,,,,,,
2026-07-01 07:48:19,158576.890625,A0DB8AF16E20,mous,male,C57BL/6,1.1.1,Free_feeding,0,PelletTaken,392,1,0,2,0,0,TimedOut,3.000,0,1,,,,,,,,,,,,,,,,
2026-07-01 07:48:43,158600.656250,A0DB8AF16E20,mous,male,C57BL/6,1.1.1,Free_feeding,0,PelletDrop,393,1,0,2,0,0,,,,,,,,,,,,,,,,,,,,
2026-07-01 07:49:03,158621.000000,A0DB8AF16E20,mous,male,C57BL/6,1.1.1,Free_feeding,0,PelletTaken,393,1,0,2,0,0,TimedOut,3.000,0,1,,,,,,,,,,,,,,,,
2026-07-01 07:50:00,158677.218750,A0DB8AF16E20,mous,male,C57BL/6,1.1.1,Free_feeding,0,Status,393,1,0,2,0,0,,,,,Disabled,25.8,38.9,1002.7,9.7,0.191,102.000,254108,344900,251132,6569,3.75,27.39
2026-07-01 07:56:56,159094.234375,A0DB8AF16E20,mous,male,C57BL/6,1.1.1,Free_feeding,0,PelletDrop,394,1,0,2,0,0,,,,,,,,,,,,,,,,,,,,
2026-07-01 07:57:17,159114.562500,A0DB8AF16E20,mous,male,C57BL/6,1.1.1,Free_feeding,0,PelletTaken,394,1,0,2,0,0,TimedOut,3.000,0,1,,,,,,,,,,,,,,,,
2026-07-01 08:00:15,159292.671875,A0DB8AF16E20,mous,male,C57BL/6,1.1.1,Free_feeding,0,Status,394,1,0,2,0,0,,,,,Disabled,25.8,38.9,1002.7,9.6,0.187,102.000,254108,344900,251132,6594,3.75,26.54
2026-07-01 08:01:34,159372.062500,A0DB8AF16E20,mous,male,C57BL/6,1.1.1,Free_feeding,0,PelletDrop,395,1,0,2,0,0,,,,,,,,,,,,,,,,,,,,
2026-07-01 08:01:54,159392.406250,A0DB8AF16E20,mous,male,C57BL/6,1.1.1,Free_feeding,0,PelletTaken,395,1,0,2,0,0,TimedOut,3.000,0,0,,,,,,,,,,,,,,,,
2026-07-01 08:02:23,159420.859375,A0DB8AF16E20,mous,male,C57BL/6,1.1.1,Free_feeding,0,PelletDrop,396,1,0,2,0,0,,,,,,,,,,,,,,,,,,,,
2026-07-01 08:02:43,159441.187500,A0DB8AF16E20,mous,male,C57BL/6,1.1.1,Free_feeding,0,PelletTaken,396,1,0,2,0,0,TimedOut,3.000,0,2,,,,,,,,,,,,,,,,
2026-07-01 08:10:34,159911.859375,A0DB8AF16E20,mous,male,C57BL/6,1.1.1,Free_feeding,0,Status,396,1,0,2,0,0,,,,,Disabled,25.8,38.9,1002.7,9.6,0.198,104.000,254108,344900,251132,6620,3.75,26.11
2026-07-01 08:20:46,160524.406250,A0DB8AF16E20,mous,male,C57BL/6,1.1.1,Free_feeding,0,Status,396,1,0,2,0,0,,,,,Disabled,25.8,38.9,1002.8,9.6,0.202,110.000,254108,344900,251132,6645,3.74,25.25
2026-07-01 08:30:58,161136.937500,A0DB8AF16E20,mous,male,C57BL/6,1.1.1,Free_feeding,0,Status,396,1,0,2,0,0,,,,,Disabled,25.8,38.9,1002.9,9.6,0.212,120.000,254108,344900,251132,6670,3.74,24.82
2026-07-01 08:41:11,161749.468750,A0DB8AF16E20,mous,male,C57BL/6,1.1.1,Free_feeding,0,Status,396,1,0,2,0,0,,,,,Disabled,25.8,38.9,1002.9,9.6,0.191,105.000,254108,344900,251132,6695,3.74,24.39
2026-07-01 08:51:23,162362.015625,A0DB8AF16E20,mous,male,C57BL/6,1.1.1,Free_feeding,0,Status,396,1,0,2,0,0,,,,,Disabled,25.8,38.9,1003.0,9.6,0.191,106.000,254108,344900,251132,6720,3.74,23.53
2026-07-01 09:01:35,162974.562500,A0DB8AF16E20,mous,male,C57BL/6,1.1.1,Free_feeding,0,Status,396,1,0,2,0,0,,,,,Disabled,25.7,38.9,1003.0,9.6,0.191,105.000,254108,344900,251132,6745,3.74,23.10
2026-07-01 09:11:48,163587.109375,A0DB8AF16E20,mous,male,C57BL/6,1.1.1,Free_feeding,0,Status,396,1,0,2,0,0,,,,,Disabled,25.7,38.9,1003.0,9.6,0.191,104.000,254108,344900,251132,6770,3.74,22.24
2026-07-01 09:22:00,164199.640625,A0DB8AF16E20,mous,male,C57BL/6,1.1.1,Free_feeding,0,Status,396,1,0,2,0,0,,,,,Disabled,25.7,38.9,1003.1,9.7,0.191,104.000,254108,344900,251132,6795,3.74,21.81
2026-07-01 09:32:12,164812.187500,A0DB8AF16E20,mous,male,C57BL/6,1.1.1,Free_feeding,0,Status,396,1,0,2,0,0,,,,,Disabled,25.7,38.8,1003.1,9.6,0.180,100.000,254108,344900,251132,6820,3.73,21.38
2026-07-01 09:42:24,165424.734375,A0DB8AF16E20,mous,male,C57BL/6,1.1.1,Free_feeding,0,Status,396,1,0,2,0,0,,,,,Disabled,25.7,38.8,1003.1,9.6,0.180,100.000,254108,344900,251132,6845,3.73,20.52
2026-07-01 09:43:37,165497.328125,A0DB8AF16E20,mous,male,C57BL/6,1.1.1,Free_feeding,0,PelletDrop,397,1,0,2,0,0,,,,,,,,,,,,,,,,,,,,
2026-07-01 09:43:57,165517.656250,A0DB8AF16E20,mous,male,C57BL/6,1.1.1,Free_feeding,0,PelletTaken,397,1,0,2,0,0,TimedOut,3.000,0,1,,,,,,,,,,,,,,,,
2026-07-01 09:52:37,166037.062500,A0DB8AF16E20,mous,male,C57BL/6,1.1.1,Free_feeding,0,Status,397,1,0,2,0,0,,,,,Disabled,25.6,38.8,1003.1,9.6,0.184,101.000,254108,344900,251132,6870,3.73,20.09
2026-07-01 10:02:49,166649.593750,A0DB8AF16E20,mous,male,C57BL/6,1.1.1,Free_feeding,0,Status,397,1,0,2,0,0,,,,,Disabled,25.6,38.8,1003.1,9.6,0.184,98.000,254108,344900,251132,6895,3.73,19.57
2026-07-01 10:13:01,167262.125000,A0DB8AF16E20,mous,male,C57BL/6,1.1.1,Free_feeding,0,Status,397,1,0,2,0,0,,,,,Disabled,25.6,38.8,1003.1,9.6,0.180,107.000,254108,344900,251132,6920,3.73,19.05
2026-07-01 10:23:13,167874.671875,A0DB8AF16E20,mous,male,C57BL/6,1.1.1,Free_feeding,0,Status,397,1,0,2,0,0,,,,,Disabled,25.6,38.8,1003.2,9.6,0.187,102.000,254108,344900,251132,6945,3.73,18.54
2026-07-01 10:24:14,167935.343750,A0DB8AF16E20,mous,male,C57BL/6,1.1.1,Free_feeding,0,PelletDrop,398,1,0,2,0,0,,,,,,,,,,,,,,,,,,,,
2026-07-01 10:24:34,167955.671875,A0DB8AF16E20,mous,male,C57BL/6,1.1.1,Free_feeding,0,PelletTaken,398,1,0,2,0,0,TimedOut,3.000,0,1,,,,,,,,,,,,,,,,
2026-07-01 10:33:14,168475.078125,A0DB8AF16E20,mous,male,C57BL/6,1.1.1,Free_feeding,0,Status,398,1,0,2,0,0,,,,,Disabled,25.6,38.8,1003.2,9.6,0.176,100.000,254108,344900,251132,6970,3.72,18.28
2026-07-01 10:40:55,168936.812500,A0DB8AF16E20,mous,male,C57BL/6,1.1.1,Free_feeding,0,PelletDrop,399,1,0,2,0,0,,,,,,,,,,,,,,,,,,,,
2026-07-01 10:41:15,168957.140625,A0DB8AF16E20,mous,male,C57BL/6,1.1.1,Free_feeding,0,PelletTaken,399,1,0,2,0,0,TimedOut,3.000,0,1,,,,,,,,,,,,,,,,
2026-07-01 10:43:32,169094.046875,A0DB8AF16E20,mous,male,C57BL/6,1.1.1,Free_feeding,0,Status,399,1,0,2,0,0,,,,,Disabled,25.6,39.0,1003.3,9.6,0.162,94.000,254108,344900,251132,6996,3.72,17.76
2026-07-01 10:53:45,169706.609375,A0DB8AF16E20,mous,male,C57BL/6,1.1.1,Free_feeding,0,Status,399,1,0,2,0,0,,,,,Disabled,25.6,39.1,1003.3,9.5,0.169,97.000,254108,344900,251132,7021,3.72,17.50
2026-07-01 10:54:47,169768.812500,A0DB8AF16E20,mous,male,C57BL/6,1.1.1,Free_feeding,0,PelletDrop,400,1,0,2,0,0,,,,,,,,,,,,,,,,,,,,
2026-07-01 10:54:59,169780.593750,A0DB8AF16E20,mous,male,C57BL/6,1.1.1,Free_feeding,0,PelletTaken,400,1,0,2,0,0,11.434,3.000,0,1,,,,,,,,,,,,,,,,
2026-07-01 10:55:06,169787.546875,A0DB8AF16E20,mous,male,C57BL/6,1.1.1,Free_feeding,0,PelletDrop,401,1,0,2,0,0,,,,,,,,,,,,,,,,,,,,
2026-07-01 10:55:26,169807.875000,A0DB8AF16E20,mous,male,C57BL/6,1.1.1,Free_feeding,0,PelletTaken,401,1,0,2,0,0,TimedOut,3.000,0,1,,,,,,,,,,,,,,,,
2026-07-01 10:55:48,169830.515625,A0DB8AF16E20,mous,male,C57BL/6,1.1.1,Free_feeding,0,PelletDrop,402,1,0,2,0,0,,,,,,,,,,,,,,,,,,,,
2026-07-01 10:56:06,169847.984375,A0DB8AF16E20,mous,male,C57BL/6,1.1.1,Free_feeding,0,PelletTaken,402,1,0,2,0,0,17.131,3.000,0,1,,,,,,,,,,,,,,,,
2026-07-01 10:56:13,169854.953125,A0DB8AF16E20,mous,male,C57BL/6,1.1.1,Free_feeding,0,PelletDrop,403,1,0,2,0,0,,,,,,,,,,,,,,,,,,,,
2026-07-01 10:56:31,169873.328125,A0DB8AF16E20,mous,male,C57BL/6,1.1.1,Free_feeding,0,PelletTaken,403,1,0,2,0,0,18.045,3.000,0,1,,,,,,,,,,,,,,,,
2026-07-01 11:03:57,170319.609375,A0DB8AF16E20,mous,male,C57BL/6,1.1.1,Free_feeding,0,Status,403,1,0,2,0,0,,,,,Disabled,25.6,39.2,1003.3,9.6,0.166,96.000,254108,344900,251132,7047,3.72,17.24
2026-07-01 11:14:10,170932.140625,A0DB8AF16E20,mous,male,C57BL/6,1.1.1,Free_feeding,0,Status,403,1,0,2,0,0,,,,,Disabled,25.6,39.2,1003.3,9.6,0.166,94.000,254108,344900,251132,7072,3.72,16.73
2026-07-01 11:24:22,171544.671875,A0DB8AF16E20,mous,male,C57BL/6,1.1.1,Free_feeding,0,Status,403,1,0,2,0,0,,,,,Disabled,25.6,39.1,1003.3,9.6,0.166,101.000,254108,344900,251132,7097,3.72,16.47
2026-07-01 11:34:34,172157.218750,A0DB8AF16E20,mous,male,C57BL/6,1.1.1,Free_feeding,0,Status,403,1,0,2,0,0,,,,,Disabled,25.6,39.1,1003.3,9.6,0.166,96.000,254108,344900,251132,7122,3.72,16.21
2026-07-01 11:44:47,172769.750000,A0DB8AF16E20,mous,male,C57BL/6,1.1.1,Free_feeding,0,Status,403,1,0,2,0,0,,,,,Disabled,25.6,39.0,1003.3,9.6,0.180,100.000,254108,344900,251132,7147,3.72,15.95
2026-07-01 11:54:59,173382.281250,A0DB8AF16E20,mous,male,C57BL/6,1.1.1,Free_feeding,0,Status,403,1,0,2,0,0,,,,,Disabled,25.6,39.0,1003.3,9.7,0.173,98.000,254108,344900,251132,7172,3.71,15.69
2026-07-01 12:05:11,173994.843750,A0DB8AF16E20,mous,male,C57BL/6,1.1.1,Free_feeding,0,Status,403,1,0,2,0,0,,,,,Disabled,25.6,38.9,1003.2,9.7,0.180,101.000,254108,344900,251132,7197,3.71,15.17
2026-07-01 12:15:23,174607.390625,A0DB8AF16E20,mous,male,C57BL/6,1.1.1,Free_feeding,0,Status,403,1,0,2,0,0,,,,,Disabled,25.6,38.9,1003.2,9.7,0.173,101.000,254108,344900,251132,7222,3.71,14.91
2026-07-01 12:24:36,175160.281250,A0DB8AF16E20,mous,male,C57BL/6,1.1.1,Free_feeding,0,PelletDrop,404,1,0,2,0,0,,,,,,,,,,,,,,,,,,,,
2026-07-01 12:24:56,175180.609375,A0DB8AF16E20,mous,male,C57BL/6,1.1.1,Free_feeding,0,PelletTaken,404,1,0,2,0,0,TimedOut,3.000,0,1,,,,,,,,,,,,,,,,
2026-07-01 12:25:28,175212.453125,A0DB8AF16E20,mous,male,C57BL/6,1.1.1,Free_feeding,0,Status,404,1,0,2,0,0,,,,,Disabled,25.5,38.9,1003.2,9.7,0.180,100.000,254108,344900,251132,7247,3.71,14.66
2026-07-01 12:35:41,175824.984375,A0DB8AF16E20,mous,male,C57BL/6,1.1.1,Free_feeding,0,Status,404,1,0,2,0,0,,,,,Disabled,25.5,38.9,1003.1,9.7,0.191,104.000,254108,344900,251132,7272,3.72,14.40
2026-07-01 12:45:53,176437.531250,A0DB8AF16E20,mous,male,C57BL/6,1.1.1,Free_feeding,0,Status,404,1,0,2,0,0,,,,,Disabled,25.5,38.9,1003.1,9.7,0.187,104.000,254108,344900,251132,7297,3.72,14.14
2026-07-01 12:56:05,177050.078125,A0DB8AF16E20,mous,male,C57BL/6,1.1.1,Free_feeding,0,Status,404,1,0,2,0,0,,,,,Disabled,25.5,38.9,1003.1,9.7,0.191,103.000,254108,344900,251132,7322,3.71,13.88
2026-07-01 12:58:32,177197.218750,A0DB8AF16E20,mous,male,C57BL/6,1.1.1,Free_feeding,0,PelletDrop,405,1,0,2,0,0,,,,,,,,,,,,,,,,,,,,
2026-07-01 12:58:53,177217.546875,A0DB8AF16E20,mous,male,C57BL/6,1.1.1,Free_feeding,0,PelletTaken,405,1,0,2,0,0,TimedOut,3.000,0,1,,,,,,,,,,,,,,,,
2026-07-01 13:06:19,177663.812500,A0DB8AF16E20,mous,male,C57BL/6,1.1.1,Free_feeding,0,Status,405,1,0,2,0,0,,,,,Disabled,25.5,39.0,1003.1,9.8,0.180,100.000,254108,344900,251132,7347,3.70,13.62
2026-07-01 13:10:07,177891.875000,A0DB8AF16E20,mous,male,C57BL/6,1.1.1,Free_feeding,0,PelletDrop,406,1,0,2,0,0,,,,,,,,,,,,,,,,,,,,
2026-07-01 13:10:26,177911.421875,A0DB8AF16E20,mous,male,C57BL/6,1.1.1,Free_feeding,0,PelletTaken,406,1,0,2,0,0,19.222,3.000,0,1,,,,,,,,,,,,,,,,
2026-07-01 13:16:39,178284.562500,A0DB8AF16E20,mous,male,C57BL/6,1.1.1,Free_feeding,0,Status,406,1,0,2,0,0,,,,,Disabled,25.5,39.0,1003.0,9.7,0.166,94.000,254108,344900,251132,7373,3.70,13.36
2026-07-01 13:21:54,178599.015625,A0DB8AF16E20,mous,male,C57BL/6,1.1.1,Free_feeding,0,PelletDrop,407,1,0,2,0,0,,,,,,,,,,,,,,,,,,,,
2026-07-01 13:22:07,178612.343750,A0DB8AF16E20,mous,male,C57BL/6,1.1.1,Free_feeding,0,PelletTaken,407,1,0,2,0,0,12.984,3.000,0,1,,,,,,,,,,,,,,,,
2026-07-01 13:22:14,178619.312500,A0DB8AF16E20,mous,male,C57BL/6,1.1.1,Free_feeding,0,PelletDrop,408,1,0,2,0,0,,,,,,,,,,,,,,,,,,,,
2026-07-01 13:22:32,178637.937500,A0DB8AF16E20,mous,male,C57BL/6,1.1.1,Free_feeding,0,PelletTaken,408,1,0,2,0,0,18.298,3.000,0,1,,,,,,,,,,,,,,,,
2026-07-01 13:22:39,178644.921875,A0DB8AF16E20,mous,male,C57BL/6,1.1.1,Free_feeding,0,PelletDrop,409,1,0,2,0,0,,,,,,,,,,,,,,,,,,,,
2026-07-01 13:22:54,178659.656250,A0DB8AF16E20,mous,male,C57BL/6,1.1.1,Free_feeding,0,PelletTaken,409,1,0,2,0,0,14.404,3.000,0,1,,,,,,,,,,,,,,,,
2026-07-01 13:23:01,178666.609375,A0DB8AF16E20,mous,male,C57BL/6,1.1.1,Free_feeding,0,PelletDrop,410,1,0,2,0,0,,,,,,,,,,,,,,,,,,,,
2026-07-01 13:23:21,178686.937500,A0DB8AF16E20,mous,male,C57BL/6,1.1.1,Free_feeding,0,PelletTaken,410,1,0,2,0,0,TimedOut,3.000,0,1,,,,,,,,,,,,,,,,
2026-07-01 13:26:44,178889.437500,A0DB8AF16E20,mous,male,C57BL/6,1.1.1,Free_feeding,0,Status,410,1,0,2,0,0,,,,,Disabled,25.5,39.0,1003.0,9.7,0.158,92.000,254108,344900,251132,7398,3.70,13.10
2026-07-01 13:36:56,179502.000000,A0DB8AF16E20,mous,male,C57BL/6,1.1.1,Free_feeding,0,Status,410,1,0,2,0,0,,,,,Disabled,25.5,38.9,1002.9,9.6,0.158,92.000,254108,344900,251132,7423,3.70,12.84
2026-07-01 13:47:08,180114.531250,A0DB8AF16E20,mous,male,C57BL/6,1.1.1,Free_feeding,0,Status,410,1,0,2,0,0,,,,,Disabled,25.5,38.9,1002.9,9.6,0.176,98.000,254108,344900,251132,7448,3.70,12.59
2026-07-01 13:57:21,180727.078125,A0DB8AF16E20,mous,male,C57BL/6,1.1.1,Free_feeding,0,Status,410,1,0,2,0,0,,,,,Disabled,25.5,38.9,1002.8,9.5,0.176,98.000,254108,344900,251132,7473,3.70,12.33
2026-07-01 14:07:33,181339.609375,A0DB8AF16E20,mous,male,C57BL/6,1.1.1,Free_feeding,0,Status,410,1,0,2,0,0,,,,,Disabled,25.5,38.8,1002.7,9.5,0.173,98.000,254108,344900,251132,7498,3.70,12.07
2026-07-01 14:17:45,181952.156250,A0DB8AF16E20,mous,male,C57BL/6,1.1.1,Free_feeding,0,Status,410,1,0,2,0,0,,,,,Disabled,25.5,38.8,1002.7,9.5,0.176,98.000,254108,344900,251132,7523,3.69,11.81
2026-07-01 14:27:58,182564.703125,A0DB8AF16E20,mous,male,C57BL/6,1.1.1,Free_feeding,0,Status,410,1,0,2,0,0,,,,,Disabled,25.5,38.9,1002.6,9.5,0.173,98.000,254108,344900,251132,7548,3.69,11.55
2026-07-01 14:38:10,183177.234375,A0DB8AF16E20,mous,male,C57BL/6,1.1.1,Free_feeding,0,Status,410,1,0,2,0,0,,,,,Disabled,25.5,38.9,1002.5,9.5,0.176,99.000,254108,344900,251132,7573,3.69,11.29
2026-07-01 14:48:22,183789.781250,A0DB8AF16E20,mous,male,C57BL/6,1.1.1,Free_feeding,0,Status,410,1,0,2,0,0,,,,,Disabled,25.6,38.9,1002.4,9.5,0.176,98.000,254108,344900,251132,7598,3.70,11.03
2026-07-01 14:58:35,184402.343750,A0DB8AF16E20,mous,male,C57BL/6,1.1.1,Free_feeding,0,Status,410,1,0,2,0,0,,,,,Disabled,25.6,38.8,1002.4,9.5,0.173,98.000,254108,344900,251132,7623,3.69,10.77
2026-07-01 15:08:47,185014.875000,A0DB8AF16E20,mous,male,C57BL/6,1.1.1,Free_feeding,0,Status,410,1,0,2,0,0,,,,,Disabled,25.6,38.8,1002.3,9.4,0.176,98.000,254108,344900,251132,7648,3.69,10.52
2026-07-01 15:18:59,185627.421875,A0DB8AF16E20,mous,male,C57BL/6,1.1.1,Free_feeding,0,Status,410,1,0,2,0,0,,,,,Disabled,25.6,38.7,1002.3,9.4,0.184,100.000,254108,344900,251132,7673,3.69,10.26
2026-07-01 15:23:34,185902.640625,A0DB8AF16E20,mous,male,C57BL/6,1.1.1,Free_feeding,0,PelletDrop,411,1,0,2,0,0,,,,,,,,,,,,,,,,,,,,
2026-07-01 15:23:55,185922.968750,A0DB8AF16E20,mous,male,C57BL/6,1.1.1,Free_feeding,0,PelletTaken,411,1,0,2,0,0,TimedOut,3.000,0,1,,,,,,,,,,,,,,,,
2026-07-01 15:26:34,186082.171875,A0DB8AF16E20,mous,male,C57BL/6,1.1.1,Free_feeding,0,PelletDrop,412,1,0,2,0,0,,,,,,,,,,,,,,,,,,,,
2026-07-01 15:26:50,186098.906250,A0DB8AF16E20,mous,male,C57BL/6,1.1.1,Free_feeding,0,PelletTaken,412,1,0,2,0,0,16.395,3.000,0,1,,,,,,,,,,,,,,,,
2026-07-01 15:26:57,186105.859375,A0DB8AF16E20,mous,male,C57BL/6,1.1.1,Free_feeding,0,PelletDrop,413,1,0,2,0,0,,,,,,,,,,,,,,,,,,,,
2026-07-01 15:27:13,186121.609375,A0DB8AF16E20,mous,male,C57BL/6,1.1.1,Free_feeding,0,PelletTaken,413,1,0,2,0,0,15.416,3.000,0,1,,,,,,,,,,,,,,,,
2026-07-01 15:27:20,186128.578125,A0DB8AF16E20,mous,male,C57BL/6,1.1.1,Free_feeding,0,PelletDrop,414,1,0,2,0,0,,,,,,,,,,,,,,,,,,,,
2026-07-01 15:27:36,186144.031250,A0DB8AF16E20,mous,male,C57BL/6,1.1.1,Free_feeding,0,PelletTaken,414,1,0,2,0,0,15.119,3.000,0,1,,,,,,,,,,,,,,,,
2026-07-01 15:27:43,186151.000000,A0DB8AF16E20,mous,male,C57BL/6,1.1.1,Free_feeding,0,PelletDrop,415,1,0,2,0,0,,,,,,,,,,,,,,,,,,,,
2026-07-01 15:28:03,186171.328125,A0DB8AF16E20,mous,male,C57BL/6,1.1.1,Free_feeding,0,PelletTaken,415,1,0,2,0,0,TimedOut,3.000,0,1,,,,,,,,,,,,,,,,
2026-07-01 15:28:59,186227.562500,A0DB8AF16E20,mous,male,C57BL/6,1.1.1,Free_feeding,0,Status,415,1,0,2,0,0,,,,,Disabled,25.6,38.7,1002.3,9.5,0.158,93.000,254108,344900,251132,7699,3.69,10.00
2026-07-01 15:39:11,186840.093750,A0DB8AF16E20,mous,male,C57BL/6,1.1.1,Free_feeding,0,Status,415,1,0,2,0,0,,,,,Disabled,25.6,38.7,1002.2,9.4,0.169,95.000,254108,344900,251132,7724,3.69,9.74
2026-07-01 15:42:53,187062.093750,A0DB8AF16E20,mous,male,C57BL/6,1.1.1,Free_feeding,0,PelletDrop,416,1,0,2,0,0,,,,,,,,,,,,,,,,,,,,
2026-07-01 15:43:14,187082.421875,A0DB8AF16E20,mous,male,C57BL/6,1.1.1,Free_feeding,0,PelletTaken,416,1,0,2,0,0,TimedOut,3.000,0,1,,,,,,,,,,,,,,,,
2026-07-01 15:49:23,187451.593750,A0DB8AF16E20,mous,male,C57BL/6,1.1.1,Free_feeding,0,Status,416,1,0,2,0,0,,,,,Disabled,25.7,38.7,1002.2,9.4,0.166,94.000,254108,344900,251132,7749,3.69,9.74
2026-07-01 15:51:48,187596.843750,A0DB8AF16E20,mous,male,C57BL/6,1.1.1,Free_feeding,0,PelletDrop,417,1,0,2,0,0,,,,,,,,,,,,,,,,,,,,
2026-07-01 15:52:02,187611.078125,A0DB8AF16E20,mous,male,C57BL/6,1.1.1,Free_feeding,0,PelletTaken,417,1,0,2,0,0,13.887,3.000,0,1,,,,,,,,,,,,,,,,
2026-07-01 15:52:09,187617.984375,A0DB8AF16E20,mous,male,C57BL/6,1.1.1,Free_feeding,0,PelletDrop,418,1,0,2,0,0,,,,,,,,,,,,,,,,,,,,
2026-07-01 15:52:22,187631.109375,A0DB8AF16E20,mous,male,C57BL/6,1.1.1,Free_feeding,0,PelletTaken,418,1,0,2,0,0,12.787,3.000,0,1,,,,,,,,,,,,,,,,
2026-07-01 15:52:29,187638.078125,A0DB8AF16E20,mous,male,C57BL/6,1.1.1,Free_feeding,0,PelletDrop,419,1,0,2,0,0,,,,,,,,,,,,,,,,,,,,
2026-07-01 15:52:49,187658.406250,A0DB8AF16E20,mous,male,C57BL/6,1.1.1,Free_feeding,0,PelletTaken,419,1,0,2,0,0,TimedOut,3.000,0,1,,,,,,,,,,,,,,,,
2026-07-01 15:59:27,188055.921875,A0DB8AF16E20,mous,male,C57BL/6,1.1.1,Free_feeding,0,Status,419,1,0,2,0,0,,,,,Disabled,25.7,38.7,1002.1,9.4,0.176,97.000,254108,344900,251132,7774,3.68,9.48
2026-07-01 16:09:39,188668.453125,A0DB8AF16E20,mous,male,C57BL/6,1.1.1,Free_feeding,0,Status,419,1,0,2,0,0,,,,,Disabled,25.7,38.7,1002.1,9.4,0.166,94.000,254108,344900,251132,7799,3.68,9.22
2026-07-01 16:19:51,189281.015625,A0DB8AF16E20,mous,male,C57BL/6,1.1.1,Free_feeding,0,Status,419,1,0,2,0,0,,,,,Disabled,25.7,38.7,1002.0,9.4,0.173,100.000,254108,344900,251132,7824,3.68,8.96
2026-07-01 16:30:04,189893.562500,A0DB8AF16E20,mous,male,C57BL/6,1.1.1,Free_feeding,0,Status,419,1,0,2,0,0,,,,,Disabled,25.7,38.7,1001.9,9.5,0.187,109.000,254108,344900,251132,7849,3.68,8.70
2026-07-01 16:38:52,190421.828125,A0DB8AF16E20,mous,male,C57BL/6,1.1.1,Free_feeding,0,PelletDrop,420,1,0,2,0,0,,,,,,,,,,,,,,,,,,,,
2026-07-01 16:39:12,190442.140625,A0DB8AF16E20,mous,male,C57BL/6,1.1.1,Free_feeding,0,PelletTaken,420,1,0,2,0,0,TimedOut,3.000,0,1,,,,,,,,,,,,,,,,
2026-07-01 16:40:08,190498.375000,A0DB8AF16E20,mous,male,C57BL/6,1.1.1,Free_feeding,0,Status,420,1,0,2,0,0,,,,,Disabled,25.7,38.7,1001.8,9.5,0.173,100.000,254108,344900,251132,7874,3.69,8.46
2026-07-01 16:50:20,191110.906250,A0DB8AF16E20,mous,male,C57BL/6,1.1.1,Free_feeding,0,Status,420,1,0,2,0,0,,,,,Disabled,25.7,38.7,1001.8,9.5,0.180,104.000,254108,344900,251132,7899,3.69,8.34
2026-07-01 17:00:33,191723.453125,A0DB8AF16E20,mous,male,C57BL/6,1.1.1,Free_feeding,0,Status,420,1,0,2,0,0,,,,,Disabled,25.6,38.7,1001.7,9.5,0.180,102.000,254108,344900,251132,7924,3.68,8.21
2026-07-01 17:06:55,192105.640625,A0DB8AF16E20,mous,male,C57BL/6,1.1.1,Free_feeding,0,PelletDrop,421,1,0,2,0,0,,,,,,,,,,,,,,,,,,,,
2026-07-01 17:07:07,192117.796875,A0DB8AF16E20,mous,male,C57BL/6,1.1.1,Free_feeding,0,PelletTaken,421,1,0,2,0,0,11.830,3.000,0,1,,,,,,,,,,,,,,,,
2026-07-01 17:07:14,192124.750000,A0DB8AF16E20,mous,male,C57BL/6,1.1.1,Free_feeding,0,PelletDrop,422,1,0,2,0,0,,,,,,,,,,,,,,,,,,,,
2026-07-01 17:07:26,192137.250000,A0DB8AF16E20,mous,male,C57BL/6,1.1.1,Free_feeding,0,PelletTaken,422,1,0,2,0,0,12.160,3.000,0,1,,,,,,,,,,,,,,,,
2026-07-01 17:07:33,192144.203125,A0DB8AF16E20,mous,male,C57BL/6,1.1.1,Free_feeding,0,PelletDrop,423,1,0,2,0,0,,,,,,,,,,,,,,,,,,,,
2026-07-01 17:07:48,192159.187500,A0DB8AF16E20,mous,male,C57BL/6,1.1.1,Free_feeding,0,PelletTaken,423,1,0,2,0,0,14.634,3.000,0,1,,,,,,,,,,,,,,,,
2026-07-01 17:07:55,192166.156250,A0DB8AF16E20,mous,male,C57BL/6,1.1.1,Free_feeding,0,PelletDrop,424,1,0,2,0,0,,,,,,,,,,,,,,,,,,,,
2026-07-01 17:08:16,192186.468750,A0DB8AF16E20,mous,male,C57BL/6,1.1.1,Free_feeding,0,PelletTaken,424,1,0,2,0,0,TimedOut,3.000,0,1,,,,,,,,,,,,,,,,
2026-07-01 17:10:49,192340.218750,A0DB8AF16E20,mous,male,C57BL/6,1.1.1,Free_feeding,0,Status,424,1,0,2,0,0,,,,,Disabled,25.6,38.7,1001.7,9.5,0.212,120.000,254108,344900,251132,7950,3.68,8.09
2026-07-01 17:21:02,192952.750000,A0DB8AF16E20,mous,male,C57BL/6,1.1.1,Free_feeding,0,Status,424,1,0,2,0,0,,,,,Disabled,25.6,38.8,1001.6,9.5,0.173,98.000,254108,344900,251132,7975,3.67,7.96
2026-07-01 17:28:08,193378.843750,A0DB8AF16E20,mous,male,C57BL/6,1.1.1,Free_feeding,0,PelletDrop,425,1,0,2,0,0,,,,,,,,,,,,,,,,,,,,
2026-07-01 17:28:18,193388.906250,A0DB8AF16E20,mous,male,C57BL/6,1.1.1,Free_feeding,0,PelletTaken,425,1,0,2,0,0,9.718,3.000,0,1,,,,,,,,,,,,,,,,
2026-07-01 17:28:25,193395.875000,A0DB8AF16E20,mous,male,C57BL/6,1.1.1,Free_feeding,0,PelletDrop,426,1,0,2,0,0,,,,,,,,,,,,,,,,,,,,
2026-07-01 17:28:34,193404.984375,A0DB8AF16E20,mous,male,C57BL/6,1.1.1,Free_feeding,0,PelletTaken,426,1,0,2,0,0,8.783,3.000,0,1,,,,,,,,,,,,,,,,
2026-07-01 17:28:41,193411.953125,A0DB8AF16E20,mous,male,C57BL/6,1.1.1,Free_feeding,0,PelletDrop,427,1,0,2,0,0,,,,,,,,,,,,,,,,,,,,
2026-07-01 17:28:49,193420.671875,A0DB8AF16E20,mous,male,C57BL/6,1.1.1,Free_feeding,0,PelletTaken,427,1,0,2,0,0,8.386,3.000,0,1,,,,,,,,,,,,,,,,
2026-07-01 17:28:56,193427.640625,A0DB8AF16E20,mous,male,C57BL/6,1.1.1,Free_feeding,0,PelletDrop,428,1,0,2,0,0,,,,,,,,,,,,,,,,,,,,
2026-07-01 17:29:17,193447.968750,A0DB8AF16E20,mous,male,C57BL/6,1.1.1,Free_feeding,0,PelletTaken,428,1,0,2,0,0,TimedOut,3.000,0,1,,,,,,,,,,,,,,,,
2026-07-01 17:31:02,193552.968750,A0DB8AF16E20,mous,male,C57BL/6,1.1.1,Free_feeding,0,Status,428,1,0,2,0,0,,,,,Disabled,25.6,38.9,1001.6,9.5,0.176,99.000,254108,344900,251132,8001,3.68,7.84
2026-07-01 17:41:14,194165.515625,A0DB8AF16E20,mous,male,C57BL/6,1.1.1,Free_feeding,0,Status,428,1,0,2,0,0,,,,,Disabled,25.7,38.9,1001.5,9.4,0.158,92.000,254108,344900,251132,8026,3.68,7.72
2026-07-01 17:48:16,194587.343750,A0DB8AF16E20,mous,male,C57BL/6,1.1.1,Free_feeding,0,PelletDrop,429,1,0,2,0,0,,,,,,,,,,,,,,,,,,,,
2026-07-01 17:48:25,194597.000000,A0DB8AF16E20,mous,male,C57BL/6,1.1.1,Free_feeding,0,PelletTaken,429,1,0,2,0,0,9.333,3.000,0,1,,,,,,,,,,,,,,,,
2026-07-01 17:48:32,194603.968750,A0DB8AF16E20,mous,male,C57BL/6,1.1.1,Free_feeding,0,PelletDrop,430,1,0,2,0,0,,,,,,,,,,,,,,,,,,,,
2026-07-01 17:48:43,194614.937500,A0DB8AF16E20,mous,male,C57BL/6,1.1.1,Free_feeding,0,PelletTaken,430,1,0,2,0,0,10.620,3.000,0,1,,,,,,,,,,,,,,,,
2026-07-01 17:48:52,194624.109375,A0DB8AF16E20,mous,male,C57BL/6,1.1.1,Free_feeding,0,PelletDrop,431,1,0,2,0,0,,,,,,,,,,,,,,,,,,,,
2026-07-01 17:49:02,194633.406250,A0DB8AF16E20,mous,male,C57BL/6,1.1.1,Free_feeding,0,PelletTaken,431,1,0,2,0,0,8.958,3.000,0,2,,,,,,,,,,,,,,,,
2026-07-01 17:49:09,194640.375000,A0DB8AF16E20,mous,male,C57BL/6,1.1.1,Free_feeding,0,PelletDrop,432,1,0,2,0,0,,,,,,,,,,,,,,,,,,,,
2026-07-01 17:49:29,194660.703125,A0DB8AF16E20,mous,male,C57BL/6,1.1.1,Free_feeding,0,PelletTaken,432,1,0,2,0,0,TimedOut,3.000,0,1,,,,,,,,,,,,,,,,
2026-07-01 17:51:14,194765.671875,A0DB8AF16E20,mous,male,C57BL/6,1.1.1,Free_feeding,0,Status,432,1,0,2,0,0,,,,,Disabled,25.7,39.1,1001.5,9.5,0.180,98.000,254108,344900,251132,8052,3.67,7.60
2026-07-01 18:01:25,195376.984375,A0DB8AF16E20,mous,male,C57BL/6,1.1.1,Free_feeding,0,Status,432,1,0,2,0,0,,,,,Disabled,25.7,39.3,1001.4,9.4,0.000,0.000,254108,344900,251132,8077,3.67,7.47
2026-07-01 18:11:37,195989.515625,A0DB8AF16E20,mous,male,C57BL/6,1.1.1,Free_feeding,0,Status,432,1,0,2,0,0,,,,,Disabled,25.7,39.2,1001.3,9.4,0.000,0.000,254108,344900,251132,8102,3.67,7.35
2026-07-01 18:14:29,196161.375000,A0DB8AF16E20,mous,male,C57BL/6,1.1.1,Free_feeding,0,PelletDrop,433,1,0,2,0,0,,,,,,,,,,,,,,,,,,,,
2026-07-01 18:14:48,196180.718750,A0DB8AF16E20,mous,male,C57BL/6,1.1.1,Free_feeding,0,PelletTaken,433,1,0,2,0,0,18.991,3.000,0,1,,,,,,,,,,,,,,,,
2026-07-01 18:14:55,196187.671875,A0DB8AF16E20,mous,male,C57BL/6,1.1.1,Free_feeding,0,PelletDrop,434,1,0,2,0,0,,,,,,,,,,,,,,,,,,,,
2026-07-01 18:15:04,196196.875000,A0DB8AF16E20,mous,male,C57BL/6,1.1.1,Free_feeding,0,PelletTaken,434,1,0,2,0,0,8.860,3.000,0,1,,,,,,,,,,,,,,,,
2026-07-01 18:15:11,196203.828125,A0DB8AF16E20,mous,male,C57BL/6,1.1.1,Free_feeding,0,PelletDrop,435,1,0,2,0,0,,,,,,,,,,,,,,,,,,,,
2026-07-01 18:15:22,196214.343750,A0DB8AF16E20,mous,male,C57BL/6,1.1.1,Free_feeding,0,PelletTaken,435,1,0,2,0,0,10.169,3.000,0,1,,,,,,,,,,,,,,,,
2026-07-01 18:15:29,196221.312500,A0DB8AF16E20,mous,male,C57BL/6,1.1.1,Free_feeding,0,PelletDrop,436,1,0,2,0,0,,,,,,,,,,,,,,,,,,,,
2026-07-01 18:15:42,196234.046875,A0DB8AF16E20,mous,male,C57BL/6,1.1.1,Free_feeding,0,PelletTaken,436,1,0,2,0,0,12.413,3.000,0,1,,,,,,,,,,,,,,,,
2026-07-01 18:15:49,196241.015625,A0DB8AF16E20,mous,male,C57BL/6,1.1.1,Free_feeding,0,PelletDrop,437,1,0,2,0,0,,,,,,,,,,,,,,,,,,,,
2026-07-01 18:16:09,196261.343750,A0DB8AF16E20,mous,male,C57BL/6,1.1.1,Free_feeding,0,PelletTaken,437,1,0,2,0,0,TimedOut,3.000,0,1,,,,,,,,,,,,,,,,
2026-07-01 18:21:57,196610.109375,A0DB8AF16E20,mous,male,C57BL/6,1.1.1,Free_feeding,0,Status,437,1,0,2,0,0,,,,,Disabled,25.7,39.2,1001.2,9.4,0.000,0.000,254108,344900,251132,8128,3.68,7.35
2026-07-01 18:24:19,196752.187500,A0DB8AF16E20,mous,male,C57BL/6,1.1.1,Free_feeding,0,PelletDrop,438,1,0,2,0,0,,,,,,,,,,,,,,,,,,,,
2026-07-01 18:24:30,196762.546875,A0DB8AF16E20,mous,male,C57BL/6,1.1.1,Free_feeding,0,PelletTaken,438,1,0,2,0,0,10.015,3.000,0,1,,,,,,,,,,,,,,,,
2026-07-01 18:24:37,196769.500000,A0DB8AF16E20,mous,male,C57BL/6,1.1.1,Free_feeding,0,PelletDrop,439,1,0,2,0,0,,,,,,,,,,,,,,,,,,,,
2026-07-01 18:24:57,196789.828125,A0DB8AF16E20,mous,male,C57BL/6,1.1.1,Free_feeding,0,PelletTaken,439,1,0,2,0,0,TimedOut,3.000,0,1,,,,,,,,,,,,,,,,
2026-07-01 18:31:59,197211.734375,A0DB8AF16E20,mous,male,C57BL/6,1.1.1,Free_feeding,0,Status,439,1,0,2,0,0,,,,,Disabled,25.7,39.4,1001.2,9.4,0.000,0.000,254108,344900,251132,8153,3.67,7.23
2026-07-01 18:38:19,197592.171875,A0DB8AF16E20,mous,male,C57BL/6,1.1.1,Free_feeding,0,PelletDrop,440,1,0,2,0,0,,,,,,,,,,,,,,,,,,,,
2026-07-01 18:38:33,197605.531250,A0DB8AF16E20,mous,male,C57BL/6,1.1.1,Free_feeding,0,PelletTaken,440,1,0,2,0,0,13.029,3.000,0,1,,,,,,,,,,,,,,,,
2026-07-01 18:38:39,197612.484375,A0DB8AF16E20,mous,male,C57BL/6,1.1.1,Free_feeding,0,PelletDrop,441,1,0,2,0,0,,,,,,,,,,,,,,,,,,,,
2026-07-01 18:39:00,197632.828125,A0DB8AF16E20,mous,male,C57BL/6,1.1.1,Free_feeding,0,PelletTaken,441,1,0,2,0,0,TimedOut,3.000,0,1,,,,,,,,,,,,,,,,
2026-07-01 18:42:22,197835.312500,A0DB8AF16E20,mous,male,C57BL/6,1.1.1,Free_feeding,0,Status,441,1,0,2,0,0,,,,,Disabled,25.8,39.4,1001.2,9.3,0.000,0.000,254108,344900,251132,8179,3.67,7.11
2026-07-01 18:52:35,198447.875000,A0DB8AF16E20,mous,male,C57BL/6,1.1.1,Free_feeding,0,Status,441,1,0,2,0,0,,,,,Disabled,25.8,39.6,1001.2,9.3,0.000,0.000,254108,344900,251132,8204,3.67,7.11
2026-07-01 18:52:59,198472.468750,A0DB8AF16E20,mous,male,C57BL/6,1.1.1,Free_feeding,0,PelletDrop,442,1,0,2,0,0,,,,,,,,,,,,,,,,,,,,
2026-07-01 18:53:12,198485.625000,A0DB8AF16E20,mous,male,C57BL/6,1.1.1,Free_feeding,0,PelletTaken,442,1,0,2,0,0,12.820,3.000,0,1,,,,,,,,,,,,,,,,
2026-07-01 18:53:19,198492.593750,A0DB8AF16E20,mous,male,C57BL/6,1.1.1,Free_feeding,0,PelletDrop,443,1,0,2,0,0,,,,,,,,,,,,,,,,,,,,
2026-07-01 18:53:27,198500.281250,A0DB8AF16E20,mous,male,C57BL/6,1.1.1,Free_feeding,0,PelletTaken,443,1,0,2,0,0,7.341,3.000,0,1,,,,,,,,,,,,,,,,
2026-07-01 18:53:34,198507.625000,A0DB8AF16E20,mous,male,C57BL/6,1.1.1,Free_feeding,0,PelletDrop,444,1,0,2,0,0,,,,,,,,,,,,,,,,,,,,
2026-07-01 18:53:55,198527.953125,A0DB8AF16E20,mous,male,C57BL/6,1.1.1,Free_feeding,0,PelletTaken,444,1,0,2,0,0,TimedOut,3.000,0,1,,,,,,,,,,,,,,,,
2026-07-01 19:01:40,198993.625000,A0DB8AF16E20,mous,male,C57BL/6,1.1.1,Free_feeding,0,PelletDrop,445,1,0,2,0,0,,,,,,,,,,,,,,,,,,,,
2026-07-01 19:01:52,199005.421875,A0DB8AF16E20,mous,male,C57BL/6,1.1.1,Free_feeding,0,PelletTaken,445,1,0,2,0,0,11.456,3.000,0,1,,,,,,,,,,,,,,,,
2026-07-01 19:01:59,199012.375000,A0DB8AF16E20,mous,male,C57BL/6,1.1.1,Free_feeding,0,PelletDrop,446,1,0,2,0,0,,,,,,,,,,,,,,,,,,,,
2026-07-01 19:02:08,199021.546875,A0DB8AF16E20,mous,male,C57BL/6,1.1.1,Free_feeding,0,PelletTaken,446,1,0,2,0,0,8.826,3.000,0,1,,,,,,,,,,,,,,,,
2026-07-01 19:02:15,199028.500000,A0DB8AF16E20,mous,male,C57BL/6,1.1.1,Free_feeding,0,PelletDrop,447,1,0,2,0,0,,,,,,,,,,,,,,,,,,,,
2026-07-01 19:02:35,199048.843750,A0DB8AF16E20,mous,male,C57BL/6,1.1.1,Free_feeding,0,PelletTaken,447,1,0,2,0,0,TimedOut,3.000,0,1,,,,,,,,,,,,,,,,
2026-07-01 19:02:43,199056.312500,A0DB8AF16E20,mous,male,C57BL/6,1.1.1,Free_feeding,0,Status,447,1,0,2,0,0,,,,,Disabled,25.8,39.6,1001.2,9.4,0.000,0.000,254108,344900,251132,8230,3.67,6.86
2026-07-01 19:12:55,199668.843750,A0DB8AF16E20,mous,male,C57BL/6,1.1.1,Free_feeding,0,Status,447,1,0,2,0,0,,,,,Disabled,25.8,39.6,1001.2,9.3,0.000,0.000,254108,344900,251132,8255,3.67,6.86
2026-07-01 19:15:52,199845.843750,A0DB8AF16E20,mous,male,C57BL/6,1.1.1,Free_feeding,0,PelletDrop,448,1,0,2,0,0,,,,,,,,,,,,,,,,,,,,
2026-07-01 19:16:02,199855.796875,A0DB8AF16E20,mous,male,C57BL/6,1.1.1,Free_feeding,0,PelletTaken,448,1,0,2,0,0,9.608,3.000,0,1,,,,,,,,,,,,,,,,
2026-07-01 19:16:09,199862.750000,A0DB8AF16E20,mous,male,C57BL/6,1.1.1,Free_feeding,0,PelletDrop,449,1,0,2,0,0,,,,,,,,,,,,,,,,,,,,
2026-07-01 19:16:16,199870.375000,A0DB8AF16E20,mous,male,C57BL/6,1.1.1,Free_feeding,0,PelletTaken,449,1,0,2,0,0,7.276,3.000,0,1,,,,,,,,,,,,,,,,
2026-07-01 19:16:26,199879.546875,A0DB8AF16E20,mous,male,C57BL/6,1.1.1,Free_feeding,0,PelletDrop,450,1,0,2,0,0,,,,,,,,,,,,,,,,,,,,
2026-07-01 19:16:46,199899.875000,A0DB8AF16E20,mous,male,C57BL/6,1.1.1,Free_feeding,0,PelletTaken,450,1,0,2,0,0,TimedOut,3.000,0,2,,,,,,,,,,,,,,,,
2026-07-01 19:22:10,200223.750000,A0DB8AF16E20,mous,male,C57BL/6,1.1.1,Free_feeding,0,PelletDrop,451,1,0,2,0,0,,,,,,,,,,,,,,,,,,,,
2026-07-01 19:22:20,200234.359375,A0DB8AF16E20,mous,male,C57BL/6,1.1.1,Free_feeding,0,PelletTaken,451,1,0,2,0,0,10.267,3.000,0,1,,,,,,,,,,,,,,,,
2026-07-01 19:22:27,200241.312500,A0DB8AF16E20,mous,male,C57BL/6,1.1.1,Free_feeding,0,PelletDrop,452,1,0,2,0,0,,,,,,,,,,,,,,,,,,,,
2026-07-01 19:22:48,200261.640625,A0DB8AF16E20,mous,male,C57BL/6,1.1.1,Free_feeding,0,PelletTaken,452,1,0,2,0,0,TimedOut,3.000,0,1,,,,,,,,,,,,,,,,
2026-07-01 19:22:55,200269.109375,A0DB8AF16E20,mous,male,C57BL/6,1.1.1,Free_feeding,0,Status,452,1,0,2,0,0,,,,,Disabled,25.8,39.8,1001.2,9.4,0.000,0.000,254108,344900,251132,8281,3.66,6.73
2026-07-01 19:30:21,200715.671875,A0DB8AF16E20,mous,male,C57BL/6,1.1.1,Free_feeding,0,PelletDrop,453,1,0,2,0,0,,,,,,,,,,,,,,,,,,,,
2026-07-01 19:30:42,200736.000000,A0DB8AF16E20,mous,male,C57BL/6,1.1.1,Free_feeding,0,PelletTaken,453,1,0,2,0,0,TimedOut,3.000,0,1,,,,,,,,,,,,,,,,
2026-07-01 19:33:15,200889.734375,A0DB8AF16E20,mous,male,C57BL/6,1.1.1,Free_feeding,0,Status,453,1,0,2,0,0,,,,,Disabled,25.8,39.9,1001.2,9.3,0.000,0.000,254108,344900,251132,8307,3.67,6.61
2026-07-01 19:34:16,200950.281250,A0DB8AF16E20,mous,male,C57BL/6,1.1.1,Free_feeding,0,PelletDrop,454,1,0,2,0,0,,,,,,,,,,,,,,,,,,,,
2026-07-01 19:34:23,200956.984375,A0DB8AF16E20,mous,male,C57BL/6,1.1.1,Free_feeding,0,PelletTaken,454,1,0,2,0,0,6.363,3.000,0,1,,,,,,,,,,,,,,,,
2026-07-01 19:34:30,200963.937500,A0DB8AF16E20,mous,male,C57BL/6,1.1.1,Free_feeding,0,PelletDrop,455,1,0,2,0,0,,,,,,,,,,,,,,,,,,,,
2026-07-01 19:34:37,200971.312500,A0DB8AF16E20,mous,male,C57BL/6,1.1.1,Free_feeding,0,PelletTaken,455,1,0,2,0,0,7.033,3.000,0,1,,,,,,,,,,,,,,,,
2026-07-01 19:43:16,201490.718750,A0DB8AF16E20,mous,male,C57BL/6,1.1.1,Free_feeding,0,Status,455,1,0,2,0,0,,,,,Disabled,25.8,39.8,1001.2,9.4,0.000,0.000,254108,344900,251132,8333,3.66,6.61
2026-07-01 19:44:54,201588.156250,A0DB8AF16E20,mous,male,C57BL/6,1.1.1,Free_feeding,0,PelletDrop,456,1,0,2,0,0,,,,,,,,,,,,,,,,,,,,
2026-07-01 19:45:06,201600.437500,A0DB8AF16E20,mous,male,C57BL/6,1.1.1,Free_feeding,0,PelletTaken,456,1,0,2,0,0,11.951,3.000,0,1,,,,,,,,,,,,,,,,
2026-07-01 19:49:09,201843.265625,A0DB8AF16E20,mous,male,C57BL/6,1.1.1,Free_feeding,0,PelletDrop,457,1,0,2,0,0,,,,,,,,,,,,,,,,,,,,
2026-07-01 19:49:17,201852.156250,A0DB8AF16E20,mous,male,C57BL/6,1.1.1,Free_feeding,0,PelletTaken,457,1,0,2,0,0,8.552,3.000,0,1,,,,,,,,,,,,,,,,
2026-07-01 19:49:24,201859.109375,A0DB8AF16E20,mous,male,C57BL/6,1.1.1,Free_feeding,0,PelletDrop,458,1,0,2,0,0,,,,,,,,,,,,,,,,,,,,
2026-07-01 19:49:34,201868.734375,A0DB8AF16E20,mous,male,C57BL/6,1.1.1,Free_feeding,0,PelletTaken,458,1,0,2,0,0,9.266,3.000,0,1,,,,,,,,,,,,,,,,
2026-07-01 19:49:41,201875.687500,A0DB8AF16E20,mous,male,C57BL/6,1.1.1,Free_feeding,0,PelletDrop,459,1,0,2,0,0,,,,,,,,,,,,,,,,,,,,
2026-07-01 19:50:01,201896.015625,A0DB8AF16E20,mous,male,C57BL/6,1.1.1,Free_feeding,0,PelletTaken,459,1,0,2,0,0,TimedOut,3.000,0,1,,,,,,,,,,,,,,,,
2026-07-01 19:53:24,202098.500000,A0DB8AF16E20,mous,male,C57BL/6,1.1.1,Free_feeding,0,Status,459,1,0,2,0,0,,,,,Disabled,25.8,39.7,1001.2,9.4,0.000,0.000,254108,344900,251132,8359,3.66,6.37
2026-07-01 19:55:00,202194.390625,A0DB8AF16E20,mous,male,C57BL/6,1.1.1,Free_feeding,0,CenterWithPellet,459,1,0,4,0,0,,,,,,,,,,,,,,,,,,,,
2026-07-01 19:55:01,202195.390625,A0DB8AF16E20,mous,male,C57BL/6,1.1.1,Free_feeding,0,CenterWithPellet,459,1,0,5,0,0,,,,,,,,,,,,,,,,,,,,
2026-07-01 19:56:22,202276.703125,A0DB8AF16E20,mous,male,C57BL/6,1.1.1,Free_feeding,0,PelletDrop,460,1,0,5,0,0,,,,,,,,,,,,,,,,,,,,
2026-07-01 19:56:27,202282.312500,A0DB8AF16E20,mous,male,C57BL/6,1.1.1,Free_feeding,0,PelletTaken,460,1,0,5,0,0,5.262,3.000,0,1,,,,,,,,,,,,,,,,
2026-07-01 19:56:34,202289.281250,A0DB8AF16E20,mous,male,C57BL/6,1.1.1,Free_feeding,0,PelletDrop,461,1,0,5,0,0,,,,,,,,,,,,,,,,,,,,
2026-07-01 19:56:41,202296.015625,A0DB8AF16E20,mous,male,C57BL/6,1.1.1,Free_feeding,0,PelletTaken,461,1,0,5,0,0,6.396,3.000,0,1,,,,,,,,,,,,,,,,
2026-07-01 19:56:48,202303.000000,A0DB8AF16E20,mous,male,C57BL/6,1.1.1,Free_feeding,0,PelletDrop,462,1,0,5,0,0,,,,,,,,,,,,,,,,,,,,
2026-07-01 19:57:08,202323.343750,A0DB8AF16E20,mous,male,C57BL/6,1.1.1,Free_feeding,0,PelletTaken,462,1,0,5,0,0,TimedOut,3.000,0,1,,,,,,,,,,,,,,,,
2026-07-01 19:59:29,202463.937500,A0DB8AF16E20,mous,male,C57BL/6,1.1.1,Free_feeding,0,CenterWithPellet,462,1,0,6,0,0,,,,,,,,,,,,,,,,,,,,
2026-07-01 19:59:31,202465.593750,A0DB8AF16E20,mous,male,C57BL/6,1.1.1,Free_feeding,0,CenterWithPellet,462,1,0,8,0,0,,,,,,,,,,,,,,,,,,,,
2026-07-01 19:59:31,202466.250000,A0DB8AF16E20,mous,male,C57BL/6,1.1.1,Free_feeding,0,CenterWithPellet,462,1,0,9,0,0,,,,,,,,,,,,,,,,,,,,
2026-07-01 19:59:34,202469.250000,A0DB8AF16E20,mous,male,C57BL/6,1.1.1,Free_feeding,0,CenterWithPellet,462,1,0,10,0,0,,,,,,,,,,,,,,,,,,,,
2026-07-01 19:59:35,202470.250000,A0DB8AF16E20,mous,male,C57BL/6,1.1.1,Free_feeding,0,CenterWithPellet,462,1,0,11,0,0,,,,,,,,,,,,,,,,,,,,
2026-07-01 19:59:50,202485.296875,A0DB8AF16E20,mous,male,C57BL/6,1.1.1,Free_feeding,0,CenterWithPellet,462,1,0,12,0,0,,,,,,,,,,,,,,,,,,,,
2026-07-01 19:59:54,202489.281250,A0DB8AF16E20,mous,male,C57BL/6,1.1.1,Free_feeding,0,CenterWithPellet,462,1,0,14,0,0,,,,,,,,,,,,,,,,,,,,
2026-07-01 19:59:58,202493.343750,A0DB8AF16E20,mous,male,C57BL/6,1.1.1,Free_feeding,0,CenterWithPellet,462,1,0,15,0,0,,,,,,,,,,,,,,,,,,,,
2026-07-01 20:00:01,202495.859375,A0DB8AF16E20,mous,male,C57BL/6,1.1.1,Free_feeding,0,CenterWithPellet,462,1,0,16,0,0,,,,,,,,,,,,,,,,,,,,
2026-07-01 20:00:04,202498.578125,A0DB8AF16E20,mous,male,C57BL/6,1.1.1,Free_feeding,0,CenterWithPellet,462,1,0,17,0,0,,,,,,,,,,,,,,,,,,,,
2026-07-01 20:00:07,202502.093750,A0DB8AF16E20,mous,male,C57BL/6,1.1.1,Free_feeding,0,CenterWithPellet,462,1,0,18,0,0,,,,,,,,,,,,,,,,,,,,
2026-07-01 20:00:10,202505.203125,A0DB8AF16E20,mous,male,C57BL/6,1.1.1,Free_feeding,0,CenterWithPellet,462,1,0,19,0,0,,,,,,,,,,,,,,,,,,,,
2026-07-01 20:00:46,202541.343750,A0DB8AF16E20,mous,male,C57BL/6,1.1.1,Free_feeding,0,CenterWithPellet,462,1,0,21,0,0,,,,,,,,,,,,,,,,,,,,
2026-07-01 20:01:36,202590.625000,A0DB8AF16E20,mous,male,C57BL/6,1.1.1,Free_feeding,0,PelletDrop,463,1,0,21,0,0,,,,,,,,,,,,,,,,,,,,
2026-07-01 20:01:44,202599.359375,A0DB8AF16E20,mous,male,C57BL/6,1.1.1,Free_feeding,0,PelletTaken,463,1,0,21,0,0,8.386,4.000,0,1,,,,,,,,,,,,,,,,
2026-07-01 20:03:29,202704.343750,A0DB8AF16E20,mous,male,C57BL/6,1.1.1,Free_feeding,0,Status,463,1,0,21,0,0,,,,,Disabled,25.9,39.9,1001.2,9.4,0.000,0.000,254108,344900,251132,8388,3.67,6.37
2026-07-01 20:06:40,202894.812500,A0DB8AF16E20,mous,male,C57BL/6,1.1.1,Free_feeding,0,PelletDrop,464,1,0,21,0,0,,,,,,,,,,,,,,,,,,,,
2026-07-01 20:07:00,202915.156250,A0DB8AF16E20,mous,male,C57BL/6,1.1.1,Free_feeding,0,PelletTaken,464,1,0,21,0,0,TimedOut,4.000,0,1,,,,,,,,,,,,,,,,
2026-07-01 20:13:37,203312.687500,A0DB8AF16E20,mous,male,C57BL/6,1.1.1,Free_feeding,0,Status,464,1,0,21,0,0,,,,,Disabled,25.9,39.6,1001.2,9.4,0.000,0.000,254108,344900,251132,8413,3.67,6.24
2026-07-01 20:19:55,203690.250000,A0DB8AF16E20,mous,male,C57BL/6,1.1.1,Free_feeding,0,PelletDrop,465,1,0,21,0,0,,,,,,,,,,,,,,,,,,,,
2026-07-01 20:20:03,203698.531250,A0DB8AF16E20,mous,male,C57BL/6,1.1.1,Free_feeding,0,PelletTaken,465,1,0,21,0,0,7.936,4.000,0,1,,,,,,,,,,,,,,,,
2026-07-01 20:20:10,203705.484375,A0DB8AF16E20,mous,male,C57BL/6,1.1.1,Free_feeding,0,PelletDrop,466,1,0,21,0,0,,,,,,,,,,,,,,,,,,,,
2026-07-01 20:20:30,203725.812500,A0DB8AF16E20,mous,male,C57BL/6,1.1.1,Free_feeding,0,PelletTaken,466,1,0,21,0,0,TimedOut,4.000,0,1,,,,,,,,,,,,,,,,
2026-07-01 20:23:53,203928.296875,A0DB8AF16E20,mous,male,C57BL/6,1.1.1,Free_feeding,0,Status,466,1,0,21,0,0,,,,,Disabled,25.9,39.8,1001.2,9.3,0.000,0.000,254108,344900,251132,8439,3.66,6.12
2026-07-01 20:27:11,204126.406250,A0DB8AF16E20,mous,male,C57BL/6,1.1.1,Free_feeding,0,PelletDrop,467,1,0,21,0,0,,,,,,,,,,,,,,,,,,,,
2026-07-01 20:27:31,204146.734375,A0DB8AF16E20,mous,male,C57BL/6,1.1.1,Free_feeding,0,PelletTaken,467,1,0,21,0,0,TimedOut,4.000,0,1,,,,,,,,,,,,,,,,
2026-07-01 20:34:08,204544.250000,A0DB8AF16E20,mous,male,C57BL/6,1.1.1,Free_feeding,0,Status,467,1,0,21,0,0,,,,,Disabled,26.0,39.8,1001.2,9.4,0.000,0.000,254108,344900,251132,8464,3.66,6.12
2026-07-01 20:39:11,204846.828125,A0DB8AF16E20,mous,male,C57BL/6,1.1.1,Free_feeding,0,PelletDrop,468,1,0,21,0,0,,,,,,,,,,,,,,,,,,,,
2026-07-01 20:39:22,204858.109375,A0DB8AF16E20,mous,male,C57BL/6,1.1.1,Free_feeding,0,PelletTaken,468,1,0,21,0,0,10.939,4.000,0,1,,,,,,,,,,,,,,,,
2026-07-01 20:39:28,204863.968750,A0DB8AF16E20,mous,male,C57BL/6,1.1.1,Free_feeding,0,PelletDrop,469,1,0,21,0,0,,,,,,,,,,,,,,,,,,,,
2026-07-01 20:39:48,204884.296875,A0DB8AF16E20,mous,male,C57BL/6,1.1.1,Free_feeding,0,PelletTaken,469,1,0,21,0,0,TimedOut,4.000,0,0,,,,,,,,,,,,,,,,
2026-07-01 20:44:24,205159.984375,A0DB8AF16E20,mous,male,C57BL/6,1.1.1,Free_feeding,0,Status,469,1,0,21,0,0,,,,,Disabled,26.0,39.8,1001.3,9.4,0.000,0.000,254108,344900,251132,8490,3.66,6.00
2026-07-01 20:46:30,205285.671875,A0DB8AF16E20,mous,male,C57BL/6,1.1.1,Free_feeding,0,CenterWithPellet,469,1,0,22,0,0,,,,,,,,,,,,,,,,,,,,
2026-07-01 20:46:31,205287.609375,A0DB8AF16E20,mous,male,C57BL/6,1.1.1,Free_feeding,0,CenterWithPellet,469,1,0,23,0,0,,,,,,,,,,,,,,,,,,,,
2026-07-01 20:46:32,205288.437500,A0DB8AF16E20,mous,male,C57BL/6,1.1.1,Free_feeding,0,CenterWithPellet,469,1,0,24,0,0,,,,,,,,,,,,,,,,,,,,
2026-07-01 20:46:35,205291.578125,A0DB8AF16E20,mous,male,C57BL/6,1.1.1,Free_feeding,0,CenterWithPellet,469,1,0,25,0,0,,,,,,,,,,,,,,,,,,,,
2026-07-01 20:46:46,205301.843750,A0DB8AF16E20,mous,male,C57BL/6,1.1.1,Free_feeding,0,PelletDrop,470,1,0,25,0,0,,,,,,,,,,,,,,,,,,,,
2026-07-01 20:46:52,205308.078125,A0DB8AF16E20,mous,male,C57BL/6,1.1.1,Free_feeding,0,PelletTaken,470,1,0,25,0,0,5.901,3.000,0,1,,,,,,,,,,,,,,,,
2026-07-01 20:46:59,205315.062500,A0DB8AF16E20,mous,male,C57BL/6,1.1.1,Free_feeding,0,PelletDrop,471,1,0,25,0,0,,,,,,,,,,,,,,,,,,,,
2026-07-01 20:47:19,205335.390625,A0DB8AF16E20,mous,male,C57BL/6,1.1.1,Free_feeding,0,PelletTaken,471,1,0,25,0,0,TimedOut,3.000,0,1,,,,,,,,,,,,,,,,
2026-07-01 20:47:39,205355.406250,A0DB8AF16E20,mous,male,C57BL/6,1.1.1,Free_feeding,0,CenterWithPellet,471,1,0,26,0,0,,,,,,,,,,,,,,,,,,,,
2026-07-01 20:47:54,205370.609375,A0DB8AF16E20,mous,male,C57BL/6,1.1.1,Free_feeding,0,CenterWithPellet,471,1,0,28,0,0,,,,,,,,,,,,,,,,,,,,
2026-07-01 20:47:56,205372.187500,A0DB8AF16E20,mous,male,C57BL/6,1.1.1,Free_feeding,0,CenterWithPellet,471,1,0,29,0,0,,,,,,,,,,,,,,,,,,,,
2026-07-01 20:53:51,205727.406250,A0DB8AF16E20,mous,male,C57BL/6,1.1.1,Free_feeding,0,PelletDrop,472,1,0,29,0,0,,,,,,,,,,,,,,,,,,,,
2026-07-01 20:54:00,205736.562500,A0DB8AF16E20,mous,male,C57BL/6,1.1.1,Free_feeding,0,PelletTaken,472,1,0,29,0,0,8.816,4.000,0,1,,,,,,,,,,,,,,,,
2026-07-01 20:54:07,205743.546875,A0DB8AF16E20,mous,male,C57BL/6,1.1.1,Free_feeding,0,PelletDrop,473,1,0,29,0,0,,,,,,,,,,,,,,,,,,,,
2026-07-01 20:54:28,205763.875000,A0DB8AF16E20,mous,male,C57BL/6,1.1.1,Free_feeding,0,PelletTaken,473,1,0,29,0,0,TimedOut,4.000,0,1,,,,,,,,,,,,,,,,
2026-07-01 20:54:35,205771.359375,A0DB8AF16E20,mous,male,C57BL/6,1.1.1,Free_feeding,0,Status,473,1,0,29,0,0,,,,,Disabled,26.0,39.7,1001.4,9.4,0.000,0.000,254108,344900,251132,8516,3.65,5.83
2026-07-01 20:54:49,205785.328125,A0DB8AF16E20,mous,male,C57BL/6,1.1.1,Free_feeding,0,CenterWithPellet,473,1,0,30,0,0,,,,,,,,,,,,,,,,,,,,
2026-07-01 20:54:51,205786.875000,A0DB8AF16E20,mous,male,C57BL/6,1.1.1,Free_feeding,0,CenterWithPellet,473,1,0,31,0,0,,,,,,,,,,,,,,,,,,,,
2026-07-01 20:54:55,205791.625000,A0DB8AF16E20,mous,male,C57BL/6,1.1.1,Free_feeding,0,CenterWithPellet,473,1,0,32,0,0,,,,,,,,,,,,,,,,,,,,
2026-07-01 20:58:39,206015.546875,A0DB8AF16E20,mous,male,C57BL/6,1.1.1,Free_feeding,0,PelletDrop,474,1,0,33,0,0,,,,,,,,,,,,,,,,,,,,
2026-07-01 20:58:59,206035.890625,A0DB8AF16E20,mous,male,C57BL/6,1.1.1,Free_feeding,0,PelletTaken,474,1,0,33,0,0,TimedOut,13.000,0,1,,,,,,,,,,,,,,,,
2026-07-01 21:04:48,206384.640625,A0DB8AF16E20,mous,male,C57BL/6,1.1.1,Free_feeding,0,Status,474,1,0,33,0,0,,,,,Disabled,26.0,39.7,1001.5,9.3,0.000,0.000,254108,344900,251132,8541,3.65,5.83
2026-07-01 21:07:27,206543.546875,A0DB8AF16E20,mous,male,C57BL/6,1.1.1,Free_feeding,0,CenterWithPellet,474,1,0,34,0,0,,,,,,,,,,,,,,,,,,,,
2026-07-01 21:07:41,206557.875000,A0DB8AF16E20,mous,male,C57BL/6,1.1.1,Free_feeding,0,PelletDrop,475,1,0,34,0,0,,,,,,,,,,,,,,,,,,,,
2026-07-01 21:07:51,206567.671875,A0DB8AF16E20,mous,male,C57BL/6,1.1.1,Free_feeding,0,PelletTaken,475,1,0,34,0,0,9.465,4.000,0,1,,,,,,,,,,,,,,,,
2026-07-01 21:07:58,206574.640625,A0DB8AF16E20,mous,male,C57BL/6,1.1.1,Free_feeding,0,PelletDrop,476,1,0,34,0,0,,,,,,,,,,,,,,,,,,,,
2026-07-01 21:08:18,206594.953125,A0DB8AF16E20,mous,male,C57BL/6,1.1.1,Free_feeding,0,PelletTaken,476,1,0,34,0,0,TimedOut,4.000,0,1,,,,,,,,,,,,,,,,
2026-07-01 21:11:06,206762.765625,A0DB8AF16E20,mous,male,C57BL/6,1.1.1,Free_feeding,0,CenterWithPellet,476,1,0,35,0,0,,,,,,,,,,,,,,,,,,,,
2026-07-01 21:11:19,206775.578125,A0DB8AF16E20,mous,male,C57BL/6,1.1.1,Free_feeding,0,CenterWithPellet,476,1,0,37,0,0,,,,,,,,,,,,,,,,,,,,
2026-07-01 21:11:26,206783.046875,A0DB8AF16E20,mous,male,C57BL/6,1.1.1,Free_feeding,0,CenterWithPellet,476,1,0,38,0,0,,,,,,,,,,,,,,,,,,,,
2026-07-01 21:11:27,206783.765625,A0DB8AF16E20,mous,male,C57BL/6,1.1.1,Free_feeding,0,CenterWithPellet,476,1,0,39,0,0,,,,,,,,,,,,,,,,,,,,
2026-07-01 21:11:28,206785.000000,A0DB8AF16E20,mous,male,C57BL/6,1.1.1,Free_feeding,0,CenterWithPellet,476,1,0,40,0,0,,,,,,,,,,,,,,,,,,,,
2026-07-01 21:11:29,206785.640625,A0DB8AF16E20,mous,male,C57BL/6,1.1.1,Free_feeding,0,CenterWithPellet,476,1,0,41,0,0,,,,,,,,,,,,,,,,,,,,
2026-07-01 21:11:30,206787.000000,A0DB8AF16E20,mous,male,C57BL/6,1.1.1,Free_feeding,0,CenterWithPellet,476,1,0,42,0,0,,,,,,,,,,,,,,,,,,,,
2026-07-01 21:12:24,206841.078125,A0DB8AF16E20,mous,male,C57BL/6,1.1.1,Free_feeding,0,CenterWithPellet,476,1,0,44,0,0,,,,,,,,,,,,,,,,,,,,
2026-07-01 21:12:31,206847.203125,A0DB8AF16E20,mous,male,C57BL/6,1.1.1,Free_feeding,0,CenterWithPellet,476,1,0,45,0,0,,,,,,,,,,,,,,,,,,,,
2026-07-01 21:12:42,206858.859375,A0DB8AF16E20,mous,male,C57BL/6,1.1.1,Free_feeding,0,CenterWithPellet,476,1,0,46,0,0,,,,,,,,,,,,,,,,,,,,
2026-07-01 21:13:28,206904.781250,A0DB8AF16E20,mous,male,C57BL/6,1.1.1,Free_feeding,0,PelletDrop,477,1,0,46,0,0,,,,,,,,,,,,,,,,,,,,
2026-07-01 21:13:34,206910.859375,A0DB8AF16E20,mous,male,C57BL/6,1.1.1,Free_feeding,0,PelletTaken,477,1,0,46,0,0,5.724,3.000,0,1,,,,,,,,,,,,,,,,
2026-07-01 21:13:41,206917.812500,A0DB8AF16E20,mous,male,C57BL/6,1.1.1,Free_feeding,0,PelletDrop,478,1,0,46,0,0,,,,,,,,,,,,,,,,,,,,
2026-07-01 21:13:48,206924.546875,A0DB8AF16E20,mous,male,C57BL/6,1.1.1,Free_feeding,0,PelletTaken,478,1,0,46,0,0,6.396,3.000,0,1,,,,,,,,,,,,,,,,
2026-07-01 21:13:55,206931.500000,A0DB8AF16E20,mous,male,C57BL/6,1.1.1,Free_feeding,0,PelletDrop,479,1,0,46,0,0,,,,,,,,,,,,,,,,,,,,
2026-07-01 21:14:15,206951.843750,A0DB8AF16E20,mous,male,C57BL/6,1.1.1,Free_feeding,0,PelletTaken,479,1,0,46,0,0,TimedOut,3.000,0,1,,,,,,,,,,,,,,,,
2026-07-01 21:15:11,207008.062500,A0DB8AF16E20,mous,male,C57BL/6,1.1.1,Free_feeding,0,Status,479,1,0,46,0,0,,,,,Disabled,26.0,40.0,1001.6,9.3,0.000,0.000,254108,344900,251132,8568,3.65,5.57
2026-07-01 21:25:24,207620.609375,A0DB8AF16E20,mous,male,C57BL/6,1.1.1,Free_feeding,0,Status,479,1,0,46,0,0,,,,,Disabled,26.0,39.7,1001.7,9.3,0.000,0.000,254108,344900,251132,8593,3.65,5.66
2026-07-01 21:27:43,207760.375000,A0DB8AF16E20,mous,male,C57BL/6,1.1.1,Free_feeding,0,PelletDrop,480,1,0,46,0,0,,,,,,,,,,,,,,,,,,,,
2026-07-01 21:28:04,207780.703125,A0DB8AF16E20,mous,male,C57BL/6,1.1.1,Free_feeding,0,PelletTaken,480,1,0,46,0,0,TimedOut,3.000,0,1,,,,,,,,,,,,,,,,
2026-07-01 21:35:19,208215.937500,A0DB8AF16E20,mous,male,C57BL/6,1.1.1,Free_feeding,0,PelletDrop,481,1,0,46,0,0,,,,,,,,,,,,,,,,,,,,
2026-07-01 21:35:24,208221.468750,A0DB8AF16E20,mous,male,C57BL/6,1.1.1,Free_feeding,0,PelletTaken,481,1,0,46,0,0,5.186,3.000,0,1,,,,,,,,,,,,,,,,
2026-07-01 21:35:32,208228.953125,A0DB8AF16E20,mous,male,C57BL/6,1.1.1,Free_feeding,0,Status,481,1,0,46,0,0,,,,,Disabled,26.0,39.8,1001.7,9.4,0.000,0.000,254108,344900,251132,8619,3.66,5.66
2026-07-01 21:35:34,208231.531250,A0DB8AF16E20,mous,male,C57BL/6,1.1.1,Free_feeding,0,PelletDrop,482,1,0,46,0,0,,,,,,,,,,,,,,,,,,,,
2026-07-01 21:35:37,208234.187500,A0DB8AF16E20,mous,male,C57BL/6,1.1.1,Free_feeding,0,PelletTaken,482,1,0,46,0,0,2.304,3.000,0,1,,,,,,,,,,,,,,,,
2026-07-01 21:35:46,208243.359375,A0DB8AF16E20,mous,male,C57BL/6,1.1.1,Free_feeding,0,PelletDrop,483,1,0,46,0,0,,,,,,,,,,,,,,,,,,,,
2026-07-01 21:36:06,208263.687500,A0DB8AF16E20,mous,male,C57BL/6,1.1.1,Free_feeding,0,PelletTaken,483,1,0,46,0,0,TimedOut,3.000,0,2,,,,,,,,,,,,,,,,
2026-07-01 21:45:51,208848.140625,A0DB8AF16E20,mous,male,C57BL/6,1.1.1,Free_feeding,0,Status,483,1,0,46,0,0,,,,,Disabled,26.0,39.8,1001.8,9.4,0.000,0.000,254108,344900,251132,8645,3.65,5.49
2026-07-01 21:51:33,209191.078125,A0DB8AF16E20,mous,male,C57BL/6,1.1.1,Free_feeding,0,PelletDrop,484,1,0,46,0,0,,,,,,,,,,,,,,,,,,,,
2026-07-01 21:51:41,209198.687500,A0DB8AF16E20,mous,male,C57BL/6,1.1.1,Free_feeding,0,PelletTaken,484,1,0,46,0,0,7.276,3.000,0,1,,,,,,,,,,,,,,,,
2026-07-01 21:51:48,209206.093750,A0DB8AF16E20,mous,male,C57BL/6,1.1.1,Free_feeding,0,PelletDrop,485,1,0,46,0,0,,,,,,,,,,,,,,,,,,,,
2026-07-01 21:52:09,209226.421875,A0DB8AF16E20,mous,male,C57BL/6,1.1.1,Free_feeding,0,PelletTaken,485,1,0,46,0,0,TimedOut,3.000,0,1,,,,,,,,,,,,,,,,
2026-07-01 21:55:56,209453.296875,A0DB8AF16E20,mous,male,C57BL/6,1.1.1,Free_feeding,0,Status,485,1,0,46,0,0,,,,,Disabled,26.0,39.8,1001.8,9.4,0.000,0.000,254108,344900,251132,8670,3.65,5.49
2026-07-01 22:06:08,210065.828125,A0DB8AF16E20,mous,male,C57BL/6,1.1.1,Free_feeding,0,Status,485,1,0,46,0,0,,,,,Disabled,26.0,39.8,1002.0,9.4,0.000,0.000,254108,344900,251132,8695,3.65,5.49
2026-07-01 22:09:01,210239.078125,A0DB8AF16E20,mous,male,C57BL/6,1.1.1,Free_feeding,0,PelletDrop,486,1,0,46,0,0,,,,,,,,,,,,,,,,,,,,
2026-07-01 22:09:21,210259.406250,A0DB8AF16E20,mous,male,C57BL/6,1.1.1,Free_feeding,0,PelletTaken,486,1,0,46,0,0,TimedOut,3.000,0,1,,,,,,,,,,,,,,,,
2026-07-01 22:13:20,210498.078125,A0DB8AF16E20,mous,male,C57BL/6,1.1.1,Free_feeding,0,PelletDrop,487,1,0,46,0,0,,,,,,,,,,,,,,,,,,,,
2026-07-01 22:13:31,210509.312500,A0DB8AF16E20,mous,male,C57BL/6,1.1.1,Free_feeding,0,PelletTaken,487,1,0,46,0,0,10.906,3.000,0,1,,,,,,,,,,,,,,,,
2026-07-01 22:13:38,210516.234375,A0DB8AF16E20,mous,male,C57BL/6,1.1.1,Free_feeding,0,PelletDrop,488,1,0,46,0,0,,,,,,,,,,,,,,,,,,,,
2026-07-01 22:13:58,210536.562500,A0DB8AF16E20,mous,male,C57BL/6,1.1.1,Free_feeding,0,PelletTaken,488,1,0,46,0,0,TimedOut,3.000,0,1,,,,,,,,,,,,,,,,
2026-07-01 22:16:08,210665.921875,A0DB8AF16E20,mous,male,C57BL/6,1.1.1,Free_feeding,0,Status,488,1,0,46,0,0,,,,,Disabled,25.9,40.0,1002.1,9.4,0.000,0.000,254108,344900,251132,8720,3.65,5.40
2026-07-01 22:17:35,210753.140625,A0DB8AF16E20,mous,male,C57BL/6,1.1.1,Free_feeding,0,CenterWithPellet,488,1,0,48,0,0,,,,,,,,,,,,,,,,,,,,
2026-07-01 22:17:45,210763.046875,A0DB8AF16E20,mous,male,C57BL/6,1.1.1,Free_feeding,0,CenterWithPellet,488,1,0,49,0,0,,,,,,,,,,,,,,,,,,,,
2026-07-01 22:17:54,210771.953125,A0DB8AF16E20,mous,male,C57BL/6,1.1.1,Free_feeding,0,CenterWithPellet,488,1,0,50,0,0,,,,,,,,,,,,,,,,,,,,
2026-07-01 22:18:54,210832.203125,A0DB8AF16E20,mous,male,C57BL/6,1.1.1,Free_feeding,0,PelletDrop,489,1,0,50,0,0,,,,,,,,,,,,,,,,,,,,
2026-07-01 22:19:02,210839.953125,A0DB8AF16E20,mous,male,C57BL/6,1.1.1,Free_feeding,0,PelletTaken,489,1,0,50,0,0,7.407,4.000,0,1,,,,,,,,,,,,,,,,
2026-07-01 22:19:09,210846.937500,A0DB8AF16E20,mous,male,C57BL/6,1.1.1,Free_feeding,0,PelletDrop,490,1,0,50,0,0,,,,,,,,,,,,,,,,,,,,
2026-07-01 22:19:29,210867.265625,A0DB8AF16E20,mous,male,C57BL/6,1.1.1,Free_feeding,0,PelletTaken,490,1,0,50,0,0,TimedOut,4.000,0,1,,,,,,,,,,,,,,,,
2026-07-01 22:26:31,211289.515625,A0DB8AF16E20,mous,male,C57BL/6,1.1.1,Free_feeding,0,Status,490,1,0,50,0,0,,,,,Disabled,26.0,40.0,1002.2,9.3,0.000,0.000,254108,344900,251132,8746,3.65,5.40
2026-07-01 22:29:18,211456.390625,A0DB8AF16E20,mous,male,C57BL/6,1.1.1,Free_feeding,0,PelletDrop,491,1,0,50,0,0,,,,,,,,,,,,,,,,,,,,
2026-07-01 22:29:38,211476.718750,A0DB8AF16E20,mous,male,C57BL/6,1.1.1,Free_feeding,0,PelletTaken,491,1,0,50,0,0,TimedOut,4.000,0,1,,,,,,,,,,,,,,,,
2026-07-01 22:36:40,211898.968750,A0DB8AF16E20,mous,male,C57BL/6,1.1.1,Free_feeding,0,Status,491,1,0,50,0,0,,,,,Disabled,26.0,39.8,1002.2,9.4,0.000,0.000,254108,344900,251132,8771,3.65,5.32
2026-07-01 22:40:07,212105.406250,A0DB8AF16E20,mous,male,C57BL/6,1.1.1,Free_feeding,0,CenterWithPellet,491,1,0,52,0,0,,,,,,,,,,,,,,,,,,,,
2026-07-01 22:40:30,212128.718750,A0DB8AF16E20,mous,male,C57BL/6,1.1.1,Free_feeding,0,CenterWithPellet,491,1,0,53,0,0,,,,,,,,,,,,,,,,,,,,
2026-07-01 22:40:43,212142.203125,A0DB8AF16E20,mous,male,C57BL/6,1.1.1,Free_feeding,0,PelletDrop,492,1,0,53,0,0,,,,,,,,,,,,,,,,,,,,
2026-07-01 22:40:52,212150.578125,A0DB8AF16E20,mous,male,C57BL/6,1.1.1,Free_feeding,0,PelletTaken,492,1,0,53,0,0,8.024,3.000,0,1,,,,,,,,,,,,,,,,
2026-07-01 22:40:59,212157.546875,A0DB8AF16E20,mous,male,C57BL/6,1.1.1,Free_feeding,0,PelletDrop,493,1,0,53,0,0,,,,,,,,,,,,,,,,,,,,
2026-07-01 22:41:07,212165.343750,A0DB8AF16E20,mous,male,C57BL/6,1.1.1,Free_feeding,0,PelletTaken,493,1,0,53,0,0,7.463,3.000,0,1,,,,,,,,,,,,,,,,
2026-07-01 22:41:14,212172.328125,A0DB8AF16E20,mous,male,C57BL/6,1.1.1,Free_feeding,0,PelletDrop,494,1,0,53,0,0,,,,,,,,,,,,,,,,,,,,
2026-07-01 22:41:34,212192.656250,A0DB8AF16E20,mous,male,C57BL/6,1.1.1,Free_feeding,0,PelletTaken,494,1,0,53,0,0,TimedOut,3.000,0,1,,,,,,,,,,,,,,,,
2026-07-01 22:46:58,212517.328125,A0DB8AF16E20,mous,male,C57BL/6,1.1.1,Free_feeding,0,Status,494,1,0,53,0,0,,,,,Disabled,26.0,39.6,1002.3,9.3,0.000,0.000,254108,344900,251132,8797,3.65,5.32
2026-07-01 22:53:58,212936.906250,A0DB8AF16E20,mous,male,C57BL/6,1.1.1,Free_feeding,0,PelletDrop,495,1,0,53,0,0,,,,,,,,,,,,,,,,,,,,
2026-07-01 22:54:11,212950.625000,A0DB8AF16E20,mous,male,C57BL/6,1.1.1,Free_feeding,0,PelletTaken,495,1,0,53,0,0,13.369,3.000,0,2,,,,,,,,,,,,,,,,
2026-07-01 22:57:10,213128.890625,A0DB8AF16E20,mous,male,C57BL/6,1.1.1,Free_feeding,0,Status,495,1,0,53,0,0,,,,,Disabled,26.0,39.6,1002.3,9.3,0.000,0.000,254108,344900,251132,8822,3.65,5.23
2026-07-01 23:07:22,213741.921875,A0DB8AF16E20,mous,male,C57BL/6,1.1.1,Free_feeding,0,Status,495,1,0,53,0,0,,,,,Disabled,26.0,39.6,1002.3,9.3,0.000,0.000,254108,344900,251132,8847,3.65,5.15
2026-07-01 23:10:36,213935.593750,A0DB8AF16E20,mous,male,C57BL/6,1.1.1,Free_feeding,0,PelletDrop,496,1,0,53,0,0,,,,,,,,,,,,,,,,,,,,
2026-07-01 23:10:44,213943.890625,A0DB8AF16E20,mous,male,C57BL/6,1.1.1,Free_feeding,0,PelletTaken,496,1,0,53,0,0,7.969,3.000,0,1,,,,,,,,,,,,,,,,
2026-07-01 23:10:51,213950.875000,A0DB8AF16E20,mous,male,C57BL/6,1.1.1,Free_feeding,0,PelletDrop,497,1,0,53,0,0,,,,,,,,,,,,,,,,,,,,
2026-07-01 23:11:01,213960.437500,A0DB8AF16E20,mous,male,C57BL/6,1.1.1,Free_feeding,0,PelletTaken,497,1,0,53,0,0,9.223,3.000,0,1,,,,,,,,,,,,,,,,
2026-07-01 23:11:08,213967.421875,A0DB8AF16E20,mous,male,C57BL/6,1.1.1,Free_feeding,0,PelletDrop,498,1,0,53,0,0,,,,,,,,,,,,,,,,,,,,
2026-07-01 23:11:28,213987.750000,A0DB8AF16E20,mous,male,C57BL/6,1.1.1,Free_feeding,0,PelletTaken,498,1,0,53,0,0,TimedOut,3.000,0,1,,,,,,,,,,,,,,,,
2026-07-01 23:17:41,214361.203125,A0DB8AF16E20,mous,male,C57BL/6,1.1.1,Free_feeding,0,Status,498,1,0,53,0,0,,,,,Disabled,26.0,39.6,1002.3,9.3,0.000,0.000,254108,344900,251132,8873,3.65,4.98
2026-07-01 23:27:54,214974.250000,A0DB8AF16E20,mous,male,C57BL/6,1.1.1,Free_feeding,0,Status,498,1,0,53,0,0,,,,,Disabled,26.0,39.7,1002.3,9.4,0.000,0.000,254108,344900,251132,8898,3.65,4.98
2026-07-01 23:38:07,215587.281250,A0DB8AF16E20,mous,male,C57BL/6,1.1.1,Free_feeding,0,Status,498,1,0,53,0,0,,,,,Disabled,26.0,39.7,1002.3,9.3,0.000,0.000,254108,344900,251132,8923,3.64,4.98
2026-07-01 23:38:39,215619.531250,A0DB8AF16E20,mous,male,C57BL/6,1.1.1,Free_feeding,0,PelletDrop,499,1,0,53,0,0,,,,,,,,,,,,,,,,,,,,
2026-07-01 23:39:00,215639.875000,A0DB8AF16E20,mous,male,C57BL/6,1.1.1,Free_feeding,0,PelletTaken,499,1,0,53,0,0,TimedOut,4.000,0,1,,,,,,,,,,,,,,,,
2026-07-01 23:48:28,216208.500000,A0DB8AF16E20,mous,male,C57BL/6,1.1.1,Free_feeding,0,Status,499,1,0,53,0,0,,,,,Disabled,26.0,39.6,1002.2,9.3,0.000,0.000,254108,344900,251132,8949,3.64,4.98
2026-07-01 23:51:35,216395.718750,A0DB8AF16E20,mous,male,C57BL/6,1.1.1,Free_feeding,0,PelletDrop,500,1,0,53,0,0,,,,,,,,,,,,,,,,,,,,
2026-07-01 23:51:56,216416.062500,A0DB8AF16E20,mous,male,C57BL/6,1.1.1,Free_feeding,0,PelletTaken,500,1,0,53,0,0,TimedOut,4.000,0,1,,,,,,,,,,,,,,,,
2026-07-01 23:58:33,216813.937500,A0DB8AF16E20,mous,male,C57BL/6,1.1.1,Free_feeding,0,Status,500,1,0,53,0,0,,,,,Disabled,26.0,39.7,1002.2,9.3,0.000,0.000,254108,344900,251132,8974,3.64,4.81
2026-07-01 23:58:48,216828.890625,A0DB8AF16E20,mous,male,C57BL/6,1.1.1,Free_feeding,0,PelletDrop,501,1,0,53,0,0,,,,,,,,,,,,,,,,,,,,
2026-07-01 23:58:55,216835.375000,A0DB8AF16E20,mous,male,C57BL/6,1.1.1,Free_feeding,0,PelletTaken,501,1,0,53,0,0,6.144,3.000,0,1,,,,,,,,,,,,,,,,
2026-07-01 23:59:02,216842.359375,A0DB8AF16E20,mous,male,C57BL/6,1.1.1,Free_feeding,0,PelletDrop,502,1,0,53,0,0,,,,,,,,,,,,,,,,,,,,
2026-07-01 23:59:22,216862.687500,A0DB8AF16E20,mous,male,C57BL/6,1.1.1,Free_feeding,0,PelletTaken,502,1,0,53,0,0,TimedOut,3.000,0,1,,,,,,,,,,,,,,,,
2026-07-02 00:08:50,217431.328125,A0DB8AF16E20,mous,male,C57BL/6,1.1.1,Free_feeding,0,Status,502,1,0,53,0,0,,,,,Disabled,26.0,39.6,1002.1,9.3,0.000,0.000,254108,344900,251132,9000,3.64,4.81
2026-07-02 00:19:03,218044.390625,A0DB8AF16E20,mous,male,C57BL/6,1.1.1,Free_feeding,0,Status,502,1,0,53,0,0,,,,,Disabled,26.0,39.5,1002.1,9.3,0.000,0.000,254108,344900,251132,9025,3.64,4.81
2026-07-02 00:29:16,218657.421875,A0DB8AF16E20,mous,male,C57BL/6,1.1.1,Free_feeding,0,Status,502,1,0,53,0,0,,,,,Disabled,26.0,39.4,1002.0,9.3,0.000,0.000,254108,344900,251132,9050,3.64,4.72
2026-07-02 00:39:29,219270.468750,A0DB8AF16E20,mous,male,C57BL/6,1.1.1,Free_feeding,0,Status,502,1,0,53,0,0,,,,,Disabled,26.0,39.4,1001.9,9.3,0.000,0.000,254108,344900,251132,9075,3.64,4.72
2026-07-02 00:49:42,219883.500000,A0DB8AF16E20,mous,male,C57BL/6,1.1.1,Free_feeding,0,Status,502,1,0,53,0,0,,,,,Disabled,26.0,39.3,1001.9,9.3,0.000,0.000,254108,344900,251132,9100,3.64,4.64
2026-07-02 00:53:29,220111.234375,A0DB8AF16E20,mous,male,C57BL/6,1.1.1,Free_feeding,0,PelletDrop,503,1,0,53,0,0,,,,,,,,,,,,,,,,,,,,
2026-07-02 00:53:50,220131.562500,A0DB8AF16E20,mous,male,C57BL/6,1.1.1,Free_feeding,0,PelletTaken,503,1,0,53,0,0,TimedOut,3.000,0,1,,,,,,,,,,,,,,,,
2026-07-02 00:53:57,220138.546875,A0DB8AF16E20,mous,male,C57BL/6,1.1.1,Free_feeding,0,PelletDrop,504,1,0,53,0,0,,,,,,,,,,,,,,,,,,,,
2026-07-02 00:54:10,220151.734375,A0DB8AF16E20,mous,male,C57BL/6,1.1.1,Free_feeding,0,PelletTaken,504,1,0,53,0,0,12.842,3.000,0,1,,,,,,,,,,,,,,,,
2026-07-02 00:54:17,220158.703125,A0DB8AF16E20,mous,male,C57BL/6,1.1.1,Free_feeding,0,PelletDrop,505,1,0,53,0,0,,,,,,,,,,,,,,,,,,,,
2026-07-02 00:54:29,220170.890625,A0DB8AF16E20,mous,male,C57BL/6,1.1.1,Free_feeding,0,PelletTaken,505,1,0,53,0,0,11.840,3.000,0,1,,,,,,,,,,,,,,,,
2026-07-02 00:54:36,220177.875000,A0DB8AF16E20,mous,male,C57BL/6,1.1.1,Free_feeding,0,PelletDrop,506,1,0,53,0,0,,,,,,,,,,,,,,,,,,,,
2026-07-02 00:54:56,220198.203125,A0DB8AF16E20,mous,male,C57BL/6,1.1.1,Free_feeding,0,PelletTaken,506,1,0,53,0,0,TimedOut,3.000,0,1,,,,,,,,,,,,,,,,
2026-07-02 00:59:56,220498.468750,A0DB8AF16E20,mous,male,C57BL/6,1.1.1,Free_feeding,0,Status,506,1,0,53,0,0,,,,,Disabled,26.0,39.3,1001.8,9.3,0.000,0.000,254108,344900,251132,9126,3.65,4.64
2026-07-02 01:10:09,221111.515625,A0DB8AF16E20,mous,male,C57BL/6,1.1.1,Free_feeding,0,Status,506,1,0,53,0,0,,,,,Disabled,26.0,39.3,1001.8,9.3,0.000,0.000,254108,344900,251132,9151,3.64,4.55
2026-07-02 01:17:20,221542.796875,A0DB8AF16E20,mous,male,C57BL/6,1.1.1,Free_feeding,0,PelletDrop,507,1,0,53,0,0,,,,,,,,,,,,,,,,,,,,
2026-07-02 01:17:41,221563.125000,A0DB8AF16E20,mous,male,C57BL/6,1.1.1,Free_feeding,0,PelletTaken,507,1,0,53,0,0,TimedOut,3.000,0,1,,,,,,,,,,,,,,,,
2026-07-02 01:20:14,221717.015625,A0DB8AF16E20,mous,male,C57BL/6,1.1.1,Free_feeding,0,Status,507,1,0,53,0,0,,,,,Disabled,26.0,39.4,1001.8,9.3,0.000,0.000,254108,344900,251132,9176,3.64,4.47
2026-07-02 01:30:27,222330.093750,A0DB8AF16E20,mous,male,C57BL/6,1.1.1,Free_feeding,0,Status,507,1,0,53,0,0,,,,,Disabled,26.0,39.6,1001.7,9.2,0.000,0.000,254108,344900,251132,9201,3.64,4.47
2026-07-02 01:31:19,222381.468750,A0DB8AF16E20,mous,male,C57BL/6,1.1.1,Free_feeding,0,PelletDrop,508,1,0,53,0,0,,,,,,,,,,,,,,,,,,,,
2026-07-02 01:31:30,222393.265625,A0DB8AF16E20,mous,male,C57BL/6,1.1.1,Free_feeding,0,PelletTaken,508,1,0,53,0,0,11.444,3.000,0,1,,,,,,,,,,,,,,,,
2026-07-02 01:31:37,222400.250000,A0DB8AF16E20,mous,male,C57BL/6,1.1.1,Free_feeding,0,PelletDrop,509,1,0,53,0,0,,,,,,,,,,,,,,,,,,,,
2026-07-02 01:31:58,222420.562500,A0DB8AF16E20,mous,male,C57BL/6,1.1.1,Free_feeding,0,PelletTaken,509,1,0,53,0,0,TimedOut,3.000,0,1,,,,,,,,,,,,,,,,
2026-07-02 01:40:37,222940.406250,A0DB8AF16E20,mous,male,C57BL/6,1.1.1,Free_feeding,0,Status,509,1,0,53,0,0,,,,,Disabled,26.0,39.5,1001.6,9.3,0.000,0.000,254108,344900,251132,9226,3.63,4.38
2026-07-02 01:43:03,223085.750000,A0DB8AF16E20,mous,male,C57BL/6,1.1.1,Free_feeding,0,PelletDrop,510,1,0,53,0,0,,,,,,,,,,,,,,,,,,,,
2026-07-02 01:43:23,223106.078125,A0DB8AF16E20,mous,male,C57BL/6,1.1.1,Free_feeding,0,PelletTaken,510,1,0,53,0,0,TimedOut,3.000,0,1,,,,,,,,,,,,,,,,
2026-07-02 01:50:49,223552.718750,A0DB8AF16E20,mous,male,C57BL/6,1.1.1,Free_feeding,0,Status,510,1,0,53,0,0,,,,,Disabled,26.0,39.5,1001.7,9.3,0.000,0.000,254108,344900,251132,9251,3.64,4.38
