DateTime,ElapsedSeconds,ESP32_UID,MouseID,Sex,Strain,LibraryVer,Program,FR,Event,PelletCount,LeftCount,RightCount,CenterCount,BlockPelletCount,BlockPokeCount,RetrievalTime,PokeDuration,DispenseError,MotorTurns,Motion,Temperature,Humidity,Pressure,GasResistance,Lux,White,FreeHeap,HeapSize,MinFreeHeap,WakeCount,BatteryVoltage,BatteryPercent
2026-06-29 11:31:02,38.182999,B8DB8AF16E20,mous,male,C57BL/6,1.1.1,FR1_Approach,0,Startup,0,0,0,0,0,0,,,,,0.0,25.3,38.6,1012.2,12.5,2.398,1151.000,253272,344900,251056,0,4.16,97.50
2026-06-29 11:31:10,46.488998,B8DB8AF16E20,mous,male,C57BL/6,1.1.1,FR1_Approach,0,PelletDrop,1,0,0,0,0,0,,,,,,,,,,,,,,,,,,,,
2026-06-29 11:31:31,66.818001,B8DB8AF16E20,mous,male,C57BL/6,1.1.1,FR1_Approach,0,PelletTaken,1,0,0,0,0,0,TimedOut,0.000,0,1,,,,,,,,,,,,,,,,
2026-06-29 11:40:34,610.573975,B8DB8AF16E20,mous,male,C57BL/6,1.1.1,FR1_Approach,0,Status,1,0,0,0,0,0,,,,,Disabled,25.3,39.0,1012.2,16.5,1.217,468.000,254228,344900,251056,24,4.16,97.34
2026-06-29 11:50:46,1222.743042,B8DB8AF16E20,mous,male,C57BL/6,1.1.1,FR1_Approach,0,Status,1,0,0,0,0,0,,,,,Disabled,25.2,39.1,1012.2,18.6,8.316,2948.000,254228,344900,251056,49,4.16,97.03
2026-06-29 12:00:56,1833.262939,B8DB8AF16E20,mous,male,C57BL/6,1.1.1,FR1_Approach,0,Status,1,0,0,0,0,0,,,,,Disabled,25.1,39.2,1012.2,19.8,8.100,2878.000,254228,344900,251056,74,4.15,96.71
2026-06-29 12:11:07,2443.625977,B8DB8AF16E20,mous,male,C57BL/6,1.1.1,FR1_Approach,0,Status,1,0,0,0,0,0,,,,,Disabled,25.1,39.3,1012.1,20.4,8.222,2916.000,254228,344900,251056,99,4.15,96.39
2026-06-29 12:21:17,3054.146973,B8DB8AF16E20,mous,male,C57BL/6,1.1.1,FR1_Approach,0,Status,1,0,0,0,0,0,,,,,Disabled,25.0,39.3,1012.1,20.8,8.244,2920.000,254228,344900,251056,124,4.15,96.23
2026-06-29 12:31:27,3664.510010,B8DB8AF16E20,mous,male,C57BL/6,1.1.1,FR1_Approach,0,Status,1,0,0,0,0,0,,,,,Disabled,25.0,39.4,1012.0,21.2,8.222,2921.000,254228,344900,251056,149,4.16,95.92
2026-06-29 12:41:37,4274.873047,B8DB8AF16E20,mous,male,C57BL/6,1.1.1,FR1_Approach,0,Status,1,0,0,0,0,0,,,,,Disabled,24.9,39.4,1012.0,21.5,8.230,2920.000,254228,344900,251056,174,4.15,95.60
2026-06-29 12:51:48,4885.562012,B8DB8AF16E20,mous,male,C57BL/6,1.1.1,FR1_Approach,0,Status,1,0,0,0,0,0,,,,,Disabled,24.9,39.5,1012.0,21.7,1.937,744.000,254228,344900,251056,199,4.14,95.29
2026-06-29 13:02:00,5497.872070,B8DB8AF16E20,mous,male,C57BL/6,1.1.1,FR1_Approach,0,Status,1,0,0,0,0,0,,,,,Disabled,24.9,40.3,1012.0,21.7,0.068,44.000,254228,344900,251056,224,4.14,95.13
2026-06-29 13:03:08,5565.995117,B8DB8AF16E20,mous,male,C57BL/6,1.1.1,FR1_Approach,0,PelletDrop,2,0,0,0,0,0,,,,,,,,,,,,,,,,,,,,
2026-06-29 13:03:14,5572.508789,B8DB8AF16E20,mous,male,C57BL/6,1.1.1,FR1_Approach,0,PelletTaken,2,0,0,0,0,0,6.164,0.000,0,1,,,,,,,,,,,,,,,,
2026-06-29 13:03:21,5579.474121,B8DB8AF16E20,mous,male,C57BL/6,1.1.1,FR1_Approach,0,PelletDrop,3,0,0,0,0,0,,,,,,,,,,,,,,,,,,,,
2026-06-29 13:03:28,5586.381836,B8DB8AF16E20,mous,male,C57BL/6,1.1.1,FR1_Approach,0,PelletTaken,3,0,0,0,0,0,6.572,0.000,0,1,,,,,,,,,,,,,,,,
2026-06-29 13:03:35,5593.346191,B8DB8AF16E20,mous,male,C57BL/6,1.1.1,FR1_Approach,0,PelletDrop,4,0,0,0,0,0,,,,,,,,,,,,,,,,,,,,
2026-06-29 13:03:56,5613.698242,B8DB8AF16E20,mous,male,C57BL/6,1.1.1,FR1_Approach,0,PelletTaken,4,0,0,0,0,0,TimedOut,0.000,0,1,,,,,,,,,,,,,,,,
2026-06-29 13:10:03,5981.223145,B8DB8AF16E20,mous,male,C57BL/6,1.1.1,FR1_Approach,0,PelletDrop,5,0,0,0,0,0,,,,,,,,,,,,,,,,,,,,
2026-06-29 13:10:13,5991.234863,B8DB8AF16E20,mous,male,C57BL/6,1.1.1,FR1_Approach,0,PelletTaken,5,0,0,0,0,0,9.674,0.000,0,1,,,,,,,,,,,,,,,,
2026-06-29 13:10:20,5998.201172,B8DB8AF16E20,mous,male,C57BL/6,1.1.1,FR1_Approach,0,PelletDrop,6,0,0,0,0,0,,,,,,,,,,,,,,,,,,,,
2026-06-29 13:10:40,6018.545898,B8DB8AF16E20,mous,male,C57BL/6,1.1.1,FR1_Approach,0,PelletTaken,6,0,0,0,0,0,TimedOut,0.000,0,1,,,,,,,,,,,,,,,,
2026-06-29 13:12:01,6099.155762,B8DB8AF16E20,mous,male,C57BL/6,1.1.1,FR1_Approach,0,Status,6,0,0,0,0,0,,,,,Disabled,24.9,40.7,1011.9,21.8,0.065,46.000,254228,344900,251056,250,4.14,94.81
2026-06-29 13:22:13,6711.720215,B8DB8AF16E20,mous,male,C57BL/6,1.1.1,FR1_Approach,0,Status,6,0,0,0,0,0,,,,,Disabled,25.0,40.9,1011.8,21.6,0.058,40.000,254228,344900,251056,275,4.14,94.50
2026-06-29 13:22:39,6737.726074,B8DB8AF16E20,mous,male,C57BL/6,1.1.1,FR1_Approach,0,PelletDrop,7,0,0,0,0,0,,,,,,,,,,,,,,,,,,,,
2026-06-29 13:22:51,6749.528809,B8DB8AF16E20,mous,male,C57BL/6,1.1.1,FR1_Approach,0,PelletTaken,7,0,0,0,0,0,11.467,0.000,0,1,,,,,,,,,,,,,,,,
2026-06-29 13:22:58,6756.495117,B8DB8AF16E20,mous,male,C57BL/6,1.1.1,FR1_Approach,0,PelletDrop,8,0,0,0,0,0,,,,,,,,,,,,,,,,,,,,
2026-06-29 13:23:08,6765.901855,B8DB8AF16E20,mous,male,C57BL/6,1.1.1,FR1_Approach,0,PelletTaken,8,0,0,0,0,0,9.069,0.000,0,1,,,,,,,,,,,,,,,,
2026-06-29 13:23:14,6772.882812,B8DB8AF16E20,mous,male,C57BL/6,1.1.1,FR1_Approach,0,PelletDrop,9,0,0,0,0,0,,,,,,,,,,,,,,,,,,,,
2026-06-29 13:23:35,6793.211914,B8DB8AF16E20,mous,male,C57BL/6,1.1.1,FR1_Approach,0,PelletTaken,9,0,0,0,0,0,TimedOut,0.000,0,1,,,,,,,,,,,,,,,,
2026-06-29 13:29:04,7122.600098,B8DB8AF16E20,mous,male,C57BL/6,1.1.1,FR1_Approach,0,PelletDrop,10,0,0,0,0,0,,,,,,,,,,,,,,,,,,,,
2026-06-29 13:29:14,7132.901855,B8DB8AF16E20,mous,male,C57BL/6,1.1.1,FR1_Approach,0,PelletTaken,10,0,0,0,0,0,9.949,0.000,0,1,,,,,,,,,,,,,,,,
2026-06-29 13:29:21,7139.877930,B8DB8AF16E20,mous,male,C57BL/6,1.1.1,FR1_Approach,0,PelletDrop,11,0,0,0,0,0,,,,,,,,,,,,,,,,,,,,
2026-06-29 13:29:42,7160.208008,B8DB8AF16E20,mous,male,C57BL/6,1.1.1,FR1_Approach,0,PelletTaken,11,0,0,0,0,0,TimedOut,0.000,0,1,,,,,,,,,,,,,,,,
2026-06-29 13:32:15,7313.956055,B8DB8AF16E20,mous,male,C57BL/6,1.1.1,FR1_Approach,0,Status,11,0,0,0,0,0,,,,,Disabled,25.1,40.9,1011.8,21.6,0.061,40.000,254136,344900,251056,301,4.14,94.34
2026-06-29 13:42:28,7926.536133,B8DB8AF16E20,mous,male,C57BL/6,1.1.1,FR1_Approach,0,Status,11,0,0,0,0,0,,,,,Disabled,25.2,40.9,1011.7,21.4,0.043,36.000,254136,344900,251056,326,4.14,94.02
2026-06-29 13:43:19,7977.883789,B8DB8AF16E20,mous,male,C57BL/6,1.1.1,FR1_Approach,0,PelletDrop,12,0,0,0,0,0,,,,,,,,,,,,,,,,,,,,
2026-06-29 13:43:39,7997.750977,B8DB8AF16E20,mous,male,C57BL/6,1.1.1,FR1_Approach,0,PelletTaken,12,0,0,0,0,0,19.529,0.000,0,1,,,,,,,,,,,,,,,,
2026-06-29 13:43:46,8004.731934,B8DB8AF16E20,mous,male,C57BL/6,1.1.1,FR1_Approach,0,PelletDrop,13,0,0,0,0,0,,,,,,,,,,,,,,,,,,,,
2026-06-29 13:43:54,8013.136230,B8DB8AF16E20,mous,male,C57BL/6,1.1.1,FR1_Approach,0,PelletTaken,13,0,0,0,0,0,8.068,0.000,0,1,,,,,,,,,,,,,,,,
2026-06-29 13:44:01,8020.102051,B8DB8AF16E20,mous,male,C57BL/6,1.1.1,FR1_Approach,0,PelletDrop,14,0,0,0,0,0,,,,,,,,,,,,,,,,,,,,
2026-06-29 13:44:10,8028.713867,B8DB8AF16E20,mous,male,C57BL/6,1.1.1,FR1_Approach,0,PelletTaken,14,0,0,0,0,0,8.266,0.000,0,1,,,,,,,,,,,,,,,,
2026-06-29 13:44:17,8035.694824,B8DB8AF16E20,mous,male,C57BL/6,1.1.1,FR1_Approach,0,PelletDrop,15,0,0,0,0,0,,,,,,,,,,,,,,,,,,,,
2026-06-29 13:44:25,8044.208008,B8DB8AF16E20,mous,male,C57BL/6,1.1.1,FR1_Approach,0,PelletTaken,15,0,0,0,0,0,8.177,0.000,0,1,,,,,,,,,,,,,,,,
2026-06-29 13:44:32,8051.174805,B8DB8AF16E20,mous,male,C57BL/6,1.1.1,FR1_Approach,0,PelletDrop,16,0,0,0,0,0,,,,,,,,,,,,,,,,,,,,
2026-06-29 13:44:43,8061.450195,B8DB8AF16E20,mous,male,C57BL/6,1.1.1,FR1_Approach,0,PelletTaken,16,0,0,0,0,0,9.938,0.000,0,1,,,,,,,,,,,,,,,,
2026-06-29 13:44:50,8068.431152,B8DB8AF16E20,mous,male,C57BL/6,1.1.1,FR1_Approach,0,PelletDrop,17,0,0,0,0,0,,,,,,,,,,,,,,,,,,,,
2026-06-29 13:45:00,8078.429199,B8DB8AF16E20,mous,male,C57BL/6,1.1.1,FR1_Approach,0,PelletTaken,17,0,0,0,0,0,9.662,0.000,0,1,,,,,,,,,,,,,,,,
2026-06-29 13:45:07,8085.395996,B8DB8AF16E20,mous,male,C57BL/6,1.1.1,FR1_Approach,0,PelletDrop,18,0,0,0,0,0,,,,,,,,,,,,,,,,,,,,
2026-06-29 13:45:20,8098.767090,B8DB8AF16E20,mous,male,C57BL/6,1.1.1,FR1_Approach,0,PelletTaken,18,0,0,0,0,0,13.018,0.000,0,1,,,,,,,,,,,,,,,,
2026-06-29 13:45:27,8105.730957,B8DB8AF16E20,mous,male,C57BL/6,1.1.1,FR1_Approach,0,PelletDrop,19,0,0,0,0,0,,,,,,,,,,,,,,,,,,,,
2026-06-29 13:45:47,8126.061035,B8DB8AF16E20,mous,male,C57BL/6,1.1.1,FR1_Approach,0,PelletTaken,19,0,0,0,0,0,TimedOut,0.000,0,1,,,,,,,,,,,,,,,,
2026-06-29 13:46:06,8144.953125,B8DB8AF16E20,mous,male,C57BL/6,1.1.1,FR1_Approach,0,PelletDrop,20,0,0,0,0,0,,,,,,,,,,,,,,,,,,,,
2026-06-29 13:46:26,8165.298828,B8DB8AF16E20,mous,male,C57BL/6,1.1.1,FR1_Approach,0,PelletTaken,20,0,0,0,0,0,TimedOut,0.000,0,1,,,,,,,,,,,,,,,,
2026-06-29 13:52:39,8538.451172,B8DB8AF16E20,mous,male,C57BL/6,1.1.1,FR1_Approach,0,Status,20,0,0,0,0,0,,,,,Disabled,25.3,40.8,1011.6,21.3,0.043,34.000,254136,344900,251056,353,4.13,93.86
2026-06-29 14:02:52,9151.014648,B8DB8AF16E20,mous,male,C57BL/6,1.1.1,FR1_Approach,0,Status,20,0,0,0,0,0,,,,,Disabled,25.3,40.6,1011.5,21.3,0.040,34.000,254136,344900,251056,378,4.13,93.55
2026-06-29 14:13:04,9763.617188,B8DB8AF16E20,mous,male,C57BL/6,1.1.1,FR1_Approach,0,Status,20,0,0,0,0,0,,,,,Disabled,25.4,40.4,1011.5,21.3,0.043,35.000,254136,344900,251056,403,4.13,93.23
2026-06-29 14:23:17,10376.179688,B8DB8AF16E20,mous,male,C57BL/6,1.1.1,FR1_Approach,0,Status,20,0,0,0,0,0,,,,,Disabled,25.4,40.2,1011.4,21.2,0.043,34.000,254088,344900,251056,428,4.13,92.91
2026-06-29 14:33:29,10988.745117,B8DB8AF16E20,mous,male,C57BL/6,1.1.1,FR1_Approach,0,Status,20,0,0,0,0,0,,,,,Disabled,25.4,40.0,1011.3,21.3,0.043,34.000,254076,344900,251056,453,4.12,92.75
2026-06-29 14:43:41,11601.325195,B8DB8AF16E20,mous,male,C57BL/6,1.1.1,FR1_Approach,0,Status,20,0,0,0,0,0,,,,,Disabled,25.5,39.9,1011.2,21.3,0.043,35.000,254076,344900,251056,478,4.12,92.44
2026-06-29 14:53:54,12213.887695,B8DB8AF16E20,mous,male,C57BL/6,1.1.1,FR1_Approach,0,Status,20,0,0,0,0,0,,,,,Disabled,25.5,39.8,1011.2,21.3,0.043,35.000,254076,344900,251056,503,4.12,92.12
2026-06-29 15:01:07,12646.964844,B8DB8AF16E20,mous,male,C57BL/6,1.1.1,FR1_Approach,0,PelletDrop,21,0,0,0,0,0,,,,,,,,,,,,,,,,,,,,
2026-06-29 15:01:27,12667.254883,B8DB8AF16E20,mous,male,C57BL/6,1.1.1,FR1_Approach,0,PelletTaken,21,0,0,0,0,0,TimedOut,0.000,0,1,,,,,,,,,,,,,,,,
2026-06-29 15:01:34,12674.219727,B8DB8AF16E20,mous,male,C57BL/6,1.1.1,FR1_Approach,0,PelletDrop,22,0,0,0,0,0,,,,,,,,,,,,,,,,,,,,
2026-06-29 15:01:54,12694.549805,B8DB8AF16E20,mous,male,C57BL/6,1.1.1,FR1_Approach,0,PelletTaken,22,0,0,0,0,0,TimedOut,0.000,0,1,,,,,,,,,,,,,,,,
2026-06-29 15:02:10,12710.684570,B8DB8AF16E20,mous,male,C57BL/6,1.1.1,FR1_Approach,0,PelletDrop,23,0,0,0,0,0,,,,,,,,,,,,,,,,,,,,
2026-06-29 15:02:30,12729.891602,B8DB8AF16E20,mous,male,C57BL/6,1.1.1,FR1_Approach,0,PelletTaken,23,0,0,0,0,0,18.870,0.000,0,1,,,,,,,,,,,,,,,,
2026-06-29 15:02:37,12736.869141,B8DB8AF16E20,mous,male,C57BL/6,1.1.1,FR1_Approach,0,PelletDrop,24,0,0,0,0,0,,,,,,,,,,,,,,,,,,,,
2026-06-29 15:02:52,12752.248047,B8DB8AF16E20,mous,male,C57BL/6,1.1.1,FR1_Approach,0,PelletTaken,24,0,0,0,0,0,15.041,0.000,0,1,,,,,,,,,,,,,,,,
2026-06-29 15:02:59,12759.230469,B8DB8AF16E20,mous,male,C57BL/6,1.1.1,FR1_Approach,0,PelletDrop,25,0,0,0,0,0,,,,,,,,,,,,,,,,,,,,
2026-06-29 15:03:15,12775.533203,B8DB8AF16E20,mous,male,C57BL/6,1.1.1,FR1_Approach,0,PelletTaken,25,0,0,0,0,0,15.967,0.000,0,1,,,,,,,,,,,,,,,,
2026-06-29 15:03:22,12782.499023,B8DB8AF16E20,mous,male,C57BL/6,1.1.1,FR1_Approach,0,PelletDrop,26,0,0,0,0,0,,,,,,,,,,,,,,,,,,,,
2026-06-29 15:03:43,12802.830078,B8DB8AF16E20,mous,male,C57BL/6,1.1.1,FR1_Approach,0,PelletTaken,26,0,0,0,0,0,TimedOut,0.000,0,1,,,,,,,,,,,,,,,,
2026-06-29 15:04:14,12834.700195,B8DB8AF16E20,mous,male,C57BL/6,1.1.1,FR1_Approach,0,Status,26,0,0,0,0,0,,,,,Disabled,25.5,39.6,1011.2,21.2,0.072,52.000,254076,344900,251056,529,4.12,91.96
2026-06-29 15:14:27,13447.262695,B8DB8AF16E20,mous,male,C57BL/6,1.1.1,FR1_Approach,0,Status,26,0,0,0,0,0,,,,,Disabled,25.6,39.6,1011.1,21.0,0.000,3.000,254076,344900,251056,554,4.12,91.65
2026-06-29 15:17:53,13653.132812,B8DB8AF16E20,mous,male,C57BL/6,1.1.1,FR1_Approach,0,PelletDrop,27,0,0,0,0,0,,,,,,,,,,,,,,,,,,,,
2026-06-29 15:18:06,13666.494141,B8DB8AF16E20,mous,male,C57BL/6,1.1.1,FR1_Approach,0,PelletTaken,27,0,0,0,0,0,13.007,0.000,0,1,,,,,,,,,,,,,,,,
2026-06-29 15:18:13,13673.458984,B8DB8AF16E20,mous,male,C57BL/6,1.1.1,FR1_Approach,0,PelletDrop,28,0,0,0,0,0,,,,,,,,,,,,,,,,,,,,
2026-06-29 15:18:27,13687.561523,B8DB8AF16E20,mous,male,C57BL/6,1.1.1,FR1_Approach,0,PelletTaken,28,0,0,0,0,0,13.765,0.000,0,1,,,,,,,,,,,,,,,,
2026-06-29 15:18:34,13694.528320,B8DB8AF16E20,mous,male,C57BL/6,1.1.1,FR1_Approach,0,PelletDrop,29,0,0,0,0,0,,,,,,,,,,,,,,,,,,,,
2026-06-29 15:18:54,13714.874023,B8DB8AF16E20,mous,male,C57BL/6,1.1.1,FR1_Approach,0,PelletTaken,29,0,0,0,0,0,TimedOut,0.000,0,1,,,,,,,,,,,,,,,,
2026-06-29 15:24:43,14063.648438,B8DB8AF16E20,mous,male,C57BL/6,1.1.1,FR1_Approach,0,Status,29,0,0,0,0,0,,,,,Disabled,25.6,39.5,1011.0,20.9,0.047,34.000,254076,344900,251056,580,4.11,91.33
2026-06-29 15:34:55,14676.234375,B8DB8AF16E20,mous,male,C57BL/6,1.1.1,FR1_Approach,0,Status,29,0,0,0,0,0,,,,,Disabled,25.6,39.5,1010.9,21.1,0.036,30.000,254076,344900,251056,605,4.12,91.17
2026-06-29 15:45:08,15288.824219,B8DB8AF16E20,mous,male,C57BL/6,1.1.1,FR1_Approach,0,Status,29,0,0,0,0,0,,,,,Disabled,25.7,39.4,1010.8,21.1,0.036,33.000,254076,344900,251056,630,4.11,90.86
2026-06-29 15:55:20,15901.386719,B8DB8AF16E20,mous,male,C57BL/6,1.1.1,FR1_Approach,0,Status,29,0,0,0,0,0,,,,,Disabled,25.7,39.3,1010.7,21.1,0.018,20.000,254076,344900,251056,655,4.11,90.70
2026-06-29 16:05:33,16513.966797,B8DB8AF16E20,mous,male,C57BL/6,1.1.1,FR1_Approach,0,Status,29,0,0,0,0,0,,,,,Disabled,25.7,39.2,1010.6,21.1,0.032,29.000,254076,344900,251056,680,4.11,90.38
2026-06-29 16:07:03,16604.660156,B8DB8AF16E20,mous,male,C57BL/6,1.1.1,FR1_Approach,0,PelletDrop,30,0,0,0,0,0,,,,,,,,,,,,,,,,,,,,
2026-06-29 16:07:18,16619.687500,B8DB8AF16E20,mous,male,C57BL/6,1.1.1,FR1_Approach,0,PelletTaken,30,0,0,0,0,0,14.689,0.000,0,2,,,,,,,,,,,,,,,,
2026-06-29 16:07:27,16628.873047,B8DB8AF16E20,mous,male,C57BL/6,1.1.1,FR1_Approach,0,PelletDrop,31,0,0,0,0,0,,,,,,,,,,,,,,,,,,,,
2026-06-29 16:07:44,16645.027344,B8DB8AF16E20,mous,male,C57BL/6,1.1.1,FR1_Approach,0,PelletTaken,31,0,0,0,0,0,15.801,0.000,0,2,,,,,,,,,,,,,,,,
2026-06-29 16:07:51,16651.992188,B8DB8AF16E20,mous,male,C57BL/6,1.1.1,FR1_Approach,0,PelletDrop,32,0,0,0,0,0,,,,,,,,,,,,,,,,,,,,
2026-06-29 16:08:11,16672.322266,B8DB8AF16E20,mous,male,C57BL/6,1.1.1,FR1_Approach,0,PelletTaken,32,0,0,0,0,0,TimedOut,0.000,0,1,,,,,,,,,,,,,,,,
2026-06-29 16:08:18,16679.289062,B8DB8AF16E20,mous,male,C57BL/6,1.1.1,FR1_Approach,0,PelletDrop,33,0,0,0,0,0,,,,,,,,,,,,,,,,,,,,
2026-06-29 16:08:33,16694.289062,B8DB8AF16E20,mous,male,C57BL/6,1.1.1,FR1_Approach,0,PelletTaken,33,0,0,0,0,0,14.646,0.000,0,1,,,,,,,,,,,,,,,,
2026-06-29 16:08:40,16701.253906,B8DB8AF16E20,mous,male,C57BL/6,1.1.1,FR1_Approach,0,PelletDrop,34,0,0,0,0,0,,,,,,,,,,,,,,,,,,,,
2026-06-29 16:09:00,16721.583984,B8DB8AF16E20,mous,male,C57BL/6,1.1.1,FR1_Approach,0,PelletTaken,34,0,0,0,0,0,TimedOut,0.000,0,1,,,,,,,,,,,,,,,,
2026-06-29 16:09:07,16728.564453,B8DB8AF16E20,mous,male,C57BL/6,1.1.1,FR1_Approach,0,PelletDrop,35,0,0,0,0,0,,,,,,,,,,,,,,,,,,,,
2026-06-29 16:09:27,16748.894531,B8DB8AF16E20,mous,male,C57BL/6,1.1.1,FR1_Approach,0,PelletTaken,35,0,0,0,0,0,TimedOut,0.000,0,1,,,,,,,,,,,,,,,,
2026-06-29 16:15:40,17122.048828,B8DB8AF16E20,mous,male,C57BL/6,1.1.1,FR1_Approach,0,Status,35,0,0,0,0,0,,,,,Disabled,25.7,39.1,1010.5,21.1,0.036,32.000,254076,344900,251056,705,4.11,90.22
2026-06-29 16:25:53,17734.613281,B8DB8AF16E20,mous,male,C57BL/6,1.1.1,FR1_Approach,0,Status,35,0,0,0,0,0,,,,,Disabled,25.7,39.1,1010.5,20.9,0.007,18.000,254076,344900,251056,730,4.10,89.91
2026-06-29 16:25:55,17737.220703,B8DB8AF16E20,mous,male,C57BL/6,1.1.1,FR1_Approach,0,PelletDrop,36,0,0,0,0,0,,,,,,,,,,,,,,,,,,,,
2026-06-29 16:26:13,17754.601562,B8DB8AF16E20,mous,male,C57BL/6,1.1.1,FR1_Approach,0,PelletTaken,36,0,0,0,0,0,17.033,0.000,0,1,,,,,,,,,,,,,,,,
2026-06-29 16:26:20,17761.566406,B8DB8AF16E20,mous,male,C57BL/6,1.1.1,FR1_Approach,0,PelletDrop,37,0,0,0,0,0,,,,,,,,,,,,,,,,,,,,
2026-06-29 16:26:36,17777.855469,B8DB8AF16E20,mous,male,C57BL/6,1.1.1,FR1_Approach,0,PelletTaken,37,0,0,0,0,0,15.921,0.000,0,1,,,,,,,,,,,,,,,,
2026-06-29 16:26:43,17784.820312,B8DB8AF16E20,mous,male,C57BL/6,1.1.1,FR1_Approach,0,PelletDrop,38,0,0,0,0,0,,,,,,,,,,,,,,,,,,,,
2026-06-29 16:27:01,17803.171875,B8DB8AF16E20,mous,male,C57BL/6,1.1.1,FR1_Approach,0,PelletTaken,38,0,0,0,0,0,18.013,0.000,0,1,,,,,,,,,,,,,,,,
2026-06-29 16:27:08,17810.138672,B8DB8AF16E20,mous,male,C57BL/6,1.1.1,FR1_Approach,0,PelletDrop,39,0,0,0,0,0,,,,,,,,,,,,,,,,,,,,
2026-06-29 16:27:29,17830.482422,B8DB8AF16E20,mous,male,C57BL/6,1.1.1,FR1_Approach,0,PelletTaken,39,0,0,0,0,0,TimedOut,0.000,0,1,,,,,,,,,,,,,,,,
2026-06-29 16:36:08,18349.906250,B8DB8AF16E20,mous,male,C57BL/6,1.1.1,FR1_Approach,0,Status,39,0,0,0,0,0,,,,,Disabled,25.7,39.0,1010.5,21.0,0.022,26.000,254076,344900,251056,755,4.10,89.59
2026-06-29 16:43:20,18781.871094,B8DB8AF16E20,mous,male,C57BL/6,1.1.1,FR1_Approach,0,PelletDrop,40,0,0,0,0,0,,,,,,,,,,,,,,,,,,,,
2026-06-29 16:43:37,18799.027344,B8DB8AF16E20,mous,male,C57BL/6,1.1.1,FR1_Approach,0,PelletTaken,40,0,0,0,0,0,16.802,0.000,0,1,,,,,,,,,,,,,,,,
2026-06-29 16:43:44,18805.994141,B8DB8AF16E20,mous,male,C57BL/6,1.1.1,FR1_Approach,0,PelletDrop,41,0,0,0,0,0,,,,,,,,,,,,,,,,,,,,
2026-06-29 16:43:59,18821.384766,B8DB8AF16E20,mous,male,C57BL/6,1.1.1,FR1_Approach,0,PelletTaken,41,0,0,0,0,0,15.053,0.000,0,1,,,,,,,,,,,,,,,,
2026-06-29 16:44:06,18828.351562,B8DB8AF16E20,mous,male,C57BL/6,1.1.1,FR1_Approach,0,PelletDrop,42,0,0,0,0,0,,,,,,,,,,,,,,,,,,,,
2026-06-29 16:44:19,18840.941406,B8DB8AF16E20,mous,male,C57BL/6,1.1.1,FR1_Approach,0,PelletTaken,42,0,0,0,0,0,12.237,0.000,0,1,,,,,,,,,,,,,,,,
2026-06-29 16:44:26,18847.908203,B8DB8AF16E20,mous,male,C57BL/6,1.1.1,FR1_Approach,0,PelletDrop,43,0,0,0,0,0,,,,,,,,,,,,,,,,,,,,
2026-06-29 16:44:38,18860.494141,B8DB8AF16E20,mous,male,C57BL/6,1.1.1,FR1_Approach,0,PelletTaken,43,0,0,0,0,0,12.248,0.000,0,1,,,,,,,,,,,,,,,,
2026-06-29 16:44:45,18867.460938,B8DB8AF16E20,mous,male,C57BL/6,1.1.1,FR1_Approach,0,PelletDrop,44,0,0,0,0,0,,,,,,,,,,,,,,,,,,,,
2026-06-29 16:45:06,18887.806641,B8DB8AF16E20,mous,male,C57BL/6,1.1.1,FR1_Approach,0,PelletTaken,44,0,0,0,0,0,TimedOut,0.000,0,1,,,,,,,,,,,,,,,,
2026-06-29 16:46:26,18968.419922,B8DB8AF16E20,mous,male,C57BL/6,1.1.1,FR1_Approach,0,Status,44,0,0,0,0,0,,,,,Disabled,25.7,39.0,1010.4,20.9,0.025,24.000,254076,344900,251056,781,4.10,89.27
2026-06-29 16:56:39,19581.005859,B8DB8AF16E20,mous,male,C57BL/6,1.1.1,FR1_Approach,0,Status,44,0,0,0,0,0,,,,,Disabled,25.7,38.9,1010.4,21.0,0.032,26.000,254076,344900,251056,806,4.09,89.12
2026-06-29 17:06:51,20193.585938,B8DB8AF16E20,mous,male,C57BL/6,1.1.1,FR1_Approach,0,Status,44,0,0,0,0,0,,,,,Disabled,25.7,38.9,1010.4,20.9,0.036,32.000,254076,344900,251056,831,4.09,88.80
2026-06-29 17:17:03,20806.150391,B8DB8AF16E20,mous,male,C57BL/6,1.1.1,FR1_Approach,0,Status,44,0,0,0,0,0,,,,,Disabled,25.7,38.9,1010.5,20.9,0.036,33.000,254076,344900,251056,856,4.09,88.64
2026-06-29 17:19:17,20939.781250,B8DB8AF16E20,mous,male,C57BL/6,1.1.1,FR1_Approach,0,PelletDrop,45,0,0,0,0,0,,,,,,,,,,,,,,,,,,,,
2026-06-29 17:19:31,20953.412109,B8DB8AF16E20,mous,male,C57BL/6,1.1.1,FR1_Approach,0,PelletTaken,45,0,0,0,0,0,13.293,0.000,0,1,,,,,,,,,,,,,,,,
2026-06-29 17:19:38,20960.388672,B8DB8AF16E20,mous,male,C57BL/6,1.1.1,FR1_Approach,0,PelletDrop,46,0,0,0,0,0,,,,,,,,,,,,,,,,,,,,
2026-06-29 17:19:58,20980.652344,B8DB8AF16E20,mous,male,C57BL/6,1.1.1,FR1_Approach,0,PelletTaken,46,0,0,0,0,0,TimedOut,0.000,0,1,,,,,,,,,,,,,,,,
2026-06-29 17:20:05,20987.634766,B8DB8AF16E20,mous,male,C57BL/6,1.1.1,FR1_Approach,0,PelletDrop,47,0,0,0,0,0,,,,,,,,,,,,,,,,,,,,
2026-06-29 17:20:24,21006.863281,B8DB8AF16E20,mous,male,C57BL/6,1.1.1,FR1_Approach,0,PelletTaken,47,0,0,0,0,0,18.892,0.000,0,1,,,,,,,,,,,,,,,,
2026-06-29 17:20:31,21013.830078,B8DB8AF16E20,mous,male,C57BL/6,1.1.1,FR1_Approach,0,PelletDrop,48,0,0,0,0,0,,,,,,,,,,,,,,,,,,,,
2026-06-29 17:20:49,21031.728516,B8DB8AF16E20,mous,male,C57BL/6,1.1.1,FR1_Approach,0,PelletTaken,48,0,0,0,0,0,17.561,0.000,0,1,,,,,,,,,,,,,,,,
2026-06-29 17:20:58,21040.929688,B8DB8AF16E20,mous,male,C57BL/6,1.1.1,FR1_Approach,0,PelletDrop,49,0,0,0,0,0,,,,,,,,,,,,,,,,,,,,
2026-06-29 17:21:18,21061.259766,B8DB8AF16E20,mous,male,C57BL/6,1.1.1,FR1_Approach,0,PelletTaken,49,0,0,0,0,0,TimedOut,0.000,0,2,,,,,,,,,,,,,,,,
2026-06-29 17:27:07,21410.035156,B8DB8AF16E20,mous,male,C57BL/6,1.1.1,FR1_Approach,0,Status,49,0,0,0,0,0,,,,,Disabled,25.7,38.9,1010.4,20.9,0.025,27.000,254076,344900,251056,881,4.09,88.36
2026-06-29 17:37:19,22022.615234,B8DB8AF16E20,mous,male,C57BL/6,1.1.1,FR1_Approach,0,Status,49,0,0,0,0,0,,,,,Disabled,25.7,38.9,1010.4,20.9,0.018,23.000,254076,344900,251056,906,4.09,88.07
2026-06-29 17:46:02,22545.019531,B8DB8AF16E20,mous,male,C57BL/6,1.1.1,FR1_Approach,0,PelletDrop,50,0,0,0,0,0,,,,,,,,,,,,,,,,,,,,
2026-06-29 17:46:22,22565.361328,B8DB8AF16E20,mous,male,C57BL/6,1.1.1,FR1_Approach,0,PelletTaken,50,0,0,0,0,0,TimedOut,0.000,0,2,,,,,,,,,,,,,,,,
2026-06-29 17:47:43,22645.972656,B8DB8AF16E20,mous,male,C57BL/6,1.1.1,FR1_Approach,0,Status,50,0,0,0,0,0,,,,,Disabled,25.7,39.5,1010.4,20.7,0.029,30.000,254076,344900,251056,932,4.08,87.93
2026-06-29 17:57:55,23258.552734,B8DB8AF16E20,mous,male,C57BL/6,1.1.1,FR1_Approach,0,Status,50,0,0,0,0,0,,,,,Disabled,25.7,39.2,1010.3,20.8,0.000,0.000,254076,344900,251056,957,4.08,87.64
2026-06-29 17:59:51,23374.664062,B8DB8AF16E20,mous,male,C57BL/6,1.1.1,FR1_Approach,0,PelletDrop,51,0,0,0,0,0,,,,,,,,,,,,,,,,,,,,
2026-06-29 18:00:00,23383.578125,B8DB8AF16E20,mous,male,C57BL/6,1.1.1,FR1_Approach,0,PelletTaken,51,0,0,0,0,0,8.574,0.000,0,1,,,,,,,,,,,,,,,,
2026-06-29 18:00:07,23390.560547,B8DB8AF16E20,mous,male,C57BL/6,1.1.1,FR1_Approach,0,PelletDrop,52,0,0,0,0,0,,,,,,,,,,,,,,,,,,,,
2026-06-29 18:00:16,23399.537109,B8DB8AF16E20,mous,male,C57BL/6,1.1.1,FR1_Approach,0,PelletTaken,52,0,0,0,0,0,8.640,0.000,0,1,,,,,,,,,,,,,,,,
2026-06-29 18:00:23,23406.503906,B8DB8AF16E20,mous,male,C57BL/6,1.1.1,FR1_Approach,0,PelletDrop,53,0,0,0,0,0,,,,,,,,,,,,,,,,,,,,
2026-06-29 18:00:34,23417.169922,B8DB8AF16E20,mous,male,C57BL/6,1.1.1,FR1_Approach,0,PelletTaken,53,0,0,0,0,0,10.312,0.000,0,1,,,,,,,,,,,,,,,,
2026-06-29 18:00:41,23424.136719,B8DB8AF16E20,mous,male,C57BL/6,1.1.1,FR1_Approach,0,PelletDrop,54,0,0,0,0,0,,,,,,,,,,,,,,,,,,,,
2026-06-29 18:00:49,23432.486328,B8DB8AF16E20,mous,male,C57BL/6,1.1.1,FR1_Approach,0,PelletTaken,54,0,0,0,0,0,8.013,0.000,0,1,,,,,,,,,,,,,,,,
2026-06-29 18:00:56,23439.453125,B8DB8AF16E20,mous,male,C57BL/6,1.1.1,FR1_Approach,0,PelletDrop,55,0,0,0,0,0,,,,,,,,,,,,,,,,,,,,
2026-06-29 18:01:06,23449.789062,B8DB8AF16E20,mous,male,C57BL/6,1.1.1,FR1_Approach,0,PelletTaken,55,0,0,0,0,0,9.982,0.000,0,1,,,,,,,,,,,,,,,,
2026-06-29 18:01:13,23456.755859,B8DB8AF16E20,mous,male,C57BL/6,1.1.1,FR1_Approach,0,PelletDrop,56,0,0,0,0,0,,,,,,,,,,,,,,,,,,,,
2026-06-29 18:01:33,23477.085938,B8DB8AF16E20,mous,male,C57BL/6,1.1.1,FR1_Approach,0,PelletTaken,56,0,0,0,0,0,TimedOut,0.000,0,1,,,,,,,,,,,,,,,,
2026-06-29 18:08:11,23874.617188,B8DB8AF16E20,mous,male,C57BL/6,1.1.1,FR1_Approach,0,Status,56,0,0,0,0,0,,,,,Disabled,25.7,39.6,1010.3,20.7,0.000,0.000,254076,344900,251056,984,4.08,87.35
2026-06-29 18:18:23,24487.218750,B8DB8AF16E20,mous,male,C57BL/6,1.1.1,FR1_Approach,0,Status,56,0,0,0,0,0,,,,,Disabled,25.7,39.8,1010.4,20.7,0.000,0.000,254076,344900,251056,1009,4.08,87.21
2026-06-29 18:25:36,24920.392578,B8DB8AF16E20,mous,male,C57BL/6,1.1.1,FR1_Approach,0,PelletDrop,57,0,0,0,0,0,,,,,,,,,,,,,,,,,,,,
2026-06-29 18:25:47,24930.945312,B8DB8AF16E20,mous,male,C57BL/6,1.1.1,FR1_Approach,0,PelletTaken,57,0,0,0,0,0,10.213,0.000,0,1,,,,,,,,,,,,,,,,
2026-06-29 18:25:54,24937.927734,B8DB8AF16E20,mous,male,C57BL/6,1.1.1,FR1_Approach,0,PelletDrop,58,0,0,0,0,0,,,,,,,,,,,,,,,,,,,,
2026-06-29 18:26:03,24947.134766,B8DB8AF16E20,mous,male,C57BL/6,1.1.1,FR1_Approach,0,PelletTaken,58,0,0,0,0,0,8.870,0.000,0,1,,,,,,,,,,,,,,,,
2026-06-29 18:26:12,24956.320312,B8DB8AF16E20,mous,male,C57BL/6,1.1.1,FR1_Approach,0,PelletDrop,59,0,0,0,0,0,,,,,,,,,,,,,,,,,,,,
2026-06-29 18:26:16,24960.503906,B8DB8AF16E20,mous,male,C57BL/6,1.1.1,FR1_Approach,0,PelletTaken,59,0,0,0,0,0,3.844,0.000,0,2,,,,,,,,,,,,,,,,
2026-06-29 18:26:23,24967.484375,B8DB8AF16E20,mous,male,C57BL/6,1.1.1,FR1_Approach,0,PelletDrop,60,0,0,0,0,0,,,,,,,,,,,,,,,,,,,,
2026-06-29 18:26:44,24987.814453,B8DB8AF16E20,mous,male,C57BL/6,1.1.1,FR1_Approach,0,PelletTaken,60,0,0,0,0,0,TimedOut,0.000,0,1,,,,,,,,,,,,,,,,
2026-06-29 18:28:29,25092.804688,B8DB8AF16E20,mous,male,C57BL/6,1.1.1,FR1_Approach,0,Status,60,0,0,0,0,0,,,,,Disabled,25.7,39.9,1010.3,20.7,0.000,0.000,254076,344900,251056,1035,4.08,86.92
2026-06-29 18:38:41,25705.384766,B8DB8AF16E20,mous,male,C57BL/6,1.1.1,FR1_Approach,0,Status,60,0,0,0,0,0,,,,,Disabled,25.7,40.1,1010.3,20.5,0.000,0.000,254076,344900,251056,1060,4.08,86.78
2026-06-29 18:45:18,26102.632812,B8DB8AF16E20,mous,male,C57BL/6,1.1.1,FR1_Approach,0,PelletDrop,61,0,0,0,0,0,,,,,,,,,,,,,,,,,,,,
2026-06-29 18:45:39,26122.962891,B8DB8AF16E20,mous,male,C57BL/6,1.1.1,FR1_Approach,0,PelletTaken,61,0,0,0,0,0,TimedOut,0.000,0,1,,,,,,,,,,,,,,,,
2026-06-29 18:49:01,26325.482422,B8DB8AF16E20,mous,male,C57BL/6,1.1.1,FR1_Approach,0,Status,61,0,0,0,0,0,,,,,Disabled,25.7,40.1,1010.3,20.5,0.000,0.000,254076,344900,251056,1086,4.07,86.49
2026-06-29 18:56:43,26787.986328,B8DB8AF16E20,mous,male,C57BL/6,1.1.1,FR1_Approach,0,PelletDrop,62,0,0,0,0,0,,,,,,,,,,,,,,,,,,,,
2026-06-29 18:56:54,26798.679688,B8DB8AF16E20,mous,male,C57BL/6,1.1.1,FR1_Approach,0,PelletTaken,62,0,0,0,0,0,10.345,0.000,0,1,,,,,,,,,,,,,,,,
2026-06-29 18:57:01,26805.646484,B8DB8AF16E20,mous,male,C57BL/6,1.1.1,FR1_Approach,0,PelletDrop,63,0,0,0,0,0,,,,,,,,,,,,,,,,,,,,
2026-06-29 18:57:08,26812.593750,B8DB8AF16E20,mous,male,C57BL/6,1.1.1,FR1_Approach,0,PelletTaken,63,0,0,0,0,0,6.594,0.000,0,1,,,,,,,,,,,,,,,,
2026-06-29 18:57:15,26819.558594,B8DB8AF16E20,mous,male,C57BL/6,1.1.1,FR1_Approach,0,PelletDrop,64,0,0,0,0,0,,,,,,,,,,,,,,,,,,,,
2026-06-29 18:57:25,26830.132812,B8DB8AF16E20,mous,male,C57BL/6,1.1.1,FR1_Approach,0,PelletTaken,64,0,0,0,0,0,10.224,0.000,0,1,,,,,,,,,,,,,,,,
2026-06-29 18:57:32,26837.113281,B8DB8AF16E20,mous,male,C57BL/6,1.1.1,FR1_Approach,0,PelletDrop,65,0,0,0,0,0,,,,,,,,,,,,,,,,,,,,
2026-06-29 18:57:40,26844.429688,B8DB8AF16E20,mous,male,C57BL/6,1.1.1,FR1_Approach,0,PelletTaken,65,0,0,0,0,0,6.978,0.000,0,1,,,,,,,,,,,,,,,,
2026-06-29 18:59:25,26949.421875,B8DB8AF16E20,mous,male,C57BL/6,1.1.1,FR1_Approach,0,Status,65,0,0,0,0,0,,,,,Disabled,25.7,40.0,1010.4,20.4,0.000,0.000,254076,344900,251056,1113,4.07,86.34
2026-06-29 19:09:37,27561.986328,B8DB8AF16E20,mous,male,C57BL/6,1.1.1,FR1_Approach,0,Status,65,0,0,0,0,0,,,,,Disabled,25.7,40.1,1010.4,20.4,0.000,0.000,254076,344900,251056,1138,4.07,86.06
2026-06-29 19:19:49,28174.566406,B8DB8AF16E20,mous,male,C57BL/6,1.1.1,FR1_Approach,0,Status,65,0,0,0,0,0,,,,,Disabled,25.7,40.2,1010.5,20.4,0.000,0.000,254076,344900,251056,1163,4.07,85.77
2026-06-29 19:30:02,28787.130859,B8DB8AF16E20,mous,male,C57BL/6,1.1.1,FR1_Approach,0,Status,65,0,0,0,0,0,,,,,Disabled,25.7,40.2,1010.5,20.2,0.000,0.000,254076,344900,251056,1188,4.07,85.63
2026-06-29 19:35:14,29099.650391,B8DB8AF16E20,mous,male,C57BL/6,1.1.1,FR1_Approach,0,PelletDrop,66,0,0,0,0,0,,,,,,,,,,,,,,,,,,,,
2026-06-29 19:35:21,29106.361328,B8DB8AF16E20,mous,male,C57BL/6,1.1.1,FR1_Approach,0,PelletTaken,66,0,0,0,0,0,6.373,0.000,0,1,,,,,,,,,,,,,,,,
2026-06-29 19:35:28,29113.328125,B8DB8AF16E20,mous,male,C57BL/6,1.1.1,FR1_Approach,0,PelletDrop,67,0,0,0,0,0,,,,,,,,,,,,,,,,,,,,
2026-06-29 19:35:37,29122.515625,B8DB8AF16E20,mous,male,C57BL/6,1.1.1,FR1_Approach,0,PelletTaken,67,0,0,0,0,0,8.849,0.000,0,1,,,,,,,,,,,,,,,,
2026-06-29 19:35:44,29129.496094,B8DB8AF16E20,mous,male,C57BL/6,1.1.1,FR1_Approach,0,PelletDrop,68,0,0,0,0,0,,,,,,,,,,,,,,,,,,,,
2026-06-29 19:35:51,29136.714844,B8DB8AF16E20,mous,male,C57BL/6,1.1.1,FR1_Approach,0,PelletTaken,68,0,0,0,0,0,6.880,0.000,0,1,,,,,,,,,,,,,,,,
2026-06-29 19:35:58,29143.681641,B8DB8AF16E20,mous,male,C57BL/6,1.1.1,FR1_Approach,0,PelletDrop,69,0,0,0,0,0,,,,,,,,,,,,,,,,,,,,
2026-06-29 19:36:19,29164.011719,B8DB8AF16E20,mous,male,C57BL/6,1.1.1,FR1_Approach,0,PelletTaken,69,0,0,0,0,0,TimedOut,0.000,0,1,,,,,,,,,,,,,,,,
2026-06-29 19:38:36,29301.917969,B8DB8AF16E20,mous,male,C57BL/6,1.1.1,FR1_Approach,0,PelletDrop,70,0,0,0,0,0,,,,,,,,,,,,,,,,,,,,
2026-06-29 19:38:44,29309.839844,B8DB8AF16E20,mous,male,C57BL/6,1.1.1,FR1_Approach,0,PelletTaken,70,0,0,0,0,0,7.584,0.000,0,1,,,,,,,,,,,,,,,,
2026-06-29 19:38:51,29316.806641,B8DB8AF16E20,mous,male,C57BL/6,1.1.1,FR1_Approach,0,PelletDrop,71,0,0,0,0,0,,,,,,,,,,,,,,,,,,,,
2026-06-29 19:38:57,29322.099609,B8DB8AF16E20,mous,male,C57BL/6,1.1.1,FR1_Approach,0,PelletTaken,71,0,0,0,0,0,4.955,0.000,0,1,,,,,,,,,,,,,,,,
2026-06-29 19:39:04,29329.080078,B8DB8AF16E20,mous,male,C57BL/6,1.1.1,FR1_Approach,0,PelletDrop,72,0,0,0,0,0,,,,,,,,,,,,,,,,,,,,
2026-06-29 19:39:24,29349.410156,B8DB8AF16E20,mous,male,C57BL/6,1.1.1,FR1_Approach,0,PelletTaken,72,0,0,0,0,0,TimedOut,0.000,0,1,,,,,,,,,,,,,,,,
2026-06-29 19:40:20,29405.644531,B8DB8AF16E20,mous,male,C57BL/6,1.1.1,FR1_Approach,0,Status,72,0,0,0,0,0,,,,,Disabled,25.8,40.1,1010.6,20.2,0.000,0.000,254076,344900,251056,1216,4.06,85.34
2026-06-29 19:50:33,30018.224609,B8DB8AF16E20,mous,male,C57BL/6,1.1.1,FR1_Approach,0,Status,72,0,0,0,0,0,,,,,Disabled,25.8,40.0,1010.6,20.1,0.000,0.000,254076,344900,251056,1241,4.06,85.20
2026-06-29 20:00:45,30630.789062,B8DB8AF16E20,mous,male,C57BL/6,1.1.1,FR1_Approach,0,Status,72,0,0,0,0,0,,,,,Disabled,25.8,39.9,1010.6,20.2,0.000,0.000,254076,344900,251056,1266,4.06,84.91
2026-06-29 20:00:47,30633.382812,B8DB8AF16E20,mous,male,C57BL/6,1.1.1,FR1_Approach,0,PelletDrop,73,0,0,0,0,0,,,,,,,,,,,,,,,,,,,,
2026-06-29 20:00:58,30644.332031,B8DB8AF16E20,mous,male,C57BL/6,1.1.1,FR1_Approach,0,PelletTaken,73,0,0,0,0,0,10.598,0.000,0,1,,,,,,,,,,,,,,,,
2026-06-29 20:01:05,30651.298828,B8DB8AF16E20,mous,male,C57BL/6,1.1.1,FR1_Approach,0,PelletDrop,74,0,0,0,0,0,,,,,,,,,,,,,,,,,,,,
2026-06-29 20:01:11,30656.898438,B8DB8AF16E20,mous,male,C57BL/6,1.1.1,FR1_Approach,0,PelletTaken,74,0,0,0,0,0,5.262,0.000,0,1,,,,,,,,,,,,,,,,
2026-06-29 20:01:18,30663.867188,B8DB8AF16E20,mous,male,C57BL/6,1.1.1,FR1_Approach,0,PelletDrop,75,0,0,0,0,0,,,,,,,,,,,,,,,,,,,,
2026-06-29 20:01:23,30669.273438,B8DB8AF16E20,mous,male,C57BL/6,1.1.1,FR1_Approach,0,PelletTaken,75,0,0,0,0,0,5.054,0.000,0,1,,,,,,,,,,,,,,,,
2026-06-29 20:01:30,30676.240234,B8DB8AF16E20,mous,male,C57BL/6,1.1.1,FR1_Approach,0,PelletDrop,76,0,0,0,0,0,,,,,,,,,,,,,,,,,,,,
2026-06-29 20:01:39,30684.822266,B8DB8AF16E20,mous,male,C57BL/6,1.1.1,FR1_Approach,0,PelletTaken,76,0,0,0,0,0,8.244,0.000,0,1,,,,,,,,,,,,,,,,
2026-06-29 20:01:46,30691.804688,B8DB8AF16E20,mous,male,C57BL/6,1.1.1,FR1_Approach,0,PelletDrop,77,0,0,0,0,0,,,,,,,,,,,,,,,,,,,,
2026-06-29 20:01:55,30701.410156,B8DB8AF16E20,mous,male,C57BL/6,1.1.1,FR1_Approach,0,PelletTaken,77,0,0,0,0,0,9.267,0.000,0,1,,,,,,,,,,,,,,,,
2026-06-29 20:02:02,30708.376953,B8DB8AF16E20,mous,male,C57BL/6,1.1.1,FR1_Approach,0,PelletDrop,78,0,0,0,0,0,,,,,,,,,,,,,,,,,,,,
2026-06-29 20:02:23,30728.716797,B8DB8AF16E20,mous,male,C57BL/6,1.1.1,FR1_Approach,0,PelletTaken,78,0,0,0,0,0,TimedOut,0.000,0,1,,,,,,,,,,,,,,,,
2026-06-29 20:11:02,31248.156250,B8DB8AF16E20,mous,male,C57BL/6,1.1.1,FR1_Approach,0,Status,78,0,0,0,0,0,,,,,Disabled,25.8,40.1,1010.7,20.0,0.000,0.000,254076,344900,251056,1293,4.07,84.62
2026-06-29 20:21:14,31860.720703,B8DB8AF16E20,mous,male,C57BL/6,1.1.1,FR1_Approach,0,Status,78,0,0,0,0,0,,,,,Disabled,25.9,40.1,1010.7,20.1,0.000,0.000,254076,344900,251056,1318,4.06,84.48
2026-06-29 20:25:13,32099.812500,B8DB8AF16E20,mous,male,C57BL/6,1.1.1,FR1_Approach,0,PelletDrop,79,0,0,0,0,0,,,,,,,,,,,,,,,,,,,,
2026-06-29 20:25:21,32107.332031,B8DB8AF16E20,mous,male,C57BL/6,1.1.1,FR1_Approach,0,PelletTaken,79,0,0,0,0,0,7.166,0.000,0,1,,,,,,,,,,,,,,,,
2026-06-29 20:25:28,32114.298828,B8DB8AF16E20,mous,male,C57BL/6,1.1.1,FR1_Approach,0,PelletDrop,80,0,0,0,0,0,,,,,,,,,,,,,,,,,,,,
2026-06-29 20:25:35,32121.460938,B8DB8AF16E20,mous,male,C57BL/6,1.1.1,FR1_Approach,0,PelletTaken,80,0,0,0,0,0,6.825,0.000,0,1,,,,,,,,,,,,,,,,
2026-06-29 20:25:42,32128.427734,B8DB8AF16E20,mous,male,C57BL/6,1.1.1,FR1_Approach,0,PelletDrop,81,0,0,0,0,0,,,,,,,,,,,,,,,,,,,,
2026-06-29 20:25:48,32134.636719,B8DB8AF16E20,mous,male,C57BL/6,1.1.1,FR1_Approach,0,PelletTaken,81,0,0,0,0,0,5.857,0.000,0,1,,,,,,,,,,,,,,,,
2026-06-29 20:25:55,32141.603516,B8DB8AF16E20,mous,male,C57BL/6,1.1.1,FR1_Approach,0,PelletDrop,82,0,0,0,0,0,,,,,,,,,,,,,,,,,,,,
2026-06-29 20:26:05,32151.814453,B8DB8AF16E20,mous,male,C57BL/6,1.1.1,FR1_Approach,0,PelletTaken,82,0,0,0,0,0,9.872,0.000,0,1,,,,,,,,,,,,,,,,
2026-06-29 20:26:12,32158.781250,B8DB8AF16E20,mous,male,C57BL/6,1.1.1,FR1_Approach,0,PelletDrop,83,0,0,0,0,0,,,,,,,,,,,,,,,,,,,,
2026-06-29 20:26:33,32179.191406,B8DB8AF16E20,mous,male,C57BL/6,1.1.1,FR1_Approach,0,PelletTaken,83,0,0,0,0,0,TimedOut,0.000,0,1,,,,,,,,,,,,,,,,
2026-06-29 20:31:33,32479.222656,B8DB8AF16E20,mous,male,C57BL/6,1.1.1,FR1_Approach,0,Status,83,0,0,0,0,0,,,,,Disabled,25.9,40.2,1010.7,20.1,0.000,0.000,254076,344900,251056,1345,4.06,84.17
2026-06-29 20:34:50,32676.853516,B8DB8AF16E20,mous,male,C57BL/6,1.1.1,FR1_Approach,0,PelletDrop,84,0,0,0,0,0,,,,,,,,,,,,,,,,,,,,
2026-06-29 20:35:02,32689.025391,B8DB8AF16E20,mous,male,C57BL/6,1.1.1,FR1_Approach,0,PelletTaken,84,0,0,0,0,0,11.808,0.000,0,1,,,,,,,,,,,,,,,,
2026-06-29 20:35:09,32696.003906,B8DB8AF16E20,mous,male,C57BL/6,1.1.1,FR1_Approach,0,PelletDrop,85,0,0,0,0,0,,,,,,,,,,,,,,,,,,,,
2026-06-29 20:35:19,32705.191406,B8DB8AF16E20,mous,male,C57BL/6,1.1.1,FR1_Approach,0,PelletTaken,85,0,0,0,0,0,8.838,0.000,0,1,,,,,,,,,,,,,,,,
2026-06-29 20:35:28,32714.388672,B8DB8AF16E20,mous,male,C57BL/6,1.1.1,FR1_Approach,0,PelletDrop,86,0,0,0,0,0,,,,,,,,,,,,,,,,,,,,
2026-06-29 20:35:35,32721.873047,B8DB8AF16E20,mous,male,C57BL/6,1.1.1,FR1_Approach,0,PelletTaken,86,0,0,0,0,0,7.122,0.000,0,2,,,,,,,,,,,,,,,,
2026-06-29 20:35:42,32728.851562,B8DB8AF16E20,mous,male,C57BL/6,1.1.1,FR1_Approach,0,PelletDrop,87,0,0,0,0,0,,,,,,,,,,,,,,,,,,,,
2026-06-29 20:36:03,32749.193359,B8DB8AF16E20,mous,male,C57BL/6,1.1.1,FR1_Approach,0,PelletTaken,87,0,0,0,0,0,TimedOut,0.000,0,1,,,,,,,,,,,,,,,,
2026-06-29 20:41:51,33097.996094,B8DB8AF16E20,mous,male,C57BL/6,1.1.1,FR1_Approach,0,Status,87,0,0,0,0,0,,,,,Disabled,25.9,40.2,1010.7,20.0,0.000,0.000,254076,344900,251056,1371,4.05,84.01
2026-06-29 20:52:04,33710.574219,B8DB8AF16E20,mous,male,C57BL/6,1.1.1,FR1_Approach,0,Status,87,0,0,0,0,0,,,,,Disabled,25.9,40.4,1010.8,19.9,0.000,0.000,254076,344900,251056,1396,4.05,83.68
2026-06-29 20:55:07,33894.113281,B8DB8AF16E20,mous,male,C57BL/6,1.1.1,FR1_Approach,0,PelletDrop,88,0,0,0,0,0,,,,,,,,,,,,,,,,,,,,
2026-06-29 20:55:15,33901.632812,B8DB8AF16E20,mous,male,C57BL/6,1.1.1,FR1_Approach,0,PelletTaken,88,0,0,0,0,0,7.155,0.000,0,1,,,,,,,,,,,,,,,,
2026-06-29 20:55:22,33908.609375,B8DB8AF16E20,mous,male,C57BL/6,1.1.1,FR1_Approach,0,PelletDrop,89,0,0,0,0,0,,,,,,,,,,,,,,,,,,,,
2026-06-29 20:55:30,33916.753906,B8DB8AF16E20,mous,male,C57BL/6,1.1.1,FR1_Approach,0,PelletTaken,89,0,0,0,0,0,7.793,0.000,0,1,,,,,,,,,,,,,,,,
2026-06-29 20:55:37,33923.730469,B8DB8AF16E20,mous,male,C57BL/6,1.1.1,FR1_Approach,0,PelletDrop,90,0,0,0,0,0,,,,,,,,,,,,,,,,,,,,
2026-06-29 20:55:50,33936.960938,B8DB8AF16E20,mous,male,C57BL/6,1.1.1,FR1_Approach,0,PelletTaken,90,0,0,0,0,0,12.864,0.000,0,1,,,,,,,,,,,,,,,,
2026-06-29 20:55:57,33943.937500,B8DB8AF16E20,mous,male,C57BL/6,1.1.1,FR1_Approach,0,PelletDrop,91,0,0,0,0,0,,,,,,,,,,,,,,,,,,,,
2026-06-29 20:56:07,33953.730469,B8DB8AF16E20,mous,male,C57BL/6,1.1.1,FR1_Approach,0,PelletTaken,91,0,0,0,0,0,9.443,0.000,0,1,,,,,,,,,,,,,,,,
2026-06-29 20:56:14,33960.707031,B8DB8AF16E20,mous,male,C57BL/6,1.1.1,FR1_Approach,0,PelletDrop,92,0,0,0,0,0,,,,,,,,,,,,,,,,,,,,
2026-06-29 20:56:25,33972.109375,B8DB8AF16E20,mous,male,C57BL/6,1.1.1,FR1_Approach,0,PelletTaken,92,0,0,0,0,0,11.038,0.000,0,1,,,,,,,,,,,,,,,,
2026-06-29 20:56:32,33979.089844,B8DB8AF16E20,mous,male,C57BL/6,1.1.1,FR1_Approach,0,PelletDrop,93,0,0,0,0,0,,,,,,,,,,,,,,,,,,,,
2026-06-29 20:56:46,33992.859375,B8DB8AF16E20,mous,male,C57BL/6,1.1.1,FR1_Approach,0,PelletTaken,93,0,0,0,0,0,13.414,0.000,0,1,,,,,,,,,,,,,,,,
2026-06-29 20:56:53,33999.839844,B8DB8AF16E20,mous,male,C57BL/6,1.1.1,FR1_Approach,0,PelletDrop,94,0,0,0,0,0,,,,,,,,,,,,,,,,,,,,
2026-06-29 20:57:13,34020.195312,B8DB8AF16E20,mous,male,C57BL/6,1.1.1,FR1_Approach,0,PelletTaken,94,0,0,0,0,0,TimedOut,0.000,0,1,,,,,,,,,,,,,,,,
2026-06-29 21:02:13,34320.226562,B8DB8AF16E20,mous,male,C57BL/6,1.1.1,FR1_Approach,0,Status,94,0,0,0,0,0,,,,,Disabled,25.9,40.2,1010.8,20.0,0.000,0.000,254076,344900,251056,1423,4.05,83.52
2026-06-29 21:12:26,34932.800781,B8DB8AF16E20,mous,male,C57BL/6,1.1.1,FR1_Approach,0,Status,94,0,0,0,0,0,,,,,Disabled,25.9,40.1,1010.8,20.0,0.000,0.000,254076,344900,251056,1448,4.05,83.20
2026-06-29 21:13:57,35023.867188,B8DB8AF16E20,mous,male,C57BL/6,1.1.1,FR1_Approach,0,PelletDrop,95,0,0,0,0,0,,,,,,,,,,,,,,,,,,,,
2026-06-29 21:14:05,35032.660156,B8DB8AF16E20,mous,male,C57BL/6,1.1.1,FR1_Approach,0,PelletTaken,95,0,0,0,0,0,8.442,0.000,0,1,,,,,,,,,,,,,,,,
2026-06-29 21:14:12,35039.593750,B8DB8AF16E20,mous,male,C57BL/6,1.1.1,FR1_Approach,0,PelletDrop,96,0,0,0,0,0,,,,,,,,,,,,,,,,,,,,
2026-06-29 21:14:19,35046.429688,B8DB8AF16E20,mous,male,C57BL/6,1.1.1,FR1_Approach,0,PelletTaken,96,0,0,0,0,0,6.472,0.000,0,1,,,,,,,,,,,,,,,,
2026-06-29 21:14:26,35053.406250,B8DB8AF16E20,mous,male,C57BL/6,1.1.1,FR1_Approach,0,PelletDrop,97,0,0,0,0,0,,,,,,,,,,,,,,,,,,,,
2026-06-29 21:14:34,35060.832031,B8DB8AF16E20,mous,male,C57BL/6,1.1.1,FR1_Approach,0,PelletTaken,97,0,0,0,0,0,7.067,0.000,0,1,,,,,,,,,,,,,,,,
2026-06-29 21:14:40,35067.808594,B8DB8AF16E20,mous,male,C57BL/6,1.1.1,FR1_Approach,0,PelletDrop,98,0,0,0,0,0,,,,,,,,,,,,,,,,,,,,
2026-06-29 21:15:01,35088.167969,B8DB8AF16E20,mous,male,C57BL/6,1.1.1,FR1_Approach,0,PelletTaken,98,0,0,0,0,0,TimedOut,0.000,0,1,,,,,,,,,,,,,,,,
2026-06-29 21:22:27,35534.468750,B8DB8AF16E20,mous,male,C57BL/6,1.1.1,FR1_Approach,0,Status,98,0,0,0,0,0,,,,,Disabled,25.9,39.9,1010.9,20.0,0.000,0.000,254076,344900,251056,1474,4.04,82.87
2026-06-29 21:31:39,36086.761719,B8DB8AF16E20,mous,male,C57BL/6,1.1.1,FR1_Approach,0,PelletDrop,99,0,0,0,0,0,,,,,,,,,,,,,,,,,,,,
2026-06-29 21:31:59,36107.121094,B8DB8AF16E20,mous,male,C57BL/6,1.1.1,FR1_Approach,0,PelletTaken,99,0,0,0,0,0,TimedOut,0.000,0,1,,,,,,,,,,,,,,,,
2026-06-29 21:32:31,36138.988281,B8DB8AF16E20,mous,male,C57BL/6,1.1.1,FR1_Approach,0,Status,99,0,0,0,0,0,,,,,Disabled,25.9,40.1,1011.0,20.0,0.000,0.000,254076,344900,251056,1499,4.04,82.70
2026-06-29 21:39:53,36580.402344,B8DB8AF16E20,mous,male,C57BL/6,1.1.1,FR1_Approach,0,PelletDrop,100,0,0,0,0,0,,,,,,,,,,,,,,,,,,,,
2026-06-29 21:40:03,36590.734375,B8DB8AF16E20,mous,male,C57BL/6,1.1.1,FR1_Approach,0,PelletTaken,100,0,0,0,0,0,9.982,0.000,0,1,,,,,,,,,,,,,,,,
2026-06-29 21:40:10,36597.738281,B8DB8AF16E20,mous,male,C57BL/6,1.1.1,FR1_Approach,0,PelletDrop,101,0,0,0,0,0,,,,,,,,,,,,,,,,,,,,
2026-06-29 21:40:17,36604.812500,B8DB8AF16E20,mous,male,C57BL/6,1.1.1,FR1_Approach,0,PelletTaken,101,0,0,0,0,0,6.726,0.000,0,1,,,,,,,,,,,,,,,,
2026-06-29 21:40:24,36611.792969,B8DB8AF16E20,mous,male,C57BL/6,1.1.1,FR1_Approach,0,PelletDrop,102,0,0,0,0,0,,,,,,,,,,,,,,,,,,,,
2026-06-29 21:40:31,36619.144531,B8DB8AF16E20,mous,male,C57BL/6,1.1.1,FR1_Approach,0,PelletTaken,102,0,0,0,0,0,7.001,0.000,0,1,,,,,,,,,,,,,,,,
2026-06-29 21:40:38,36626.089844,B8DB8AF16E20,mous,male,C57BL/6,1.1.1,FR1_Approach,0,PelletDrop,103,0,0,0,0,0,,,,,,,,,,,,,,,,,,,,
2026-06-29 21:40:48,36635.695312,B8DB8AF16E20,mous,male,C57BL/6,1.1.1,FR1_Approach,0,PelletTaken,103,0,0,0,0,0,9.256,0.000,0,1,,,,,,,,,,,,,,,,
2026-06-29 21:40:55,36642.671875,B8DB8AF16E20,mous,male,C57BL/6,1.1.1,FR1_Approach,0,PelletDrop,104,0,0,0,0,0,,,,,,,,,,,,,,,,,,,,
2026-06-29 21:41:15,36663.027344,B8DB8AF16E20,mous,male,C57BL/6,1.1.1,FR1_Approach,0,PelletTaken,104,0,0,0,0,0,TimedOut,0.000,0,1,,,,,,,,,,,,,,,,
2026-06-29 21:42:36,36743.652344,B8DB8AF16E20,mous,male,C57BL/6,1.1.1,FR1_Approach,0,Status,104,0,0,0,0,0,,,,,Disabled,25.9,40.1,1011.0,19.9,0.000,0.000,254076,344900,251056,1525,4.04,82.54
2026-06-29 21:52:48,37356.226562,B8DB8AF16E20,mous,male,C57BL/6,1.1.1,FR1_Approach,0,Status,104,0,0,0,0,0,,,,,Disabled,25.9,39.9,1011.1,19.8,0.000,0.000,254076,344900,251056,1550,4.04,82.21
2026-06-29 21:55:33,37520.738281,B8DB8AF16E20,mous,male,C57BL/6,1.1.1,FR1_Approach,0,PelletDrop,105,0,0,0,0,0,,,,,,,,,,,,,,,,,,,,
2026-06-29 21:55:39,37527.175781,B8DB8AF16E20,mous,male,C57BL/6,1.1.1,FR1_Approach,0,PelletTaken,105,0,0,0,0,0,6.088,0.000,0,1,,,,,,,,,,,,,,,,
2026-06-29 21:55:46,37534.152344,B8DB8AF16E20,mous,male,C57BL/6,1.1.1,FR1_Approach,0,PelletDrop,106,0,0,0,0,0,,,,,,,,,,,,,,,,,,,,
2026-06-29 21:55:54,37541.746094,B8DB8AF16E20,mous,male,C57BL/6,1.1.1,FR1_Approach,0,PelletTaken,106,0,0,0,0,0,7.243,0.000,0,1,,,,,,,,,,,,,,,,
2026-06-29 21:56:00,37547.644531,B8DB8AF16E20,mous,male,C57BL/6,1.1.1,FR1_Approach,0,PelletDrop,107,0,0,0,0,0,,,,,,,,,,,,,,,,,,,,
2026-06-29 21:56:11,37559.261719,B8DB8AF16E20,mous,male,C57BL/6,1.1.1,FR1_Approach,0,PelletTaken,107,0,0,0,0,0,11.258,0.000,0,0,,,,,,,,,,,,,,,,
2026-06-29 21:56:20,37568.457031,B8DB8AF16E20,mous,male,C57BL/6,1.1.1,FR1_Approach,0,PelletDrop,108,0,0,0,0,0,,,,,,,,,,,,,,,,,,,,
2026-06-29 21:56:41,37588.800781,B8DB8AF16E20,mous,male,C57BL/6,1.1.1,FR1_Approach,0,PelletTaken,108,0,0,0,0,0,TimedOut,0.000,0,2,,,,,,,,,,,,,,,,
2026-06-29 22:02:54,37961.980469,B8DB8AF16E20,mous,male,C57BL/6,1.1.1,FR1_Approach,0,Status,108,0,0,0,0,0,,,,,Disabled,25.9,40.1,1011.2,19.9,0.000,0.000,254076,344900,251056,1576,4.04,81.89
2026-06-29 22:11:30,38478.390625,B8DB8AF16E20,mous,male,C57BL/6,1.1.1,FR1_Approach,0,PelletDrop,109,0,0,0,0,0,,,,,,,,,,,,,,,,,,,,
2026-06-29 22:11:37,38485.222656,B8DB8AF16E20,mous,male,C57BL/6,1.1.1,FR1_Approach,0,PelletTaken,109,0,0,0,0,0,6.484,0.000,0,2,,,,,,,,,,,,,,,,
2026-06-29 22:11:44,38492.167969,B8DB8AF16E20,mous,male,C57BL/6,1.1.1,FR1_Approach,0,PelletDrop,110,0,0,0,0,0,,,,,,,,,,,,,,,,,,,,
2026-06-29 22:11:49,38497.265625,B8DB8AF16E20,mous,male,C57BL/6,1.1.1,FR1_Approach,0,PelletTaken,110,0,0,0,0,0,4.747,0.000,0,1,,,,,,,,,,,,,,,,
2026-06-29 22:11:56,38504.242188,B8DB8AF16E20,mous,male,C57BL/6,1.1.1,FR1_Approach,0,PelletDrop,111,0,0,0,0,0,,,,,,,,,,,,,,,,,,,,
2026-06-29 22:12:07,38515.464844,B8DB8AF16E20,mous,male,C57BL/6,1.1.1,FR1_Approach,0,PelletTaken,111,0,0,0,0,0,10.873,0.000,0,1,,,,,,,,,,,,,,,,
2026-06-29 22:12:14,38522.480469,B8DB8AF16E20,mous,male,C57BL/6,1.1.1,FR1_Approach,0,PelletDrop,112,0,0,0,0,0,,,,,,,,,,,,,,,,,,,,
2026-06-29 22:12:23,38531.171875,B8DB8AF16E20,mous,male,C57BL/6,1.1.1,FR1_Approach,0,PelletTaken,112,0,0,0,0,0,8.344,0.000,0,1,,,,,,,,,,,,,,,,
2026-06-29 22:12:30,38538.148438,B8DB8AF16E20,mous,male,C57BL/6,1.1.1,FR1_Approach,0,PelletDrop,113,0,0,0,0,0,,,,,,,,,,,,,,,,,,,,
2026-06-29 22:12:50,38558.507812,B8DB8AF16E20,mous,male,C57BL/6,1.1.1,FR1_Approach,0,PelletTaken,113,0,0,0,0,0,TimedOut,0.000,0,1,,,,,,,,,,,,,,,,
2026-06-29 22:12:58,38565.992188,B8DB8AF16E20,mous,male,C57BL/6,1.1.1,FR1_Approach,0,Status,113,0,0,0,0,0,,,,,Disabled,25.9,40.2,1011.3,19.8,0.000,0.000,254076,344900,251056,1603,4.03,81.73
2026-06-29 22:23:10,39178.570312,B8DB8AF16E20,mous,male,C57BL/6,1.1.1,FR1_Approach,0,Status,113,0,0,0,0,0,,,,,Disabled,25.9,40.1,1011.4,19.7,0.000,0.000,254076,344900,251056,1628,4.03,81.40
2026-06-29 22:30:55,39644.234375,B8DB8AF16E20,mous,male,C57BL/6,1.1.1,FR1_Approach,0,PelletDrop,114,0,0,0,0,0,,,,,,,,,,,,,,,,,,,,
2026-06-29 22:31:07,39655.480469,B8DB8AF16E20,mous,male,C57BL/6,1.1.1,FR1_Approach,0,PelletTaken,114,0,0,0,0,0,10.895,0.000,0,1,,,,,,,,,,,,,,,,
2026-06-29 22:31:14,39662.468750,B8DB8AF16E20,mous,male,C57BL/6,1.1.1,FR1_Approach,0,PelletDrop,115,0,0,0,0,0,,,,,,,,,,,,,,,,,,,,
2026-06-29 22:31:22,39671.113281,B8DB8AF16E20,mous,male,C57BL/6,1.1.1,FR1_Approach,0,PelletTaken,115,0,0,0,0,0,8.299,0.000,0,1,,,,,,,,,,,,,,,,
2026-06-29 22:31:29,39678.109375,B8DB8AF16E20,mous,male,C57BL/6,1.1.1,FR1_Approach,0,PelletDrop,116,0,0,0,0,0,,,,,,,,,,,,,,,,,,,,
2026-06-29 22:31:42,39691.289062,B8DB8AF16E20,mous,male,C57BL/6,1.1.1,FR1_Approach,0,PelletTaken,116,0,0,0,0,0,12.832,0.000,0,1,,,,,,,,,,,,,,,,
2026-06-29 22:31:49,39698.218750,B8DB8AF16E20,mous,male,C57BL/6,1.1.1,FR1_Approach,0,PelletDrop,117,0,0,0,0,0,,,,,,,,,,,,,,,,,,,,
2026-06-29 22:32:00,39708.738281,B8DB8AF16E20,mous,male,C57BL/6,1.1.1,FR1_Approach,0,PelletTaken,117,0,0,0,0,0,10.169,0.000,0,1,,,,,,,,,,,,,,,,
2026-06-29 22:32:07,39715.730469,B8DB8AF16E20,mous,male,C57BL/6,1.1.1,FR1_Approach,0,PelletDrop,118,0,0,0,0,0,,,,,,,,,,,,,,,,,,,,
2026-06-29 22:32:27,39736.074219,B8DB8AF16E20,mous,male,C57BL/6,1.1.1,FR1_Approach,0,PelletTaken,118,0,0,0,0,0,TimedOut,0.000,0,1,,,,,,,,,,,,,,,,
2026-06-29 22:33:23,39792.316406,B8DB8AF16E20,mous,male,C57BL/6,1.1.1,FR1_Approach,0,Status,118,0,0,0,0,0,,,,,Disabled,25.9,39.7,1011.5,19.8,0.000,0.000,254076,344900,251056,1654,4.03,81.24
2026-06-29 22:43:36,40404.910156,B8DB8AF16E20,mous,male,C57BL/6,1.1.1,FR1_Approach,0,Status,118,0,0,0,0,0,,,,,Disabled,25.9,39.5,1011.5,19.8,0.000,0.000,254076,344900,251056,1679,4.03,81.07
2026-06-29 22:53:48,41017.484375,B8DB8AF16E20,mous,male,C57BL/6,1.1.1,FR1_Approach,0,Status,118,0,0,0,0,0,,,,,Disabled,25.9,39.3,1011.5,19.7,0.000,0.000,254076,344900,251056,1704,4.03,80.75
2026-06-29 22:57:49,41258.394531,B8DB8AF16E20,mous,male,C57BL/6,1.1.1,FR1_Approach,0,PelletDrop,119,0,0,0,0,0,,,,,,,,,,,,,,,,,,,,
2026-06-29 22:58:02,41271.410156,B8DB8AF16E20,mous,male,C57BL/6,1.1.1,FR1_Approach,0,PelletTaken,119,0,0,0,0,0,12.644,0.000,0,1,,,,,,,,,,,,,,,,
2026-06-29 22:58:09,41278.390625,B8DB8AF16E20,mous,male,C57BL/6,1.1.1,FR1_Approach,0,PelletDrop,120,0,0,0,0,0,,,,,,,,,,,,,,,,,,,,
2026-06-29 22:58:19,41288.535156,B8DB8AF16E20,mous,male,C57BL/6,1.1.1,FR1_Approach,0,PelletTaken,120,0,0,0,0,0,9.795,0.000,0,1,,,,,,,,,,,,,,,,
2026-06-29 22:58:26,41295.511719,B8DB8AF16E20,mous,male,C57BL/6,1.1.1,FR1_Approach,0,PelletDrop,121,0,0,0,0,0,,,,,,,,,,,,,,,,,,,,
2026-06-29 22:58:32,41301.128906,B8DB8AF16E20,mous,male,C57BL/6,1.1.1,FR1_Approach,0,PelletTaken,121,0,0,0,0,0,5.252,0.000,0,1,,,,,,,,,,,,,,,,
2026-06-29 22:58:39,41308.117188,B8DB8AF16E20,mous,male,C57BL/6,1.1.1,FR1_Approach,0,PelletDrop,122,0,0,0,0,0,,,,,,,,,,,,,,,,,,,,
2026-06-29 22:58:48,41317.207031,B8DB8AF16E20,mous,male,C57BL/6,1.1.1,FR1_Approach,0,PelletTaken,122,0,0,0,0,0,8.739,0.000,0,1,,,,,,,,,,,,,,,,
2026-06-29 22:58:55,41324.199219,B8DB8AF16E20,mous,male,C57BL/6,1.1.1,FR1_Approach,0,PelletDrop,123,0,0,0,0,0,,,,,,,,,,,,,,,,,,,,
2026-06-29 22:59:15,41344.539062,B8DB8AF16E20,mous,male,C57BL/6,1.1.1,FR1_Approach,0,PelletTaken,123,0,0,0,0,0,TimedOut,0.000,0,1,,,,,,,,,,,,,,,,
2026-06-29 23:03:51,41620.191406,B8DB8AF16E20,mous,male,C57BL/6,1.1.1,FR1_Approach,0,Status,123,0,0,0,0,0,,,,,Disabled,25.9,39.5,1011.5,19.8,0.000,0.000,254076,344900,251056,1730,4.03,80.42
2026-06-29 23:14:03,42232.769531,B8DB8AF16E20,mous,male,C57BL/6,1.1.1,FR1_Approach,0,Status,123,0,0,0,0,0,,,,,Disabled,26.0,39.3,1011.5,19.6,0.000,0.000,254076,344900,251056,1755,4.02,80.26
2026-06-29 23:24:16,42845.359375,B8DB8AF16E20,mous,male,C57BL/6,1.1.1,FR1_Approach,0,Status,123,0,0,0,0,0,,,,,Disabled,26.0,39.1,1011.5,19.7,0.000,0.000,254076,344900,251056,1780,4.02,79.93
2026-06-29 23:34:28,43457.957031,B8DB8AF16E20,mous,male,C57BL/6,1.1.1,FR1_Approach,0,Status,123,0,0,0,0,0,,,,,Disabled,26.0,39.0,1011.5,19.6,0.000,0.000,254076,344900,251056,1805,4.02,79.77
2026-06-29 23:44:40,44070.550781,B8DB8AF16E20,mous,male,C57BL/6,1.1.1,FR1_Approach,0,Status,123,0,0,0,0,0,,,,,Disabled,26.0,38.9,1011.5,19.6,0.000,0.000,254076,344900,251056,1830,4.02,79.44
2026-06-29 23:54:53,44683.125000,B8DB8AF16E20,mous,male,C57BL/6,1.1.1,FR1_Approach,0,Status,123,0,0,0,0,0,,,,,Disabled,26.1,38.8,1011.5,19.7,0.000,0.000,254076,344900,251056,1855,4.01,79.28
2026-06-30 00:00:44,45034.804688,B8DB8AF16E20,mous,male,C57BL/6,1.1.1,FR1_Approach,0,PelletDrop,124,0,0,0,0,0,,,,,,,,,,,,,,,,,,,,
2026-06-30 00:01:05,45055.160156,B8DB8AF16E20,mous,male,C57BL/6,1.1.1,FR1_Approach,0,PelletTaken,124,0,0,0,0,0,TimedOut,0.000,0,1,,,,,,,,,,,,,,,,
2026-06-30 00:01:12,45062.140625,B8DB8AF16E20,mous,male,C57BL/6,1.1.1,FR1_Approach,0,PelletDrop,125,0,0,0,0,0,,,,,,,,,,,,,,,,,,,,
2026-06-30 00:01:32,45082.480469,B8DB8AF16E20,mous,male,C57BL/6,1.1.1,FR1_Approach,0,PelletTaken,125,0,0,0,0,0,TimedOut,0.000,0,1,,,,,,,,,,,,,,,,
2026-06-30 00:01:41,45091.675781,B8DB8AF16E20,mous,male,C57BL/6,1.1.1,FR1_Approach,0,PelletDrop,126,0,0,0,0,0,,,,,,,,,,,,,,,,,,,,
2026-06-30 00:02:02,45112.031250,B8DB8AF16E20,mous,male,C57BL/6,1.1.1,FR1_Approach,0,PelletTaken,126,0,0,0,0,0,TimedOut,0.000,0,2,,,,,,,,,,,,,,,,
2026-06-30 00:02:09,45119.011719,B8DB8AF16E20,mous,male,C57BL/6,1.1.1,FR1_Approach,0,PelletDrop,127,0,0,0,0,0,,,,,,,,,,,,,,,,,,,,
2026-06-30 00:02:29,45139.351562,B8DB8AF16E20,mous,male,C57BL/6,1.1.1,FR1_Approach,0,PelletTaken,127,0,0,0,0,0,TimedOut,0.000,0,1,,,,,,,,,,,,,,,,
2026-06-30 00:05:03,45293.113281,B8DB8AF16E20,mous,male,C57BL/6,1.1.1,FR1_Approach,0,Status,127,0,0,0,0,0,,,,,Disabled,26.1,38.8,1011.5,19.5,0.000,0.000,254076,344900,251056,1880,4.01,78.95
2026-06-30 00:12:22,45732.843750,B8DB8AF16E20,mous,male,C57BL/6,1.1.1,FR1_Approach,0,PelletDrop,128,0,0,0,0,0,,,,,,,,,,,,,,,,,,,,
2026-06-30 00:12:43,45753.183594,B8DB8AF16E20,mous,male,C57BL/6,1.1.1,FR1_Approach,0,PelletTaken,128,0,0,0,0,0,TimedOut,0.000,0,2,,,,,,,,,,,,,,,,
2026-06-30 00:15:16,45906.941406,B8DB8AF16E20,mous,male,C57BL/6,1.1.1,FR1_Approach,0,Status,128,0,0,0,0,0,,,,,Disabled,26.1,38.9,1011.5,19.2,0.000,0.000,254076,344900,251056,1905,4.01,78.79
2026-06-30 00:22:22,46332.917969,B8DB8AF16E20,mous,male,C57BL/6,1.1.1,FR1_Approach,0,PelletDrop,129,0,0,0,0,0,,,,,,,,,,,,,,,,,,,,
2026-06-30 00:22:41,46351.785156,B8DB8AF16E20,mous,male,C57BL/6,1.1.1,FR1_Approach,0,PelletTaken,129,0,0,0,0,0,18.518,0.000,0,1,,,,,,,,,,,,,,,,
2026-06-30 00:22:48,46358.765625,B8DB8AF16E20,mous,male,C57BL/6,1.1.1,FR1_Approach,0,PelletDrop,130,0,0,0,0,0,,,,,,,,,,,,,,,,,,,,
2026-06-30 00:23:05,46375.898438,B8DB8AF16E20,mous,male,C57BL/6,1.1.1,FR1_Approach,0,PelletTaken,130,0,0,0,0,0,16.758,0.000,0,1,,,,,,,,,,,,,,,,
2026-06-30 00:23:12,46382.875000,B8DB8AF16E20,mous,male,C57BL/6,1.1.1,FR1_Approach,0,PelletDrop,131,0,0,0,0,0,,,,,,,,,,,,,,,,,,,,
2026-06-30 00:23:23,46393.437500,B8DB8AF16E20,mous,male,C57BL/6,1.1.1,FR1_Approach,0,PelletTaken,131,0,0,0,0,0,10.213,0.000,0,1,,,,,,,,,,,,,,,,
2026-06-30 00:23:30,46400.414062,B8DB8AF16E20,mous,male,C57BL/6,1.1.1,FR1_Approach,0,PelletDrop,132,0,0,0,0,0,,,,,,,,,,,,,,,,,,,,
2026-06-30 00:23:42,46412.324219,B8DB8AF16E20,mous,male,C57BL/6,1.1.1,FR1_Approach,0,PelletTaken,132,0,0,0,0,0,11.544,0.000,0,1,,,,,,,,,,,,,,,,
2026-06-30 00:23:48,46419.300781,B8DB8AF16E20,mous,male,C57BL/6,1.1.1,FR1_Approach,0,PelletDrop,133,0,0,0,0,0,,,,,,,,,,,,,,,,,,,,
2026-06-30 00:24:07,46437.628906,B8DB8AF16E20,mous,male,C57BL/6,1.1.1,FR1_Approach,0,PelletTaken,133,0,0,0,0,0,17.979,0.000,0,1,,,,,,,,,,,,,,,,
2026-06-30 00:24:14,46444.609375,B8DB8AF16E20,mous,male,C57BL/6,1.1.1,FR1_Approach,0,PelletDrop,134,0,0,0,0,0,,,,,,,,,,,,,,,,,,,,
2026-06-30 00:24:34,46464.964844,B8DB8AF16E20,mous,male,C57BL/6,1.1.1,FR1_Approach,0,PelletTaken,134,0,0,0,0,0,TimedOut,0.000,0,1,,,,,,,,,,,,,,,,
2026-06-30 00:25:30,46521.210938,B8DB8AF16E20,mous,male,C57BL/6,1.1.1,FR1_Approach,0,Status,134,0,0,0,0,0,,,,,Disabled,26.1,39.1,1011.5,19.3,0.000,0.000,254076,344900,251056,1931,4.01,78.30
2026-06-30 00:35:43,47133.796875,B8DB8AF16E20,mous,male,C57BL/6,1.1.1,FR1_Approach,0,Status,134,0,0,0,0,0,,,,,Disabled,26.1,39.4,1011.5,19.4,0.000,0.000,254076,344900,251056,1956,4.01,78.14
2026-06-30 00:45:55,47746.386719,B8DB8AF16E20,mous,male,C57BL/6,1.1.1,FR1_Approach,0,Status,134,0,0,0,0,0,,,,,Disabled,26.1,40.0,1011.4,19.4,0.000,0.000,254076,344900,251056,1981,4.01,77.98
2026-06-30 00:56:08,48358.984375,B8DB8AF16E20,mous,male,C57BL/6,1.1.1,FR1_Approach,0,Status,134,0,0,0,0,0,,,,,Disabled,26.0,40.1,1011.4,19.2,0.000,0.000,254076,344900,251056,2006,4.01,77.65
2026-06-30 00:59:01,48532.238281,B8DB8AF16E20,mous,male,C57BL/6,1.1.1,FR1_Approach,0,PelletDrop,135,0,0,0,0,0,,,,,,,,,,,,,,,,,,,,
2026-06-30 00:59:16,48547.898438,B8DB8AF16E20,mous,male,C57BL/6,1.1.1,FR1_Approach,0,PelletTaken,135,0,0,0,0,0,15.295,0.000,0,1,,,,,,,,,,,,,,,,
2026-06-30 00:59:23,48554.875000,B8DB8AF16E20,mous,male,C57BL/6,1.1.1,FR1_Approach,0,PelletDrop,136,0,0,0,0,0,,,,,,,,,,,,,,,,,,,,
2026-06-30 00:59:29,48559.968750,B8DB8AF16E20,mous,male,C57BL/6,1.1.1,FR1_Approach,0,PelletTaken,136,0,0,0,0,0,4.746,0.000,0,1,,,,,,,,,,,,,,,,
2026-06-30 00:59:35,48566.964844,B8DB8AF16E20,mous,male,C57BL/6,1.1.1,FR1_Approach,0,PelletDrop,137,0,0,0,0,0,,,,,,,,,,,,,,,,,,,,
2026-06-30 00:59:42,48573.699219,B8DB8AF16E20,mous,male,C57BL/6,1.1.1,FR1_Approach,0,PelletTaken,137,0,0,0,0,0,6.385,0.000,0,1,,,,,,,,,,,,,,,,
2026-06-30 00:59:49,48580.675781,B8DB8AF16E20,mous,male,C57BL/6,1.1.1,FR1_Approach,0,PelletDrop,138,0,0,0,0,0,,,,,,,,,,,,,,,,,,,,
2026-06-30 00:59:56,48587.179688,B8DB8AF16E20,mous,male,C57BL/6,1.1.1,FR1_Approach,0,PelletTaken,138,0,0,0,0,0,6.154,0.000,0,1,,,,,,,,,,,,,,,,
2026-06-30 01:00:02,48593.078125,B8DB8AF16E20,mous,male,C57BL/6,1.1.1,FR1_Approach,0,PelletDrop,139,0,0,0,0,0,,,,,,,,,,,,,,,,,,,,
2026-06-30 01:00:10,48601.980469,B8DB8AF16E20,mous,male,C57BL/6,1.1.1,FR1_Approach,0,PelletTaken,139,0,0,0,0,0,8.552,0.000,0,0,,,,,,,,,,,,,,,,
2026-06-30 01:00:17,48608.957031,B8DB8AF16E20,mous,male,C57BL/6,1.1.1,FR1_Approach,0,PelletDrop,140,0,0,0,0,0,,,,,,,,,,,,,,,,,,,,
2026-06-30 01:00:38,48629.300781,B8DB8AF16E20,mous,male,C57BL/6,1.1.1,FR1_Approach,0,PelletTaken,140,0,0,0,0,0,TimedOut,0.000,0,1,,,,,,,,,,,,,,,,
2026-06-30 01:06:26,48978.101562,B8DB8AF16E20,mous,male,C57BL/6,1.1.1,FR1_Approach,0,Status,140,0,0,0,0,0,,,,,Disabled,26.0,40.2,1011.4,19.3,0.000,0.000,254076,344900,251056,2033,4.00,77.48
2026-06-30 01:16:39,49590.675781,B8DB8AF16E20,mous,male,C57BL/6,1.1.1,FR1_Approach,0,Status,140,0,0,0,0,0,,,,,Disabled,26.0,40.5,1011.4,19.2,0.000,0.000,254076,344900,251056,2058,4.01,77.16
2026-06-30 01:21:15,49866.613281,B8DB8AF16E20,mous,male,C57BL/6,1.1.1,FR1_Approach,0,PelletDrop,141,0,0,0,0,0,,,,,,,,,,,,,,,,,,,,
2026-06-30 01:21:23,49874.531250,B8DB8AF16E20,mous,male,C57BL/6,1.1.1,FR1_Approach,0,PelletTaken,141,0,0,0,0,0,7.551,0.000,0,1,,,,,,,,,,,,,,,,
2026-06-30 01:21:30,49881.507812,B8DB8AF16E20,mous,male,C57BL/6,1.1.1,FR1_Approach,0,PelletDrop,142,0,0,0,0,0,,,,,,,,,,,,,,,,,,,,
2026-06-30 01:21:36,49888.320312,B8DB8AF16E20,mous,male,C57BL/6,1.1.1,FR1_Approach,0,PelletTaken,142,0,0,0,0,0,6.462,0.000,0,1,,,,,,,,,,,,,,,,
2026-06-30 01:21:43,49895.312500,B8DB8AF16E20,mous,male,C57BL/6,1.1.1,FR1_Approach,0,PelletDrop,143,0,0,0,0,0,,,,,,,,,,,,,,,,,,,,
2026-06-30 01:21:52,49903.621094,B8DB8AF16E20,mous,male,C57BL/6,1.1.1,FR1_Approach,0,PelletTaken,143,0,0,0,0,0,7.958,0.000,0,1,,,,,,,,,,,,,,,,
2026-06-30 01:21:59,49910.597656,B8DB8AF16E20,mous,male,C57BL/6,1.1.1,FR1_Approach,0,PelletDrop,144,0,0,0,0,0,,,,,,,,,,,,,,,,,,,,
2026-06-30 01:22:05,49916.605469,B8DB8AF16E20,mous,male,C57BL/6,1.1.1,FR1_Approach,0,PelletTaken,144,0,0,0,0,0,5.659,0.000,0,1,,,,,,,,,,,,,,,,
2026-06-30 01:22:11,49922.503906,B8DB8AF16E20,mous,male,C57BL/6,1.1.1,FR1_Approach,0,PelletDrop,145,0,0,0,0,0,,,,,,,,,,,,,,,,,,,,
2026-06-30 01:22:31,49942.847656,B8DB8AF16E20,mous,male,C57BL/6,1.1.1,FR1_Approach,0,PelletTaken,145,0,0,0,0,0,TimedOut,0.000,0,0,,,,,,,,,,,,,,,,
2026-06-30 01:26:42,50194.117188,B8DB8AF16E20,mous,male,C57BL/6,1.1.1,FR1_Approach,0,Status,145,0,0,0,0,0,,,,,Disabled,25.9,40.5,1011.5,19.3,0.000,0.000,254076,344900,251056,2085,4.01,77.00
2026-06-30 01:36:55,50806.710938,B8DB8AF16E20,mous,male,C57BL/6,1.1.1,FR1_Approach,0,Status,145,0,0,0,0,0,,,,,Disabled,25.9,40.5,1011.5,19.3,0.000,0.000,254076,344900,251056,2110,3.99,76.83
2026-06-30 01:47:07,51419.285156,B8DB8AF16E20,mous,male,C57BL/6,1.1.1,FR1_Approach,0,Status,145,0,0,0,0,0,,,,,Disabled,25.9,40.3,1011.5,19.2,0.000,0.000,254076,344900,251056,2135,3.99,76.51
2026-06-30 01:50:19,51610.941406,B8DB8AF16E20,mous,male,C57BL/6,1.1.1,FR1_Approach,0,PelletDrop,146,0,0,0,0,0,,,,,,,,,,,,,,,,,,,,
2026-06-30 01:50:39,51631.285156,B8DB8AF16E20,mous,male,C57BL/6,1.1.1,FR1_Approach,0,PelletTaken,146,0,0,0,0,0,TimedOut,0.000,0,1,,,,,,,,,,,,,,,,
2026-06-30 01:56:44,51996.605469,B8DB8AF16E20,mous,male,C57BL/6,1.1.1,FR1_Approach,0,RightWithPellet,146,0,1,0,0,0,,,,,,,,,,,,,,,,,,,,
2026-06-30 01:57:14,52026.316406,B8DB8AF16E20,mous,male,C57BL/6,1.1.1,FR1_Approach,0,Status,146,0,2,0,0,0,,,,,Disabled,25.9,40.7,1011.5,19.2,0.000,0.000,254056,344900,251056,2160,3.99,76.34
2026-06-30 02:07:26,52638.894531,B8DB8AF16E20,mous,male,C57BL/6,1.1.1,FR1_Approach,0,Status,146,0,2,0,0,0,,,,,Disabled,25.9,40.3,1011.5,19.1,0.000,0.000,254056,344900,251056,2185,4.00,76.02
2026-06-30 02:17:39,53251.523438,B8DB8AF16E20,mous,male,C57BL/6,1.1.1,FR1_Approach,0,Status,146,0,2,0,0,0,,,,,Disabled,25.9,40.3,1011.6,19.1,0.000,0.000,254056,344900,251056,2210,3.99,75.86
2026-06-30 02:27:51,53864.101562,B8DB8AF16E20,mous,male,C57BL/6,1.1.1,FR1_Approach,0,Status,146,0,2,0,0,0,,,,,Disabled,25.8,40.2,1011.6,19.1,0.000,0.000,254056,344900,251056,2235,3.99,75.53
2026-06-30 02:30:35,54027.703125,B8DB8AF16E20,mous,male,C57BL/6,1.1.1,FR1_Approach,0,PelletDrop,147,0,2,0,0,0,,,,,,,,,,,,,,,,,,,,
2026-06-30 02:30:46,54038.839844,B8DB8AF16E20,mous,male,C57BL/6,1.1.1,FR1_Approach,0,PelletTaken,147,0,2,0,0,0,10.785,143.000,0,1,,,,,,,,,,,,,,,,
2026-06-30 02:30:53,54045.816406,B8DB8AF16E20,mous,male,C57BL/6,1.1.1,FR1_Approach,0,PelletDrop,148,0,2,0,0,0,,,,,,,,,,,,,,,,,,,,
2026-06-30 02:30:59,54052.519531,B8DB8AF16E20,mous,male,C57BL/6,1.1.1,FR1_Approach,0,PelletTaken,148,0,2,0,0,0,6.351,143.000,0,1,,,,,,,,,,,,,,,,
2026-06-30 02:31:11,54063.953125,B8DB8AF16E20,mous,male,C57BL/6,1.1.1,FR1_Approach,0,PelletDrop,149,0,2,0,0,0,,,,,,,,,,,,,,,,,,,,
2026-06-30 02:31:13,54066.464844,B8DB8AF16E20,mous,male,C57BL/6,1.1.1,FR1_Approach,0,PelletTaken,149,0,2,0,0,0,2.161,143.000,0,3,,,,,,,,,,,,,,,,
2026-06-30 02:31:20,54073.445312,B8DB8AF16E20,mous,male,C57BL/6,1.1.1,FR1_Approach,0,PelletDrop,150,0,2,0,0,0,,,,,,,,,,,,,,,,,,,,
2026-06-30 02:31:26,54079.644531,B8DB8AF16E20,mous,male,C57BL/6,1.1.1,FR1_Approach,0,PelletTaken,150,0,2,0,0,0,5.845,143.000,0,1,,,,,,,,,,,,,,,,
2026-06-30 02:31:33,54086.640625,B8DB8AF16E20,mous,male,C57BL/6,1.1.1,FR1_Approach,0,PelletDrop,151,0,2,0,0,0,,,,,,,,,,,,,,,,,,,,
2026-06-30 02:31:42,54094.730469,B8DB8AF16E20,mous,male,C57BL/6,1.1.1,FR1_Approach,0,PelletTaken,151,0,2,0,0,0,7.738,143.000,0,1,,,,,,,,,,,,,,,,
2026-06-30 02:31:49,54101.710938,B8DB8AF16E20,mous,male,C57BL/6,1.1.1,FR1_Approach,0,PelletDrop,152,0,2,0,0,0,,,,,,,,,,,,,,,,,,,,
2026-06-30 02:31:57,54110.074219,B8DB8AF16E20,mous,male,C57BL/6,1.1.1,FR1_Approach,0,PelletTaken,152,0,2,0,0,0,8.012,143.000,0,1,,,,,,,,,,,,,,,,
2026-06-30 02:32:04,54117.042969,B8DB8AF16E20,mous,male,C57BL/6,1.1.1,FR1_Approach,0,PelletDrop,153,0,2,0,0,0,,,,,,,,,,,,,,,,,,,,
2026-06-30 02:32:24,54137.386719,B8DB8AF16E20,mous,male,C57BL/6,1.1.1,FR1_Approach,0,PelletTaken,153,0,2,0,0,0,TimedOut,143.000,0,1,,,,,,,,,,,,,,,,
2026-06-30 02:38:13,54486.179688,B8DB8AF16E20,mous,male,C57BL/6,1.1.1,FR1_Approach,0,Status,153,0,2,0,0,0,,,,,Disabled,25.8,40.0,1011.6,19.1,0.000,0.000,254056,344900,251056,2263,3.98,75.20
2026-06-30 02:48:25,55098.773438,B8DB8AF16E20,mous,male,C57BL/6,1.1.1,FR1_Approach,0,Status,153,0,2,0,0,0,,,,,Disabled,25.8,40.0,1011.7,19.2,0.000,0.000,254056,344900,251056,2288,3.98,75.04
2026-06-30 02:48:52,55125.757812,B8DB8AF16E20,mous,male,C57BL/6,1.1.1,FR1_Approach,0,PelletDrop,154,0,2,0,0,0,,,,,,,,,,,,,,,,,,,,
2026-06-30 02:49:02,55135.816406,B8DB8AF16E20,mous,male,C57BL/6,1.1.1,FR1_Approach,0,PelletTaken,154,0,2,0,0,0,9.707,143.000,0,1,,,,,,,,,,,,,,,,
2026-06-30 02:49:09,55142.812500,B8DB8AF16E20,mous,male,C57BL/6,1.1.1,FR1_Approach,0,PelletDrop,155,0,2,0,0,0,,,,,,,,,,,,,,,,,,,,
2026-06-30 02:49:16,55149.941406,B8DB8AF16E20,mous,male,C57BL/6,1.1.1,FR1_Approach,0,PelletTaken,155,0,2,0,0,0,6.781,143.000,0,1,,,,,,,,,,,,,,,,
2026-06-30 02:49:23,55156.921875,B8DB8AF16E20,mous,male,C57BL/6,1.1.1,FR1_Approach,0,PelletDrop,156,0,2,0,0,0,,,,,,,,,,,,,,,,,,,,
2026-06-30 02:49:44,55177.265625,B8DB8AF16E20,mous,male,C57BL/6,1.1.1,FR1_Approach,0,PelletTaken,156,0,2,0,0,0,TimedOut,143.000,0,1,,,,,,,,,,,,,,,,
2026-06-30 02:49:58,55191.062500,B8DB8AF16E20,mous,male,C57BL/6,1.1.1,FR1_Approach,0,PelletDrop,157,0,2,0,0,0,,,,,,,,,,,,,,,,,,,,
2026-06-30 02:50:12,55205.937500,B8DB8AF16E20,mous,male,C57BL/6,1.1.1,FR1_Approach,0,PelletTaken,157,0,2,0,0,0,14.525,143.000,0,1,,,,,,,,,,,,,,,,
2026-06-30 02:50:19,55212.921875,B8DB8AF16E20,mous,male,C57BL/6,1.1.1,FR1_Approach,0,PelletDrop,158,0,2,0,0,0,,,,,,,,,,,,,,,,,,,,
2026-06-30 02:50:40,55233.281250,B8DB8AF16E20,mous,male,C57BL/6,1.1.1,FR1_Approach,0,PelletTaken,158,0,2,0,0,0,TimedOut,143.000,0,1,,,,,,,,,,,,,,,,
2026-06-30 02:58:30,55703.960938,B8DB8AF16E20,mous,male,C57BL/6,1.1.1,FR1_Approach,0,Status,158,0,2,0,0,0,,,,,Disabled,25.9,40.0,1011.7,19.1,0.000,0.000,254056,344900,251056,2314,3.98,74.88
2026-06-30 03:08:43,56316.539062,B8DB8AF16E20,mous,male,C57BL/6,1.1.1,FR1_Approach,0,Status,158,0,2,0,0,0,,,,,Disabled,25.9,39.9,1011.8,19.1,0.000,0.000,254056,344900,251056,2339,3.99,74.55
2026-06-30 03:10:53,56447.128906,B8DB8AF16E20,mous,male,C57BL/6,1.1.1,FR1_Approach,0,PelletDrop,159,0,2,0,0,0,,,,,,,,,,,,,,,,,,,,
2026-06-30 03:11:14,56467.472656,B8DB8AF16E20,mous,male,C57BL/6,1.1.1,FR1_Approach,0,PelletTaken,159,0,2,0,0,0,TimedOut,143.000,0,1,,,,,,,,,,,,,,,,
2026-06-30 03:11:37,56491.199219,B8DB8AF16E20,mous,male,C57BL/6,1.1.1,FR1_Approach,0,PelletDrop,160,0,2,0,0,0,,,,,,,,,,,,,,,,,,,,
2026-06-30 03:11:58,56511.542969,B8DB8AF16E20,mous,male,C57BL/6,1.1.1,FR1_Approach,0,PelletTaken,160,0,2,0,0,0,TimedOut,143.000,0,1,,,,,,,,,,,,,,,,
2026-06-30 03:18:59,56933.480469,B8DB8AF16E20,mous,male,C57BL/6,1.1.1,FR1_Approach,0,Status,160,0,2,0,0,0,,,,,Disabled,25.9,39.8,1011.8,19.2,0.000,0.000,254056,344900,251056,2365,3.98,74.38
2026-06-30 03:25:39,57333.082031,B8DB8AF16E20,mous,male,C57BL/6,1.1.1,FR1_Approach,0,PelletDrop,161,0,2,0,0,0,,,,,,,,,,,,,,,,,,,,
2026-06-30 03:25:41,57335.441406,B8DB8AF16E20,mous,male,C57BL/6,1.1.1,FR1_Approach,0,PelletTaken,161,0,2,0,0,0,2.006,143.000,0,1,,,,,,,,,,,,,,,,
2026-06-30 03:29:04,57537.976562,B8DB8AF16E20,mous,male,C57BL/6,1.1.1,FR1_Approach,0,Status,161,0,2,0,0,0,,,,,Disabled,25.9,40.0,1011.8,19.1,0.000,0.000,254056,344900,251056,2391,3.97,74.05
2026-06-30 03:31:37,57691.527344,B8DB8AF16E20,mous,male,C57BL/6,1.1.1,FR1_Approach,0,PelletDrop,162,0,2,0,0,0,,,,,,,,,,,,,,,,,,,,
2026-06-30 03:31:58,57711.871094,B8DB8AF16E20,mous,male,C57BL/6,1.1.1,FR1_Approach,0,PelletTaken,162,0,2,0,0,0,TimedOut,143.000,0,1,,,,,,,,,,,,,,,,
2026-06-30 03:39:24,58158.207031,B8DB8AF16E20,mous,male,C57BL/6,1.1.1,FR1_Approach,0,Status,162,0,2,0,0,0,,,,,Disabled,25.9,39.9,1011.9,19.0,0.000,0.000,254056,344900,251056,2417,3.97,73.89
2026-06-30 03:43:06,58380.234375,B8DB8AF16E20,mous,male,C57BL/6,1.1.1,FR1_Approach,0,PelletDrop,163,0,2,0,0,0,,,,,,,,,,,,,,,,,,,,
2026-06-30 03:43:22,58396.265625,B8DB8AF16E20,mous,male,C57BL/6,1.1.1,FR1_Approach,0,PelletTaken,163,0,2,0,0,0,15.680,143.000,0,1,,,,,,,,,,,,,,,,
2026-06-30 03:43:28,58402.101562,B8DB8AF16E20,mous,male,C57BL/6,1.1.1,FR1_Approach,0,PelletDrop,164,0,2,0,0,0,,,,,,,,,,,,,,,,,,,,
2026-06-30 03:43:48,58422.464844,B8DB8AF16E20,mous,male,C57BL/6,1.1.1,FR1_Approach,0,PelletTaken,164,0,2,0,0,0,TimedOut,143.000,0,0,,,,,,,,,,,,,,,,
2026-06-30 03:43:55,58429.441406,B8DB8AF16E20,mous,male,C57BL/6,1.1.1,FR1_Approach,0,PelletDrop,165,0,2,0,0,0,,,,,,,,,,,,,,,,,,,,
2026-06-30 03:44:15,58449.785156,B8DB8AF16E20,mous,male,C57BL/6,1.1.1,FR1_Approach,0,PelletTaken,165,0,2,0,0,0,TimedOut,143.000,0,1,,,,,,,,,,,,,,,,
2026-06-30 03:46:15,58569.289062,B8DB8AF16E20,mous,male,C57BL/6,1.1.1,FR1_Approach,0,PelletDrop,166,0,2,0,0,0,,,,,,,,,,,,,,,,,,,,
2026-06-30 03:46:19,58573.554688,B8DB8AF16E20,mous,male,C57BL/6,1.1.1,FR1_Approach,0,PelletTaken,166,0,2,0,0,0,3.898,143.000,0,1,,,,,,,,,,,,,,,,
2026-06-30 03:46:28,58582.753906,B8DB8AF16E20,mous,male,C57BL/6,1.1.1,FR1_Approach,0,PelletDrop,167,0,2,0,0,0,,,,,,,,,,,,,,,,,,,,
2026-06-30 03:46:49,58603.097656,B8DB8AF16E20,mous,male,C57BL/6,1.1.1,FR1_Approach,0,PelletTaken,167,0,2,0,0,0,TimedOut,143.000,0,2,,,,,,,,,,,,,,,,
2026-06-30 03:46:54,58609.054688,B8DB8AF16E20,mous,male,C57BL/6,1.1.1,FR1_Approach,0,CenterWithPellet,167,0,2,2,0,0,,,,,,,,,,,,,,,,,,,,
2026-06-30 03:49:44,58778.867188,B8DB8AF16E20,mous,male,C57BL/6,1.1.1,FR1_Approach,0,Status,167,0,2,2,0,0,,,,,Disabled,25.9,40.0,1012.0,19.0,0.000,0.000,254040,344900,251056,2443,3.97,73.56
2026-06-30 03:59:57,59391.445312,B8DB8AF16E20,mous,male,C57BL/6,1.1.1,FR1_Approach,0,Status,167,0,2,2,0,0,,,,,Disabled,25.9,39.9,1012.0,19.0,0.000,0.000,254040,344900,251056,2468,3.97,73.40
2026-06-30 04:02:47,59561.460938,B8DB8AF16E20,mous,male,C57BL/6,1.1.1,FR1_Approach,0,PelletDrop,168,0,2,2,0,0,,,,,,,,,,,,,,,,,,,,
2026-06-30 04:03:07,59581.804688,B8DB8AF16E20,mous,male,C57BL/6,1.1.1,FR1_Approach,0,PelletTaken,168,0,2,2,0,0,TimedOut,114.000,0,1,,,,,,,,,,,,,,,,
2026-06-30 04:10:09,60003.730469,B8DB8AF16E20,mous,male,C57BL/6,1.1.1,FR1_Approach,0,Status,168,0,2,2,0,0,,,,,Disabled,25.9,40.1,1012.0,19.0,0.000,0.000,254040,344900,251056,2493,3.97,73.07
2026-06-30 04:20:21,60616.308594,B8DB8AF16E20,mous,male,C57BL/6,1.1.1,FR1_Approach,0,Status,168,0,2,2,0,0,,,,,Disabled,25.9,39.8,1012.1,18.9,0.000,0.000,254040,344900,251056,2518,3.97,72.91
2026-06-30 04:22:41,60756.515625,B8DB8AF16E20,mous,male,C57BL/6,1.1.1,FR1_Approach,0,PelletDrop,169,0,2,2,0,0,,,,,,,,,,,,,,,,,,,,
2026-06-30 04:22:51,60765.824219,B8DB8AF16E20,mous,male,C57BL/6,1.1.1,FR1_Approach,0,PelletTaken,169,0,2,2,0,0,8.959,114.000,0,1,,,,,,,,,,,,,,,,
2026-06-30 04:22:58,60772.804688,B8DB8AF16E20,mous,male,C57BL/6,1.1.1,FR1_Approach,0,PelletDrop,170,0,2,2,0,0,,,,,,,,,,,,,,,,,,,,
2026-06-30 04:23:05,60780.207031,B8DB8AF16E20,mous,male,C57BL/6,1.1.1,FR1_Approach,0,PelletTaken,170,0,2,2,0,0,7.034,114.000,0,1,,,,,,,,,,,,,,,,
2026-06-30 04:23:12,60787.187500,B8DB8AF16E20,mous,male,C57BL/6,1.1.1,FR1_Approach,0,PelletDrop,171,0,2,2,0,0,,,,,,,,,,,,,,,,,,,,
2026-06-30 04:23:22,60797.179688,B8DB8AF16E20,mous,male,C57BL/6,1.1.1,FR1_Approach,0,PelletTaken,171,0,2,2,0,0,9.640,114.000,0,1,,,,,,,,,,,,,,,,
2026-06-30 04:23:29,60804.160156,B8DB8AF16E20,mous,male,C57BL/6,1.1.1,FR1_Approach,0,PelletDrop,172,0,2,2,0,0,,,,,,,,,,,,,,,,,,,,
2026-06-30 04:23:36,60810.921875,B8DB8AF16E20,mous,male,C57BL/6,1.1.1,FR1_Approach,0,PelletTaken,172,0,2,2,0,0,6.397,114.000,0,1,,,,,,,,,,,,,,,,
2026-06-30 04:23:43,60817.902344,B8DB8AF16E20,mous,male,C57BL/6,1.1.1,FR1_Approach,0,PelletDrop,173,0,2,2,0,0,,,,,,,,,,,,,,,,,,,,
2026-06-30 04:24:03,60838.246094,B8DB8AF16E20,mous,male,C57BL/6,1.1.1,FR1_Approach,0,PelletTaken,173,0,2,2,0,0,TimedOut,114.000,0,1,,,,,,,,,,,,,,,,
2026-06-30 04:30:40,61235.808594,B8DB8AF16E20,mous,male,C57BL/6,1.1.1,FR1_Approach,0,Status,173,0,2,2,0,0,,,,,Disabled,25.9,39.8,1012.1,18.9,0.000,0.000,254040,344900,251056,2545,3.96,72.74
2026-06-30 04:40:53,61848.386719,B8DB8AF16E20,mous,male,C57BL/6,1.1.1,FR1_Approach,0,Status,173,0,2,2,0,0,,,,,Disabled,26.0,39.5,1012.2,18.9,0.000,0.000,254040,344900,251056,2570,3.96,72.41
2026-06-30 04:51:05,62460.976562,B8DB8AF16E20,mous,male,C57BL/6,1.1.1,FR1_Approach,0,Status,173,0,2,2,0,0,,,,,Disabled,26.0,39.4,1012.2,18.9,0.000,0.000,254040,344900,251056,2595,3.96,72.09
2026-06-30 05:01:18,63073.589844,B8DB8AF16E20,mous,male,C57BL/6,1.1.1,FR1_Approach,0,Status,173,0,2,2,0,0,,,,,Disabled,26.0,39.3,1012.3,18.6,0.000,0.000,254040,344900,251056,2620,3.96,71.92
2026-06-30 05:11:30,63686.167969,B8DB8AF16E20,mous,male,C57BL/6,1.1.1,FR1_Approach,0,Status,173,0,2,2,0,0,,,,,Disabled,26.0,39.1,1012.4,18.9,0.000,0.000,254040,344900,251056,2645,3.96,71.76
2026-06-30 05:21:42,64298.746094,B8DB8AF16E20,mous,male,C57BL/6,1.1.1,FR1_Approach,0,Status,173,0,2,2,0,0,,,,,Disabled,26.0,39.1,1012.5,18.6,0.000,0.000,254040,344900,251056,2670,3.96,71.43
2026-06-30 05:31:55,64911.339844,B8DB8AF16E20,mous,male,C57BL/6,1.1.1,FR1_Approach,0,Status,173,0,2,2,0,0,,,,,Disabled,26.0,39.2,1012.6,18.8,0.000,0.000,254040,344900,251056,2695,3.95,71.27
2026-06-30 05:42:07,65523.917969,B8DB8AF16E20,mous,male,C57BL/6,1.1.1,FR1_Approach,0,Status,173,0,2,2,0,0,,,,,Disabled,26.0,39.3,1012.7,18.9,0.000,0.000,254040,344900,251056,2720,3.95,71.10
2026-06-30 05:42:34,65550.921875,B8DB8AF16E20,mous,male,C57BL/6,1.1.1,FR1_Approach,0,PelletDrop,174,0,2,2,0,0,,,,,,,,,,,,,,,,,,,,
2026-06-30 05:42:55,65571.265625,B8DB8AF16E20,mous,male,C57BL/6,1.1.1,FR1_Approach,0,PelletTaken,174,0,2,2,0,0,TimedOut,114.000,0,1,,,,,,,,,,,,,,,,
2026-06-30 05:51:21,66078.007812,B8DB8AF16E20,mous,male,C57BL/6,1.1.1,FR1_Approach,0,PelletDrop,175,0,2,2,0,0,,,,,,,,,,,,,,,,,,,,
2026-06-30 05:51:29,66086.335938,B8DB8AF16E20,mous,male,C57BL/6,1.1.1,FR1_Approach,0,PelletTaken,175,0,2,2,0,0,7.979,114.000,0,1,,,,,,,,,,,,,,,,
2026-06-30 05:51:36,66093.328125,B8DB8AF16E20,mous,male,C57BL/6,1.1.1,FR1_Approach,0,PelletDrop,176,0,2,2,0,0,,,,,,,,,,,,,,,,,,,,
2026-06-30 05:51:43,66100.070312,B8DB8AF16E20,mous,male,C57BL/6,1.1.1,FR1_Approach,0,PelletTaken,176,0,2,2,0,0,6.385,114.000,0,1,,,,,,,,,,,,,,,,
2026-06-30 05:51:50,66107.054688,B8DB8AF16E20,mous,male,C57BL/6,1.1.1,FR1_Approach,0,PelletDrop,177,0,2,2,0,0,,,,,,,,,,,,,,,,,,,,
2026-06-30 05:52:11,66127.398438,B8DB8AF16E20,mous,male,C57BL/6,1.1.1,FR1_Approach,0,PelletTaken,177,0,2,2,0,0,TimedOut,114.000,0,1,,,,,,,,,,,,,,,,
2026-06-30 05:52:18,66134.906250,B8DB8AF16E20,mous,male,C57BL/6,1.1.1,FR1_Approach,0,Status,177,0,2,2,0,0,,,,,Disabled,26.0,39.7,1012.8,18.9,0.000,0.000,254040,344900,251056,2746,3.90,70.61
2026-06-30 06:02:30,66747.484375,B8DB8AF16E20,mous,male,C57BL/6,1.1.1,FR1_Approach,0,Status,177,0,2,2,0,0,,,,,Disabled,26.0,39.7,1012.9,18.8,0.086,55.000,254040,344900,251056,2771,3.95,70.45
2026-06-30 06:07:29,67045.921875,B8DB8AF16E20,mous,male,C57BL/6,1.1.1,FR1_Approach,0,CenterWithPellet,177,0,2,3,0,0,,,,,,,,,,,,,,,,,,,,
2026-06-30 06:12:43,67360.062500,B8DB8AF16E20,mous,male,C57BL/6,1.1.1,FR1_Approach,0,Status,177,0,2,3,0,0,,,,,Disabled,25.9,39.9,1013.0,18.9,0.094,59.000,254040,344900,251056,2796,3.95,70.28
2026-06-30 06:22:55,67972.664062,B8DB8AF16E20,mous,male,C57BL/6,1.1.1,FR1_Approach,0,Status,177,0,2,3,0,0,,,,,Disabled,25.9,39.8,1013.1,18.8,0.094,56.000,254040,344900,251056,2821,3.95,70.12
2026-06-30 06:33:08,68585.242188,B8DB8AF16E20,mous,male,C57BL/6,1.1.1,FR1_Approach,0,Status,177,0,2,3,0,0,,,,,Disabled,25.9,39.9,1013.2,18.7,0.079,48.000,254040,344900,251056,2846,3.94,69.79
2026-06-30 06:43:20,69197.835938,B8DB8AF16E20,mous,male,C57BL/6,1.1.1,FR1_Approach,0,Status,177,0,2,3,0,0,,,,,Disabled,25.9,39.8,1013.3,18.4,0.068,43.000,254040,344900,251056,2871,3.94,69.62
2026-06-30 06:53:32,69810.414062,B8DB8AF16E20,mous,male,C57BL/6,1.1.1,FR1_Approach,0,Status,177,0,2,3,0,0,,,,,Disabled,25.9,39.5,1013.3,18.4,0.065,45.000,254040,344900,251056,2896,3.95,69.46
2026-06-30 07:03:45,70423.007812,B8DB8AF16E20,mous,male,C57BL/6,1.1.1,FR1_Approach,0,Status,177,0,2,3,0,0,,,,,Disabled,26.0,39.3,1013.5,18.6,0.101,65.000,254040,344900,251056,2921,3.94,69.13
2026-06-30 07:13:57,71035.585938,B8DB8AF16E20,mous,male,C57BL/6,1.1.1,FR1_Approach,0,Status,177,0,2,3,0,0,,,,,Disabled,26.0,39.1,1013.5,18.4,0.036,34.000,254040,344900,251056,2946,3.94,68.97
2026-06-30 07:24:10,71648.164062,B8DB8AF16E20,mous,male,C57BL/6,1.1.1,FR1_Approach,0,Status,177,0,2,3,0,0,,,,,Disabled,26.0,39.1,1013.6,18.5,0.050,38.000,254040,344900,251056,2971,3.94,68.80
2026-06-30 07:34:22,72260.757812,B8DB8AF16E20,mous,male,C57BL/6,1.1.1,FR1_Approach,0,Status,177,0,2,3,0,0,,,,,Disabled,26.1,39.0,1013.7,18.2,0.040,35.000,254040,344900,251056,2996,3.93,68.48
2026-06-30 07:44:34,72873.359375,B8DB8AF16E20,mous,male,C57BL/6,1.1.1,FR1_Approach,0,Status,177,0,2,3,0,0,,,,,Disabled,26.1,38.8,1013.8,18.1,0.029,28.000,254040,344900,251056,3021,3.93,68.31
2026-06-30 07:54:47,73485.937500,B8DB8AF16E20,mous,male,C57BL/6,1.1.1,FR1_Approach,0,Status,177,0,2,3,0,0,,,,,Disabled,26.2,38.7,1013.8,18.1,0.029,30.000,254040,344900,251056,3046,3.93,68.02
2026-06-30 08:04:59,74098.531250,B8DB8AF16E20,mous,male,C57BL/6,1.1.1,FR1_Approach,0,Status,177,0,2,3,0,0,,,,,Disabled,26.3,38.5,1013.9,18.2,0.029,31.000,254040,344900,251056,3071,3.93,67.88
2026-06-30 08:15:12,74711.109375,B8DB8AF16E20,mous,male,C57BL/6,1.1.1,FR1_Approach,0,Status,177,0,2,3,0,0,,,,,Disabled,26.3,38.4,1014.0,18.1,0.036,30.000,254040,344900,251056,3096,3.93,67.59
2026-06-30 08:25:24,75323.703125,B8DB8AF16E20,mous,male,C57BL/6,1.1.1,FR1_Approach,0,Status,177,0,2,3,0,0,,,,,Disabled,26.4,38.3,1014.0,18.1,0.043,34.000,254040,344900,251056,3121,3.92,67.45
2026-06-30 08:35:36,75936.281250,B8DB8AF16E20,mous,male,C57BL/6,1.1.1,FR1_Approach,0,Status,177,0,2,3,0,0,,,,,Disabled,26.4,38.2,1014.1,18.0,0.036,30.000,254040,344900,251056,3146,3.92,67.30
2026-06-30 08:45:49,76548.859375,B8DB8AF16E20,mous,male,C57BL/6,1.1.1,FR1_Approach,0,Status,177,0,2,3,0,0,,,,,Disabled,26.5,38.1,1014.2,17.9,0.036,35.000,254040,344900,251056,3171,3.92,67.01
2026-06-30 08:56:01,77161.468750,B8DB8AF16E20,mous,male,C57BL/6,1.1.1,FR1_Approach,0,Status,177,0,2,3,0,0,,,,,Disabled,26.5,38.0,1014.2,18.2,0.036,32.000,254040,344900,251056,3196,3.92,66.87
2026-06-30 09:05:19,77719.164062,B8DB8AF16E20,mous,male,C57BL/6,1.1.1,FR1_Approach,0,PelletDrop,178,0,2,3,0,0,,,,,,,,,,,,,,,,,,,,
2026-06-30 09:05:36,77736.406250,B8DB8AF16E20,mous,male,C57BL/6,1.1.1,FR1_Approach,0,PelletTaken,178,0,2,3,0,0,16.890,60.000,0,1,,,,,,,,,,,,,,,,
2026-06-30 09:05:43,77743.359375,B8DB8AF16E20,mous,male,C57BL/6,1.1.1,FR1_Approach,0,PelletDrop,179,0,2,3,0,0,,,,,,,,,,,,,,,,,,,,
2026-06-30 09:06:03,77763.703125,B8DB8AF16E20,mous,male,C57BL/6,1.1.1,FR1_Approach,0,PelletTaken,179,0,2,3,0,0,TimedOut,60.000,0,1,,,,,,,,,,,,,,,,
2026-06-30 09:06:11,77771.187500,B8DB8AF16E20,mous,male,C57BL/6,1.1.1,FR1_Approach,0,Status,179,0,2,3,0,0,,,,,Disabled,26.6,37.9,1014.2,18.1,0.050,39.000,254040,344900,251056,3221,3.92,66.72
2026-06-30 09:09:37,77977.882812,B8DB8AF16E20,mous,male,C57BL/6,1.1.1,FR1_Approach,0,PelletDrop,180,0,2,3,0,0,,,,,,,,,,,,,,,,,,,,
2026-06-30 09:09:43,77983.781250,B8DB8AF16E20,mous,male,C57BL/6,1.1.1,FR1_Approach,0,PelletTaken,180,0,2,3,0,0,5.549,60.000,0,1,,,,,,,,,,,,,,,,
2026-06-30 09:09:50,77990.765625,B8DB8AF16E20,mous,male,C57BL/6,1.1.1,FR1_Approach,0,PelletDrop,181,0,2,3,0,0,,,,,,,,,,,,,,,,,,,,
2026-06-30 09:10:11,78011.109375,B8DB8AF16E20,mous,male,C57BL/6,1.1.1,FR1_Approach,0,PelletTaken,181,0,2,3,0,0,TimedOut,60.000,0,1,,,,,,,,,,,,,,,,
2026-06-30 09:16:24,78384.296875,B8DB8AF16E20,mous,male,C57BL/6,1.1.1,FR1_Approach,0,Status,181,0,2,3,0,0,,,,,Disabled,26.6,38.2,1014.2,18.0,0.072,48.000,254040,344900,251056,3247,3.92,66.43
2026-06-30 09:26:36,78996.867188,B8DB8AF16E20,mous,male,C57BL/6,1.1.1,FR1_Approach,0,Status,181,0,2,3,0,0,,,,,Disabled,26.6,38.0,1014.3,18.1,0.079,54.000,254040,344900,251056,3272,3.92,66.29
2026-06-30 09:36:49,79609.453125,B8DB8AF16E20,mous,male,C57BL/6,1.1.1,FR1_Approach,0,Status,181,0,2,3,0,0,,,,,Disabled,26.6,38.1,1014.2,18.0,0.090,52.000,254040,344900,251056,3297,3.91,66.14
2026-06-30 09:47:01,80222.046875,B8DB8AF16E20,mous,male,C57BL/6,1.1.1,FR1_Approach,0,Status,181,0,2,3,0,0,,,,,Disabled,26.6,38.1,1014.2,18.1,0.079,53.000,254040,344900,251056,3322,3.91,65.86
2026-06-30 09:57:13,80834.625000,B8DB8AF16E20,mous,male,C57BL/6,1.1.1,FR1_Approach,0,Status,181,0,2,3,0,0,,,,,Disabled,26.5,38.1,1014.1,18.1,0.072,49.000,254040,344900,251056,3347,3.91,65.71
2026-06-30 10:07:26,81447.203125,B8DB8AF16E20,mous,male,C57BL/6,1.1.1,FR1_Approach,0,Status,181,0,2,3,0,0,,,,,Disabled,26.5,38.0,1014.0,18.4,0.072,47.000,254040,344900,251056,3372,3.91,65.57
2026-06-30 10:17:03,82024.585938,B8DB8AF16E20,mous,male,C57BL/6,1.1.1,FR1_Approach,0,PelletDrop,182,0,2,3,0,0,,,,,,,,,,,,,,,,,,,,
2026-06-30 10:17:23,82044.929688,B8DB8AF16E20,mous,male,C57BL/6,1.1.1,FR1_Approach,0,PelletTaken,182,0,2,3,0,0,TimedOut,60.000,0,1,,,,,,,,,,,,,,,,
2026-06-30 10:17:31,82052.421875,B8DB8AF16E20,mous,male,C57BL/6,1.1.1,FR1_Approach,0,Status,182,0,2,3,0,0,,,,,Disabled,26.5,38.1,1013.9,18.2,0.000,16.000,254040,344900,251056,3397,3.86,65.28
2026-06-30 10:17:33,82055.039062,B8DB8AF16E20,mous,male,C57BL/6,1.1.1,FR1_Approach,0,PelletDrop,183,0,2,3,0,0,,,,,,,,,,,,,,,,,,,,
2026-06-30 10:17:54,82075.382812,B8DB8AF16E20,mous,male,C57BL/6,1.1.1,FR1_Approach,0,PelletTaken,183,0,2,3,0,0,TimedOut,60.000,0,1,,,,,,,,,,,,,,,,
2026-06-30 10:27:46,82667.992188,B8DB8AF16E20,mous,male,C57BL/6,1.1.1,FR1_Approach,0,Status,183,0,2,3,0,0,,,,,Disabled,26.5,38.4,1013.8,18.1,0.022,26.000,254040,344900,251056,3422,3.91,64.99
2026-06-30 10:37:58,83280.585938,B8DB8AF16E20,mous,male,C57BL/6,1.1.1,FR1_Approach,0,Status,183,0,2,3,0,0,,,,,Disabled,26.5,38.0,1013.8,18.1,0.061,43.000,254040,344900,251056,3447,3.90,64.84
2026-06-30 10:48:11,83893.164062,B8DB8AF16E20,mous,male,C57BL/6,1.1.1,FR1_Approach,0,Status,183,0,2,3,0,0,,,,,Disabled,26.5,37.9,1013.7,18.2,0.061,40.000,254040,344900,251056,3472,3.90,64.70
2026-06-30 10:54:49,84291.468750,B8DB8AF16E20,mous,male,C57BL/6,1.1.1,FR1_Approach,0,PelletDrop,184,0,2,3,0,0,,,,,,,,,,,,,,,,,,,,
2026-06-30 10:55:09,84311.828125,B8DB8AF16E20,mous,male,C57BL/6,1.1.1,FR1_Approach,0,PelletTaken,184,0,2,3,0,0,TimedOut,60.000,0,1,,,,,,,,,,,,,,,,
2026-06-30 10:55:35,84337.929688,B8DB8AF16E20,mous,male,C57BL/6,1.1.1,FR1_Approach,0,PelletDrop,185,0,2,3,0,0,,,,,,,,,,,,,,,,,,,,
2026-06-30 10:55:56,84358.273438,B8DB8AF16E20,mous,male,C57BL/6,1.1.1,FR1_Approach,0,PelletTaken,185,0,2,3,0,0,TimedOut,60.000,0,1,,,,,,,,,,,,,,,,
2026-06-30 10:56:03,84365.265625,B8DB8AF16E20,mous,male,C57BL/6,1.1.1,FR1_Approach,0,PelletDrop,186,0,2,3,0,0,,,,,,,,,,,,,,,,,,,,
2026-06-30 10:56:23,84385.609375,B8DB8AF16E20,mous,male,C57BL/6,1.1.1,FR1_Approach,0,PelletTaken,186,0,2,3,0,0,TimedOut,60.000,0,1,,,,,,,,,,,,,,,,
2026-06-30 10:58:33,84514.992188,B8DB8AF16E20,mous,male,C57BL/6,1.1.1,FR1_Approach,0,Status,186,0,2,3,0,0,,,,,Disabled,26.5,38.0,1013.7,18.0,0.047,39.000,254040,344900,251056,3498,3.90,64.55
2026-06-30 11:08:45,85127.570312,B8DB8AF16E20,mous,male,C57BL/6,1.1.1,FR1_Approach,0,Status,186,0,2,3,0,0,,,,,Disabled,26.5,37.8,1013.6,18.0,0.050,38.000,254040,344900,251056,3523,3.90,64.27
2026-06-30 11:18:57,85740.171875,B8DB8AF16E20,mous,male,C57BL/6,1.1.1,FR1_Approach,0,Status,186,0,2,3,0,0,,,,,Disabled,26.5,37.8,1013.6,18.0,0.061,39.000,254040,344900,251056,3548,3.90,64.12
2026-06-30 11:29:10,86352.750000,B8DB8AF16E20,mous,male,C57BL/6,1.1.1,FR1_Approach,0,Status,186,0,2,3,0,0,,,,,Disabled,26.5,37.7,1013.5,18.0,0.050,40.000,254040,344900,251056,3573,3.89,63.98
2026-06-30 11:30:10,86412.632812,B8DB8AF16E20,mous,male,C57BL/6,1.1.1,FR1_Approach,0,PelletDrop,187,0,2,3,0,0,,,,,,,,,,,,,,,,,,,,
2026-06-30 11:30:28,86430.562500,B8DB8AF16E20,mous,male,C57BL/6,1.1.1,FR1_Approach,0,PelletTaken,187,0,2,3,0,0,17.572,60.000,0,1,,,,,,,,,,,,,,,,
2026-06-30 11:30:34,86437.539062,B8DB8AF16E20,mous,male,C57BL/6,1.1.1,FR1_Approach,0,PelletDrop,188,0,2,3,0,0,,,,,,,,,,,,,,,,,,,,
2026-06-30 11:30:55,86457.882812,B8DB8AF16E20,mous,male,C57BL/6,1.1.1,FR1_Approach,0,PelletTaken,188,0,2,3,0,0,TimedOut,60.000,0,1,,,,,,,,,,,,,,,,
2026-06-30 11:31:02,86464.882812,B8DB8AF16E20,mous,male,C57BL/6,1.1.1,FR1_Approach,0,PelletDrop,189,0,2,3,0,0,,,,,,,,,,,,,,,,,,,,
2026-06-30 11:31:22,86485.226562,B8DB8AF16E20,mous,male,C57BL/6,1.1.1,FR1_Approach,0,PelletTaken,189,0,2,3,0,0,TimedOut,60.000,0,1,,,,,,,,,,,,,,,,
2026-06-30 11:31:34,86497.320312,B8DB8AF16E20,mous,male,C57BL/6,1.1.1,FR1_Approach,0,PelletDrop,190,0,2,3,0,0,,,,,,,,,,,,,,,,,,,,
2026-06-30 11:31:46,86509.570312,B8DB8AF16E20,mous,male,C57BL/6,1.1.1,FR1_Approach,0,PelletTaken,190,0,2,3,0,0,11.896,60.000,0,1,,,,,,,,,,,,,,,,
2026-06-30 11:31:56,86518.734375,B8DB8AF16E20,mous,male,C57BL/6,1.1.1,FR1_Approach,0,PelletDrop,191,0,2,3,0,0,,,,,,,,,,,,,,,,,,,,
2026-06-30 11:32:16,86539.078125,B8DB8AF16E20,mous,male,C57BL/6,1.1.1,FR1_Approach,0,PelletTaken,191,0,2,3,0,0,TimedOut,60.000,0,2,,,,,,,,,,,,,,,,
2026-06-30 11:39:18,86961.007812,B8DB8AF16E20,mous,male,C57BL/6,1.1.1,FR1_Approach,0,Status,191,0,2,3,0,0,,,,,Disabled,26.5,37.8,1013.5,18.1,0.000,8.000,254040,344900,251056,3599,3.90,63.69
2026-06-30 11:49:30,87573.617188,B8DB8AF16E20,mous,male,C57BL/6,1.1.1,FR1_Approach,0,Status,191,0,2,3,0,0,,,,,Disabled,26.6,38.1,1013.4,18.0,0.036,31.000,254040,344900,251056,3624,3.89,63.54
2026-06-30 11:59:43,88186.195312,B8DB8AF16E20,mous,male,C57BL/6,1.1.1,FR1_Approach,0,Status,191,0,2,3,0,0,,,,,Disabled,26.6,37.9,1013.3,17.9,0.040,31.000,254040,344900,251056,3649,3.89,63.40
2026-06-30 12:09:55,88798.773438,B8DB8AF16E20,mous,male,C57BL/6,1.1.1,FR1_Approach,0,Status,191,0,2,3,0,0,,,,,Disabled,26.6,37.8,1013.3,18.1,0.043,34.000,254040,344900,251056,3674,3.90,63.11
2026-06-30 12:20:07,89411.367188,B8DB8AF16E20,mous,male,C57BL/6,1.1.1,FR1_Approach,0,Status,191,0,2,3,0,0,,,,,Disabled,26.6,37.7,1013.3,18.1,0.050,38.000,254040,344900,251056,3699,3.89,62.96
2026-06-30 12:30:20,90023.945312,B8DB8AF16E20,mous,male,C57BL/6,1.1.1,FR1_Approach,0,Status,191,0,2,3,0,0,,,,,Disabled,26.6,37.7,1013.3,17.8,0.050,39.000,254040,344900,251056,3724,3.88,62.82
2026-06-30 12:40:32,90636.546875,B8DB8AF16E20,mous,male,C57BL/6,1.1.1,FR1_Approach,0,Status,191,0,2,3,0,0,,,,,Disabled,26.6,37.7,1013.3,18.0,0.058,41.000,254040,344900,251056,3749,3.89,62.53
2026-06-30 12:50:45,91249.117188,B8DB8AF16E20,mous,male,C57BL/6,1.1.1,FR1_Approach,0,Status,191,0,2,3,0,0,,,,,Disabled,26.7,37.6,1013.3,17.9,0.050,38.000,254040,344900,251056,3774,3.88,62.39
2026-06-30 12:52:48,91372.484375,B8DB8AF16E20,mous,male,C57BL/6,1.1.1,FR1_Approach,0,PelletDrop,192,0,2,3,0,0,,,,,,,,,,,,,,,,,,,,
2026-06-30 12:53:08,91392.843750,B8DB8AF16E20,mous,male,C57BL/6,1.1.1,FR1_Approach,0,PelletTaken,192,0,2,3,0,0,TimedOut,60.000,0,1,,,,,,,,,,,,,,,,
2026-06-30 12:53:15,91399.820312,B8DB8AF16E20,mous,male,C57BL/6,1.1.1,FR1_Approach,0,PelletDrop,193,0,2,3,0,0,,,,,,,,,,,,,,,,,,,,
2026-06-30 12:53:36,91420.164062,B8DB8AF16E20,mous,male,C57BL/6,1.1.1,FR1_Approach,0,PelletTaken,193,0,2,3,0,0,TimedOut,60.000,0,1,,,,,,,,,,,,,,,,
2026-06-30 12:53:51,91435.882812,B8DB8AF16E20,mous,male,C57BL/6,1.1.1,FR1_Approach,0,PelletDrop,194,0,2,3,0,0,,,,,,,,,,,,,,,,,,,,
2026-06-30 12:54:12,91456.242188,B8DB8AF16E20,mous,male,C57BL/6,1.1.1,FR1_Approach,0,PelletTaken,194,0,2,3,0,0,TimedOut,60.000,0,1,,,,,,,,,,,,,,,,
2026-06-30 12:54:19,91463.226562,B8DB8AF16E20,mous,male,C57BL/6,1.1.1,FR1_Approach,0,PelletDrop,195,0,2,3,0,0,,,,,,,,,,,,,,,,,,,,
2026-06-30 12:54:39,91483.570312,B8DB8AF16E20,mous,male,C57BL/6,1.1.1,FR1_Approach,0,PelletTaken,195,0,2,3,0,0,TimedOut,60.000,0,1,,,,,,,,,,,,,,,,
2026-06-30 13:00:52,91856.734375,B8DB8AF16E20,mous,male,C57BL/6,1.1.1,FR1_Approach,0,Status,195,0,2,3,0,0,,,,,Disabled,26.7,37.8,1013.3,18.0,0.000,8.000,254040,344900,251056,3799,3.88,62.24
2026-06-30 13:11:04,92469.351562,B8DB8AF16E20,mous,male,C57BL/6,1.1.1,FR1_Approach,0,Status,195,0,2,3,0,0,,,,,Disabled,26.7,37.7,1013.3,17.8,0.018,25.000,254040,344900,251056,3824,3.88,61.95
2026-06-30 13:21:17,93081.929688,B8DB8AF16E20,mous,male,C57BL/6,1.1.1,FR1_Approach,0,Status,195,0,2,3,0,0,,,,,Disabled,26.7,37.8,1013.3,17.9,0.047,36.000,254040,344900,251056,3849,3.88,61.81
2026-06-30 13:31:29,93694.531250,B8DB8AF16E20,mous,male,C57BL/6,1.1.1,FR1_Approach,0,Status,195,0,2,3,0,0,,,,,Disabled,26.7,37.9,1013.2,18.0,0.058,44.000,254040,344900,251056,3874,3.88,61.66
2026-06-30 13:41:42,94307.109375,B8DB8AF16E20,mous,male,C57BL/6,1.1.1,FR1_Approach,0,Status,195,0,2,3,0,0,,,,,Disabled,26.7,37.7,1013.2,17.8,0.072,53.000,254040,344900,251056,3899,3.87,61.38
2026-06-30 13:51:54,94919.687500,B8DB8AF16E20,mous,male,C57BL/6,1.1.1,FR1_Approach,0,Status,195,0,2,3,0,0,,,,,Disabled,26.7,37.6,1013.2,18.1,0.050,46.000,254040,344900,251056,3924,3.88,61.38
2026-06-30 14:02:06,95532.281250,B8DB8AF16E20,mous,male,C57BL/6,1.1.1,FR1_Approach,0,Status,195,0,2,3,0,0,,,,,Disabled,26.7,37.6,1013.1,17.8,0.086,61.000,254040,344900,251056,3949,3.87,61.06
2026-06-30 14:09:52,95998.078125,B8DB8AF16E20,mous,male,C57BL/6,1.1.1,FR1_Approach,0,PelletDrop,196,0,2,3,0,0,,,,,,,,,,,,,,,,,,,,
2026-06-30 14:10:12,96018.421875,B8DB8AF16E20,mous,male,C57BL/6,1.1.1,FR1_Approach,0,PelletTaken,196,0,2,3,0,0,TimedOut,60.000,0,1,,,,,,,,,,,,,,,,
2026-06-30 14:12:22,96147.835938,B8DB8AF16E20,mous,male,C57BL/6,1.1.1,FR1_Approach,0,Status,196,0,2,3,0,0,,,,,Disabled,26.7,37.9,1013.1,17.9,0.043,36.000,254040,344900,251056,3974,3.87,60.74
2026-06-30 14:19:58,96604.257812,B8DB8AF16E20,mous,male,C57BL/6,1.1.1,FR1_Approach,0,PelletDrop,197,0,2,3,0,0,,,,,,,,,,,,,,,,,,,,
2026-06-30 14:20:18,96624.601562,B8DB8AF16E20,mous,male,C57BL/6,1.1.1,FR1_Approach,0,PelletTaken,197,0,2,3,0,0,TimedOut,60.000,0,1,,,,,,,,,,,,,,,,
2026-06-30 14:20:40,96645.687500,B8DB8AF16E20,mous,male,C57BL/6,1.1.1,FR1_Approach,0,PelletDrop,198,0,2,3,0,0,,,,,,,,,,,,,,,,,,,,
2026-06-30 14:20:57,96663.062500,B8DB8AF16E20,mous,male,C57BL/6,1.1.1,FR1_Approach,0,PelletTaken,198,0,2,3,0,0,17.022,60.000,0,1,,,,,,,,,,,,,,,,
2026-06-30 14:21:04,96670.000000,B8DB8AF16E20,mous,male,C57BL/6,1.1.1,FR1_Approach,0,PelletDrop,199,0,2,3,0,0,,,,,,,,,,,,,,,,,,,,
2026-06-30 14:21:24,96690.343750,B8DB8AF16E20,mous,male,C57BL/6,1.1.1,FR1_Approach,0,PelletTaken,199,0,2,3,0,0,TimedOut,60.000,0,1,,,,,,,,,,,,,,,,
2026-06-30 14:21:31,96697.335938,B8DB8AF16E20,mous,male,C57BL/6,1.1.1,FR1_Approach,0,PelletDrop,200,0,2,3,0,0,,,,,,,,,,,,,,,,,,,,
2026-06-30 14:21:52,96717.679688,B8DB8AF16E20,mous,male,C57BL/6,1.1.1,FR1_Approach,0,PelletTaken,200,0,2,3,0,0,TimedOut,60.000,0,1,,,,,,,,,,,,,,,,
2026-06-30 14:22:23,96749.546875,B8DB8AF16E20,mous,male,C57BL/6,1.1.1,FR1_Approach,0,Status,200,0,2,3,0,0,,,,,Disabled,26.7,38.0,1013.0,17.7,0.043,39.000,254040,344900,251056,3999,3.87,60.43
2026-06-30 14:32:36,97362.164062,B8DB8AF16E20,mous,male,C57BL/6,1.1.1,FR1_Approach,0,Status,200,0,2,3,0,0,,,,,Disabled,26.7,37.6,1013.0,17.7,0.061,42.000,254040,344900,251056,4024,3.87,60.11
2026-06-30 14:42:48,97974.742188,B8DB8AF16E20,mous,male,C57BL/6,1.1.1,FR1_Approach,0,Status,200,0,2,3,0,0,,,,,Disabled,26.7,37.6,1012.9,17.7,0.029,28.000,254040,344900,251056,4049,3.86,59.79
2026-06-30 14:53:01,98587.320312,B8DB8AF16E20,mous,male,C57BL/6,1.1.1,FR1_Approach,0,Status,200,0,2,3,0,0,,,,,Disabled,26.7,37.6,1012.9,17.8,0.029,30.000,254040,344900,251056,4074,3.86,59.48
2026-06-30 15:00:13,99020.328125,B8DB8AF16E20,mous,male,C57BL/6,1.1.1,FR1_Approach,0,PelletDrop,201,0,2,3,0,0,,,,,,,,,,,,,,,,,,,,
2026-06-30 15:00:34,99040.671875,B8DB8AF16E20,mous,male,C57BL/6,1.1.1,FR1_Approach,0,PelletTaken,201,0,2,3,0,0,TimedOut,60.000,0,1,,,,,,,,,,,,,,,,
2026-06-30 15:00:41,99047.656250,B8DB8AF16E20,mous,male,C57BL/6,1.1.1,FR1_Approach,0,PelletDrop,202,0,2,3,0,0,,,,,,,,,,,,,,,,,,,,
2026-06-30 15:00:57,99063.898438,B8DB8AF16E20,mous,male,C57BL/6,1.1.1,FR1_Approach,0,PelletTaken,202,0,2,3,0,0,15.888,60.000,0,1,,,,,,,,,,,,,,,,
2026-06-30 15:01:08,99075.328125,B8DB8AF16E20,mous,male,C57BL/6,1.1.1,FR1_Approach,0,PelletDrop,203,0,2,3,0,0,,,,,,,,,,,,,,,,,,,,
2026-06-30 15:01:22,99088.429688,B8DB8AF16E20,mous,male,C57BL/6,1.1.1,FR1_Approach,0,PelletTaken,203,0,2,3,0,0,12.754,60.000,0,3,,,,,,,,,,,,,,,,
2026-06-30 15:01:29,99095.414062,B8DB8AF16E20,mous,male,C57BL/6,1.1.1,FR1_Approach,0,PelletDrop,204,0,2,3,0,0,,,,,,,,,,,,,,,,,,,,
2026-06-30 15:01:49,99115.773438,B8DB8AF16E20,mous,male,C57BL/6,1.1.1,FR1_Approach,0,PelletTaken,204,0,2,3,0,0,TimedOut,60.000,0,1,,,,,,,,,,,,,,,,
2026-06-30 15:03:10,99196.398438,B8DB8AF16E20,mous,male,C57BL/6,1.1.1,FR1_Approach,0,Status,204,0,2,3,0,0,,,,,Disabled,26.7,37.6,1012.9,17.8,0.029,30.000,254040,344900,251056,4099,3.86,59.16
2026-06-30 15:13:22,99808.976562,B8DB8AF16E20,mous,male,C57BL/6,1.1.1,FR1_Approach,0,Status,204,0,2,3,0,0,,,,,Disabled,26.7,37.8,1012.9,17.9,0.072,51.000,254040,344900,251056,4124,3.86,58.53
2026-06-30 15:23:34,100421.578125,B8DB8AF16E20,mous,male,C57BL/6,1.1.1,FR1_Approach,0,Status,204,0,2,3,0,0,,,,,Disabled,26.7,37.6,1012.8,17.8,0.072,48.000,254040,344900,251056,4149,3.86,58.21
2026-06-30 15:33:47,101034.156250,B8DB8AF16E20,mous,male,C57BL/6,1.1.1,FR1_Approach,0,Status,204,0,2,3,0,0,,,,,Disabled,26.6,38.0,1012.8,17.7,0.043,36.000,254040,344900,251056,4174,3.86,57.89
2026-06-30 15:34:14,101061.140625,B8DB8AF16E20,mous,male,C57BL/6,1.1.1,FR1_Approach,0,PelletDrop,205,0,2,3,0,0,,,,,,,,,,,,,,,,,,,,
2026-06-30 15:34:32,101079.078125,B8DB8AF16E20,mous,male,C57BL/6,1.1.1,FR1_Approach,0,PelletTaken,205,0,2,3,0,0,17.572,60.000,0,1,,,,,,,,,,,,,,,,
2026-06-30 15:34:39,101086.062500,B8DB8AF16E20,mous,male,C57BL/6,1.1.1,FR1_Approach,0,PelletDrop,206,0,2,3,0,0,,,,,,,,,,,,,,,,,,,,
2026-06-30 15:34:48,101095.429688,B8DB8AF16E20,mous,male,C57BL/6,1.1.1,FR1_Approach,0,PelletTaken,206,0,2,3,0,0,9.013,60.000,0,1,,,,,,,,,,,,,,,,
2026-06-30 15:34:55,101102.406250,B8DB8AF16E20,mous,male,C57BL/6,1.1.1,FR1_Approach,0,PelletDrop,207,0,2,3,0,0,,,,,,,,,,,,,,,,,,,,
2026-06-30 15:35:15,101122.765625,B8DB8AF16E20,mous,male,C57BL/6,1.1.1,FR1_Approach,0,PelletTaken,207,0,2,3,0,0,TimedOut,60.000,0,1,,,,,,,,,,,,,,,,
2026-06-30 15:36:11,101178.507812,B8DB8AF16E20,mous,male,C57BL/6,1.1.1,FR1_Approach,0,PelletDrop,208,0,2,3,0,0,,,,,,,,,,,,,,,,,,,,
2026-06-30 15:36:31,101198.851562,B8DB8AF16E20,mous,male,C57BL/6,1.1.1,FR1_Approach,0,PelletTaken,208,0,2,3,0,0,TimedOut,60.000,0,1,,,,,,,,,,,,,,,,
2026-06-30 15:43:58,101645.156250,B8DB8AF16E20,mous,male,C57BL/6,1.1.1,FR1_Approach,0,Status,208,0,2,3,0,0,,,,,Disabled,26.6,38.2,1012.8,17.7,0.000,18.000,254040,344900,251056,4199,3.86,57.26
2026-06-30 15:54:10,102257.773438,B8DB8AF16E20,mous,male,C57BL/6,1.1.1,FR1_Approach,0,Status,208,0,2,3,0,0,,,,,Disabled,26.5,38.2,1012.8,17.8,0.000,0.000,254040,344900,251056,4224,3.85,56.95
2026-06-30 15:58:34,102521.734375,B8DB8AF16E20,mous,male,C57BL/6,1.1.1,FR1_Approach,0,PelletDrop,209,0,2,3,0,0,,,,,,,,,,,,,,,,,,,,
2026-06-30 15:58:51,102539.210938,B8DB8AF16E20,mous,male,C57BL/6,1.1.1,FR1_Approach,0,PelletTaken,209,0,2,3,0,0,17.110,60.000,0,2,,,,,,,,,,,,,,,,
2026-06-30 15:58:58,102546.203125,B8DB8AF16E20,mous,male,C57BL/6,1.1.1,FR1_Approach,0,PelletDrop,210,0,2,3,0,0,,,,,,,,,,,,,,,,,,,,
2026-06-30 15:59:09,102557.046875,B8DB8AF16E20,mous,male,C57BL/6,1.1.1,FR1_Approach,0,PelletTaken,210,0,2,3,0,0,10.487,60.000,0,1,,,,,,,,,,,,,,,,
2026-06-30 15:59:16,102564.023438,B8DB8AF16E20,mous,male,C57BL/6,1.1.1,FR1_Approach,0,PelletDrop,211,0,2,3,0,0,,,,,,,,,,,,,,,,,,,,
2026-06-30 15:59:37,102584.382812,B8DB8AF16E20,mous,male,C57BL/6,1.1.1,FR1_Approach,0,PelletTaken,211,0,2,3,0,0,TimedOut,60.000,0,1,,,,,,,,,,,,,,,,
2026-06-30 15:59:52,102599.437500,B8DB8AF16E20,mous,male,C57BL/6,1.1.1,FR1_Approach,0,PelletDrop,212,0,2,3,0,0,,,,,,,,,,,,,,,,,,,,
2026-06-30 16:00:12,102619.781250,B8DB8AF16E20,mous,male,C57BL/6,1.1.1,FR1_Approach,0,PelletTaken,212,0,2,3,0,0,TimedOut,60.000,0,1,,,,,,,,,,,,,,,,
2026-06-30 16:04:23,102871.054688,B8DB8AF16E20,mous,male,C57BL/6,1.1.1,FR1_Approach,0,Status,212,0,2,3,0,0,,,,,Disabled,26.5,38.4,1012.8,17.7,0.000,0.000,254040,344900,251056,4250,3.85,56.63
2026-06-30 16:14:36,103483.648438,B8DB8AF16E20,mous,male,C57BL/6,1.1.1,FR1_Approach,0,Status,212,0,2,3,0,0,,,,,Disabled,26.4,38.2,1012.8,17.7,0.000,4.000,254040,344900,251056,4275,3.86,56.00
2026-06-30 16:24:48,104096.226562,B8DB8AF16E20,mous,male,C57BL/6,1.1.1,FR1_Approach,0,Status,212,0,2,3,0,0,,,,,Disabled,26.4,38.1,1012.7,17.7,0.014,23.000,254040,344900,251056,4300,3.85,55.68
2026-06-30 16:35:00,104708.820312,B8DB8AF16E20,mous,male,C57BL/6,1.1.1,FR1_Approach,0,Status,212,0,2,3,0,0,,,,,Disabled,26.4,38.1,1012.7,17.7,0.022,27.000,254040,344900,251056,4325,3.84,55.36
2026-06-30 16:45:13,105321.398438,B8DB8AF16E20,mous,male,C57BL/6,1.1.1,FR1_Approach,0,Status,212,0,2,3,0,0,,,,,Disabled,26.4,38.0,1012.6,18.0,0.025,26.000,254040,344900,251056,4350,3.85,55.05
2026-06-30 16:55:25,105933.976562,B8DB8AF16E20,mous,male,C57BL/6,1.1.1,FR1_Approach,0,Status,212,0,2,3,0,0,,,,,Disabled,26.3,38.0,1012.6,17.8,0.022,26.000,254040,344900,251056,4375,3.84,54.41
2026-06-30 17:02:18,106347.109375,B8DB8AF16E20,mous,male,C57BL/6,1.1.1,FR1_Approach,0,PelletDrop,213,0,2,3,0,0,,,,,,,,,,,,,,,,,,,,
2026-06-30 17:02:38,106367.015625,B8DB8AF16E20,mous,male,C57BL/6,1.1.1,FR1_Approach,0,PelletTaken,213,0,2,3,0,0,19.551,60.000,0,1,,,,,,,,,,,,,,,,
2026-06-30 17:02:45,106373.992188,B8DB8AF16E20,mous,male,C57BL/6,1.1.1,FR1_Approach,0,PelletDrop,214,0,2,3,0,0,,,,,,,,,,,,,,,,,,,,
2026-06-30 17:03:01,106389.757812,B8DB8AF16E20,mous,male,C57BL/6,1.1.1,FR1_Approach,0,PelletTaken,214,0,2,3,0,0,15.416,60.000,0,1,,,,,,,,,,,,,,,,
2026-06-30 17:03:10,106398.976562,B8DB8AF16E20,mous,male,C57BL/6,1.1.1,FR1_Approach,0,PelletDrop,215,0,2,3,0,0,,,,,,,,,,,,,,,,,,,,
2026-06-30 17:03:20,106409.242188,B8DB8AF16E20,mous,male,C57BL/6,1.1.1,FR1_Approach,0,PelletTaken,215,0,2,3,0,0,9.915,60.000,0,2,,,,,,,,,,,,,,,,
2026-06-30 17:03:27,106416.218750,B8DB8AF16E20,mous,male,C57BL/6,1.1.1,FR1_Approach,0,PelletDrop,216,0,2,3,0,0,,,,,,,,,,,,,,,,,,,,
2026-06-30 17:03:48,106436.578125,B8DB8AF16E20,mous,male,C57BL/6,1.1.1,FR1_Approach,0,PelletTaken,216,0,2,3,0,0,TimedOut,60.000,0,1,,,,,,,,,,,,,,,,
2026-06-30 17:05:33,106541.585938,B8DB8AF16E20,mous,male,C57BL/6,1.1.1,FR1_Approach,0,Status,216,0,2,3,0,0,,,,,Disabled,26.3,38.0,1012.5,17.8,0.029,31.000,254040,344900,251056,4400,3.84,54.10
2026-06-30 17:13:17,107005.734375,B8DB8AF16E20,mous,male,C57BL/6,1.1.1,FR1_Approach,0,PelletDrop,217,0,2,3,0,0,,,,,,,,,,,,,,,,,,,,
2026-06-30 17:13:37,107026.078125,B8DB8AF16E20,mous,male,C57BL/6,1.1.1,FR1_Approach,0,PelletTaken,217,0,2,3,0,0,TimedOut,60.000,0,1,,,,,,,,,,,,,,,,
2026-06-30 17:13:49,107038.640625,B8DB8AF16E20,mous,male,C57BL/6,1.1.1,FR1_Approach,0,PelletDrop,218,0,2,3,0,0,,,,,,,,,,,,,,,,,,,,
2026-06-30 17:14:00,107049.476562,B8DB8AF16E20,mous,male,C57BL/6,1.1.1,FR1_Approach,0,PelletTaken,218,0,2,3,0,0,10.488,60.000,0,1,,,,,,,,,,,,,,,,
2026-06-30 17:14:07,107056.453125,B8DB8AF16E20,mous,male,C57BL/6,1.1.1,FR1_Approach,0,PelletDrop,219,0,2,3,0,0,,,,,,,,,,,,,,,,,,,,
2026-06-30 17:14:19,107068.171875,B8DB8AF16E20,mous,male,C57BL/6,1.1.1,FR1_Approach,0,PelletTaken,219,0,2,3,0,0,11.345,60.000,0,1,,,,,,,,,,,,,,,,
2026-06-30 17:14:26,107075.148438,B8DB8AF16E20,mous,male,C57BL/6,1.1.1,FR1_Approach,0,PelletDrop,220,0,2,3,0,0,,,,,,,,,,,,,,,,,,,,
2026-06-30 17:14:46,107095.492188,B8DB8AF16E20,mous,male,C57BL/6,1.1.1,FR1_Approach,0,PelletTaken,220,0,2,3,0,0,TimedOut,60.000,0,1,,,,,,,,,,,,,,,,
2026-06-30 17:15:42,107151.742188,B8DB8AF16E20,mous,male,C57BL/6,1.1.1,FR1_Approach,0,Status,220,0,2,3,0,0,,,,,Disabled,26.3,38.0,1012.5,17.8,0.000,0.000,254040,344900,251056,4426,3.84,53.78
2026-06-30 17:25:55,107764.335938,B8DB8AF16E20,mous,male,C57BL/6,1.1.1,FR1_Approach,0,Status,220,0,2,3,0,0,,,,,Disabled,26.3,37.9,1012.4,17.7,0.007,18.000,254040,344900,251056,4451,3.84,53.46
2026-06-30 17:36:07,108376.914062,B8DB8AF16E20,mous,male,C57BL/6,1.1.1,FR1_Approach,0,Status,220,0,2,3,0,0,,,,,Disabled,26.3,38.0,1012.3,17.7,0.000,3.000,254040,344900,251056,4476,3.84,53.08
2026-06-30 17:46:20,108989.515625,B8DB8AF16E20,mous,male,C57BL/6,1.1.1,FR1_Approach,0,Status,220,0,2,3,0,0,,,,,Disabled,26.3,38.0,1012.2,17.7,0.000,15.000,254040,344900,251056,4501,3.83,52.31
2026-06-30 17:56:32,109602.093750,B8DB8AF16E20,mous,male,C57BL/6,1.1.1,FR1_Approach,0,Status,220,0,2,3,0,0,,,,,Disabled,26.3,37.9,1012.1,17.6,0.000,0.000,254040,344900,251056,4526,3.84,51.93
2026-06-30 18:00:47,109857.234375,B8DB8AF16E20,mous,male,C57BL/6,1.1.1,FR1_Approach,0,PelletDrop,221,0,2,3,0,0,,,,,,,,,,,,,,,,,,,,
2026-06-30 18:00:58,109868.343750,B8DB8AF16E20,mous,male,C57BL/6,1.1.1,FR1_Approach,0,PelletTaken,221,0,2,3,0,0,10.741,60.000,0,1,,,,,,,,,,,,,,,,
2026-06-30 18:01:05,109875.320312,B8DB8AF16E20,mous,male,C57BL/6,1.1.1,FR1_Approach,0,PelletDrop,222,0,2,3,0,0,,,,,,,,,,,,,,,,,,,,
2026-06-30 18:01:13,109883.500000,B8DB8AF16E20,mous,male,C57BL/6,1.1.1,FR1_Approach,0,PelletTaken,222,0,2,3,0,0,7.826,60.000,0,1,,,,,,,,,,,,,,,,
2026-06-30 18:01:20,109890.476562,B8DB8AF16E20,mous,male,C57BL/6,1.1.1,FR1_Approach,0,PelletDrop,223,0,2,3,0,0,,,,,,,,,,,,,,,,,,,,
2026-06-30 18:01:32,109901.726562,B8DB8AF16E20,mous,male,C57BL/6,1.1.1,FR1_Approach,0,PelletTaken,223,0,2,3,0,0,10.884,60.000,0,1,,,,,,,,,,,,,,,,
2026-06-30 18:01:39,109908.710938,B8DB8AF16E20,mous,male,C57BL/6,1.1.1,FR1_Approach,0,PelletDrop,224,0,2,3,0,0,,,,,,,,,,,,,,,,,,,,
2026-06-30 18:01:52,109922.398438,B8DB8AF16E20,mous,male,C57BL/6,1.1.1,FR1_Approach,0,PelletTaken,224,0,2,3,0,0,13.326,60.000,0,1,,,,,,,,,,,,,,,,
2026-06-30 18:01:59,109929.328125,B8DB8AF16E20,mous,male,C57BL/6,1.1.1,FR1_Approach,0,PelletDrop,225,0,2,3,0,0,,,,,,,,,,,,,,,,,,,,
2026-06-30 18:02:20,109949.687500,B8DB8AF16E20,mous,male,C57BL/6,1.1.1,FR1_Approach,0,PelletTaken,225,0,2,3,0,0,TimedOut,60.000,0,1,,,,,,,,,,,,,,,,
2026-06-30 18:06:55,110225.343750,B8DB8AF16E20,mous,male,C57BL/6,1.1.1,FR1_Approach,0,Status,225,0,2,3,0,0,,,,,Disabled,26.4,38.0,1012.0,17.5,0.000,0.000,254040,344900,251056,4553,3.83,51.55
2026-06-30 18:17:08,110837.921875,B8DB8AF16E20,mous,male,C57BL/6,1.1.1,FR1_Approach,0,Status,225,0,2,3,0,0,,,,,Disabled,26.4,38.1,1011.9,17.5,0.000,0.000,254040,344900,251056,4578,3.83,51.16
2026-06-30 18:27:20,111450.539062,B8DB8AF16E20,mous,male,C57BL/6,1.1.1,FR1_Approach,0,Status,225,0,2,3,0,0,,,,,Disabled,26.3,38.3,1011.8,17.6,0.000,0.000,254040,344900,251056,4603,3.83,50.39
2026-06-30 18:37:32,112063.117188,B8DB8AF16E20,mous,male,C57BL/6,1.1.1,FR1_Approach,0,Status,225,0,2,3,0,0,,,,,Disabled,26.3,38.4,1011.8,17.5,0.000,0.000,254040,344900,251056,4628,3.83,50.01
2026-06-30 18:41:43,112314.203125,B8DB8AF16E20,mous,male,C57BL/6,1.1.1,FR1_Approach,0,PelletDrop,226,0,2,3,0,0,,,,,,,,,,,,,,,,,,,,
2026-06-30 18:41:51,112321.507812,B8DB8AF16E20,mous,male,C57BL/6,1.1.1,FR1_Approach,0,PelletTaken,226,0,2,3,0,0,6.934,60.000,0,1,,,,,,,,,,,,,,,,
2026-06-30 18:41:58,112328.484375,B8DB8AF16E20,mous,male,C57BL/6,1.1.1,FR1_Approach,0,PelletDrop,227,0,2,3,0,0,,,,,,,,,,,,,,,,,,,,
2026-06-30 18:42:06,112336.859375,B8DB8AF16E20,mous,male,C57BL/6,1.1.1,FR1_Approach,0,PelletTaken,227,0,2,3,0,0,8.024,60.000,0,1,,,,,,,,,,,,,,,,
2026-06-30 18:42:13,112343.921875,B8DB8AF16E20,mous,male,C57BL/6,1.1.1,FR1_Approach,0,PelletDrop,228,0,2,3,0,0,,,,,,,,,,,,,,,,,,,,
2026-06-30 18:42:21,112351.390625,B8DB8AF16E20,mous,male,C57BL/6,1.1.1,FR1_Approach,0,PelletTaken,228,0,2,3,0,0,7.122,60.000,0,1,,,,,,,,,,,,,,,,
2026-06-30 18:42:27,112358.328125,B8DB8AF16E20,mous,male,C57BL/6,1.1.1,FR1_Approach,0,PelletDrop,229,0,2,3,0,0,,,,,,,,,,,,,,,,,,,,
2026-06-30 18:42:33,112363.875000,B8DB8AF16E20,mous,male,C57BL/6,1.1.1,FR1_Approach,0,PelletTaken,229,0,2,3,0,0,5.197,60.000,0,1,,,,,,,,,,,,,,,,
2026-06-30 18:47:33,112663.921875,B8DB8AF16E20,mous,male,C57BL/6,1.1.1,FR1_Approach,0,Status,229,0,2,3,0,0,,,,,Disabled,26.3,38.5,1011.8,17.6,0.000,0.000,254040,344900,251056,4655,3.82,49.62
2026-06-30 18:57:53,113284.593750,B8DB8AF16E20,mous,male,C57BL/6,1.1.1,FR1_Approach,0,Status,229,0,2,3,0,0,,,,,Disabled,26.3,38.7,1011.8,17.5,0.000,0.000,254040,344900,251056,4681,3.82,48.86
2026-06-30 18:58:32,113322.914062,B8DB8AF16E20,mous,male,C57BL/6,1.1.1,FR1_Approach,0,PelletDrop,230,0,2,3,0,0,,,,,,,,,,,,,,,,,,,,
2026-06-30 18:58:41,113332.523438,B8DB8AF16E20,mous,male,C57BL/6,1.1.1,FR1_Approach,0,PelletTaken,230,0,2,3,0,0,9.246,60.000,0,1,,,,,,,,,,,,,,,,
2026-06-30 18:58:48,113339.460938,B8DB8AF16E20,mous,male,C57BL/6,1.1.1,FR1_Approach,0,PelletDrop,231,0,2,3,0,0,,,,,,,,,,,,,,,,,,,,
2026-06-30 18:58:53,113344.437500,B8DB8AF16E20,mous,male,C57BL/6,1.1.1,FR1_Approach,0,PelletTaken,231,0,2,3,0,0,4.624,60.000,0,1,,,,,,,,,,,,,,,,
2026-06-30 18:59:00,113351.414062,B8DB8AF16E20,mous,male,C57BL/6,1.1.1,FR1_Approach,0,PelletDrop,232,0,2,3,0,0,,,,,,,,,,,,,,,,,,,,
2026-06-30 18:59:07,113358.132812,B8DB8AF16E20,mous,male,C57BL/6,1.1.1,FR1_Approach,0,PelletTaken,232,0,2,3,0,0,6.352,60.000,0,1,,,,,,,,,,,,,,,,
2026-06-30 18:59:14,113365.117188,B8DB8AF16E20,mous,male,C57BL/6,1.1.1,FR1_Approach,0,PelletDrop,233,0,2,3,0,0,,,,,,,,,,,,,,,,,,,,
2026-06-30 18:59:34,113385.460938,B8DB8AF16E20,mous,male,C57BL/6,1.1.1,FR1_Approach,0,PelletTaken,233,0,2,3,0,0,TimedOut,60.000,0,1,,,,,,,,,,,,,,,,
2026-06-30 19:08:14,113904.914062,B8DB8AF16E20,mous,male,C57BL/6,1.1.1,FR1_Approach,0,Status,233,0,2,3,0,0,,,,,Disabled,26.3,39.0,1011.8,17.5,0.000,0.000,254040,344900,251056,4708,3.83,48.48
2026-06-30 19:14:33,114284.390625,B8DB8AF16E20,mous,male,C57BL/6,1.1.1,FR1_Approach,0,PelletDrop,234,0,2,3,0,0,,,,,,,,,,,,,,,,,,,,
2026-06-30 19:14:41,114292.390625,B8DB8AF16E20,mous,male,C57BL/6,1.1.1,FR1_Approach,0,PelletTaken,234,0,2,3,0,0,7.649,60.000,0,1,,,,,,,,,,,,,,,,
2026-06-30 19:14:48,114299.382812,B8DB8AF16E20,mous,male,C57BL/6,1.1.1,FR1_Approach,0,PelletDrop,235,0,2,3,0,0,,,,,,,,,,,,,,,,,,,,
2026-06-30 19:15:08,114319.726562,B8DB8AF16E20,mous,male,C57BL/6,1.1.1,FR1_Approach,0,PelletTaken,235,0,2,3,0,0,TimedOut,60.000,0,1,,,,,,,,,,,,,,,,
2026-06-30 19:18:31,114522.250000,B8DB8AF16E20,mous,male,C57BL/6,1.1.1,FR1_Approach,0,Status,235,0,2,3,0,0,,,,,Disabled,26.3,39.3,1011.9,17.5,0.000,0.000,254040,344900,251056,4734,3.82,48.09
2026-06-30 19:28:43,115134.828125,B8DB8AF16E20,mous,male,C57BL/6,1.1.1,FR1_Approach,0,Status,235,0,2,3,0,0,,,,,Disabled,26.3,39.4,1011.9,17.5,0.000,0.000,254040,344900,251056,4759,3.82,47.71
2026-06-30 19:38:08,115699.906250,B8DB8AF16E20,mous,male,C57BL/6,1.1.1,FR1_Approach,0,PelletDrop,236,0,2,3,0,0,,,,,,,,,,,,,,,,,,,,
2026-06-30 19:38:15,115706.750000,B8DB8AF16E20,mous,male,C57BL/6,1.1.1,FR1_Approach,0,PelletTaken,236,0,2,3,0,0,6.495,60.000,0,1,,,,,,,,,,,,,,,,
2026-06-30 19:38:22,115713.734375,B8DB8AF16E20,mous,male,C57BL/6,1.1.1,FR1_Approach,0,PelletDrop,237,0,2,3,0,0,,,,,,,,,,,,,,,,,,,,
2026-06-30 19:38:42,115734.093750,B8DB8AF16E20,mous,male,C57BL/6,1.1.1,FR1_Approach,0,PelletTaken,237,0,2,3,0,0,TimedOut,60.000,0,1,,,,,,,,,,,,,,,,
2026-06-30 19:38:50,115741.578125,B8DB8AF16E20,mous,male,C57BL/6,1.1.1,FR1_Approach,0,Status,237,0,2,3,0,0,,,,,Disabled,26.3,39.4,1011.9,17.6,0.000,0.000,254040,344900,251056,4785,3.82,46.91
2026-06-30 19:49:02,116354.179688,B8DB8AF16E20,mous,male,C57BL/6,1.1.1,FR1_Approach,0,Status,237,0,2,3,0,0,,,,,Disabled,26.3,39.4,1011.9,17.5,0.000,0.000,254040,344900,251056,4810,3.81,46.50
2026-06-30 19:53:11,116602.804688,B8DB8AF16E20,mous,male,C57BL/6,1.1.1,FR1_Approach,0,PelletDrop,238,0,2,3,0,0,,,,,,,,,,,,,,,,,,,,
2026-06-30 19:53:26,116618.296875,B8DB8AF16E20,mous,male,C57BL/6,1.1.1,FR1_Approach,0,PelletTaken,238,0,2,3,0,0,15.140,60.000,0,2,,,,,,,,,,,,,,,,
2026-06-30 19:53:33,116625.281250,B8DB8AF16E20,mous,male,C57BL/6,1.1.1,FR1_Approach,0,PelletDrop,239,0,2,3,0,0,,,,,,,,,,,,,,,,,,,,
2026-06-30 19:53:40,116632.179688,B8DB8AF16E20,mous,male,C57BL/6,1.1.1,FR1_Approach,0,PelletTaken,239,0,2,3,0,0,6.549,60.000,0,1,,,,,,,,,,,,,,,,
2026-06-30 19:53:47,116639.203125,B8DB8AF16E20,mous,male,C57BL/6,1.1.1,FR1_Approach,0,PelletDrop,240,0,2,3,0,0,,,,,,,,,,,,,,,,,,,,
2026-06-30 19:53:59,116651.109375,B8DB8AF16E20,mous,male,C57BL/6,1.1.1,FR1_Approach,0,PelletTaken,240,0,2,3,0,0,11.555,60.000,0,1,,,,,,,,,,,,,,,,
2026-06-30 19:54:06,116658.085938,B8DB8AF16E20,mous,male,C57BL/6,1.1.1,FR1_Approach,0,PelletDrop,241,0,2,3,0,0,,,,,,,,,,,,,,,,,,,,
2026-06-30 19:54:26,116678.445312,B8DB8AF16E20,mous,male,C57BL/6,1.1.1,FR1_Approach,0,PelletTaken,241,0,2,3,0,0,TimedOut,60.000,0,1,,,,,,,,,,,,,,,,
2026-06-30 19:59:26,116978.484375,B8DB8AF16E20,mous,male,C57BL/6,1.1.1,FR1_Approach,0,Status,241,0,2,3,0,0,,,,,Disabled,26.3,39.5,1011.9,17.4,0.000,0.000,254040,344900,251056,4836,3.82,46.10
2026-06-30 20:09:39,117591.062500,B8DB8AF16E20,mous,male,C57BL/6,1.1.1,FR1_Approach,0,Status,241,0,2,3,0,0,,,,,Disabled,26.3,39.3,1011.9,17.3,0.000,0.000,254040,344900,251056,4861,3.81,45.69
2026-06-30 20:11:35,117707.601562,B8DB8AF16E20,mous,male,C57BL/6,1.1.1,FR1_Approach,0,PelletDrop,242,0,2,3,0,0,,,,,,,,,,,,,,,,,,,,
2026-06-30 20:11:46,117718.820312,B8DB8AF16E20,mous,male,C57BL/6,1.1.1,FR1_Approach,0,PelletTaken,242,0,2,3,0,0,10.872,60.000,0,1,,,,,,,,,,,,,,,,
2026-06-30 20:11:53,117725.804688,B8DB8AF16E20,mous,male,C57BL/6,1.1.1,FR1_Approach,0,PelletDrop,243,0,2,3,0,0,,,,,,,,,,,,,,,,,,,,
2026-06-30 20:12:02,117734.101562,B8DB8AF16E20,mous,male,C57BL/6,1.1.1,FR1_Approach,0,PelletTaken,243,0,2,3,0,0,7.947,60.000,0,1,,,,,,,,,,,,,,,,
2026-06-30 20:12:09,117741.093750,B8DB8AF16E20,mous,male,C57BL/6,1.1.1,FR1_Approach,0,PelletDrop,244,0,2,3,0,0,,,,,,,,,,,,,,,,,,,,
2026-06-30 20:12:19,117751.437500,B8DB8AF16E20,mous,male,C57BL/6,1.1.1,FR1_Approach,0,PelletTaken,244,0,2,3,0,0,9.993,60.000,0,1,,,,,,,,,,,,,,,,
2026-06-30 20:12:26,117758.421875,B8DB8AF16E20,mous,male,C57BL/6,1.1.1,FR1_Approach,0,PelletDrop,245,0,2,3,0,0,,,,,,,,,,,,,,,,,,,,
2026-06-30 20:12:35,117767.992188,B8DB8AF16E20,mous,male,C57BL/6,1.1.1,FR1_Approach,0,PelletTaken,245,0,2,3,0,0,9.223,60.000,0,1,,,,,,,,,,,,,,,,
2026-06-30 20:12:42,117774.992188,B8DB8AF16E20,mous,male,C57BL/6,1.1.1,FR1_Approach,0,PelletDrop,246,0,2,3,0,0,,,,,,,,,,,,,,,,,,,,
2026-06-30 20:12:55,117787.437500,B8DB8AF16E20,mous,male,C57BL/6,1.1.1,FR1_Approach,0,PelletTaken,246,0,2,3,0,0,12.094,60.000,0,1,,,,,,,,,,,,,,,,
2026-06-30 20:13:02,117794.414062,B8DB8AF16E20,mous,male,C57BL/6,1.1.1,FR1_Approach,0,PelletDrop,247,0,2,3,0,0,,,,,,,,,,,,,,,,,,,,
2026-06-30 20:13:22,117814.773438,B8DB8AF16E20,mous,male,C57BL/6,1.1.1,FR1_Approach,0,PelletTaken,247,0,2,3,0,0,TimedOut,60.000,0,1,,,,,,,,,,,,,,,,
2026-06-30 20:20:00,118212.335938,B8DB8AF16E20,mous,male,C57BL/6,1.1.1,FR1_Approach,0,Status,247,0,2,3,0,0,,,,,Disabled,26.3,39.0,1011.8,17.3,0.000,0.000,254040,344900,251056,4888,3.81,44.87
2026-06-30 20:30:12,118824.914062,B8DB8AF16E20,mous,male,C57BL/6,1.1.1,FR1_Approach,0,Status,247,0,2,3,0,0,,,,,Disabled,26.4,39.2,1011.9,17.4,0.000,0.000,254040,344900,251056,4913,3.81,44.46
2026-06-30 20:40:24,119437.507812,B8DB8AF16E20,mous,male,C57BL/6,1.1.1,FR1_Approach,0,Status,247,0,2,3,0,0,,,,,Disabled,26.4,38.9,1011.9,17.4,0.000,0.000,254040,344900,251056,4938,3.81,44.05
2026-06-30 20:50:37,120050.085938,B8DB8AF16E20,mous,male,C57BL/6,1.1.1,FR1_Approach,0,Status,247,0,2,3,0,0,,,,,Disabled,26.4,39.2,1011.9,17.4,0.000,0.000,254040,344900,251056,4963,3.80,43.64
2026-06-30 20:57:58,120491.500000,B8DB8AF16E20,mous,male,C57BL/6,1.1.1,FR1_Approach,0,PelletDrop,248,0,2,3,0,0,,,,,,,,,,,,,,,,,,,,
2026-06-30 20:57:59,120492.156250,B8DB8AF16E20,mous,male,C57BL/6,1.1.1,FR1_Approach,0,CenterWithPellet,248,0,2,4,0,0,,,,,,,,,,,,,,,,,,,,
2026-06-30 20:58:06,120499.492188,B8DB8AF16E20,mous,male,C57BL/6,1.1.1,FR1_Approach,0,PelletTaken,248,0,2,4,0,0,7.625,124.000,0,1,,,,,,,,,,,,,,,,
2026-06-30 20:58:13,120506.492188,B8DB8AF16E20,mous,male,C57BL/6,1.1.1,FR1_Approach,0,PelletDrop,249,0,2,4,0,0,,,,,,,,,,,,,,,,,,,,
2026-06-30 20:58:20,120513.632812,B8DB8AF16E20,mous,male,C57BL/6,1.1.1,FR1_Approach,0,PelletTaken,249,0,2,4,0,0,6.781,124.000,0,1,,,,,,,,,,,,,,,,
2026-06-30 20:58:27,120520.648438,B8DB8AF16E20,mous,male,C57BL/6,1.1.1,FR1_Approach,0,PelletDrop,250,0,2,4,0,0,,,,,,,,,,,,,,,,,,,,
2026-06-30 20:58:48,120540.992188,B8DB8AF16E20,mous,male,C57BL/6,1.1.1,FR1_Approach,0,PelletTaken,250,0,2,4,0,0,TimedOut,124.000,0,1,,,,,,,,,,,,,,,,
2026-06-30 21:00:57,120670.500000,B8DB8AF16E20,mous,male,C57BL/6,1.1.1,FR1_Approach,0,Status,250,0,2,4,0,0,,,,,Disabled,26.4,39.5,1011.9,17.3,0.000,0.000,254040,344900,251056,4989,3.80,42.82
2026-06-30 21:11:10,121283.640625,B8DB8AF16E20,mous,male,C57BL/6,1.1.1,FR1_Approach,0,Status,250,0,2,4,0,0,,,,,Disabled,26.4,39.5,1012.0,17.4,0.000,0.000,254040,344900,251056,5014,3.81,42.41
2026-06-30 21:21:23,121896.750000,B8DB8AF16E20,mous,male,C57BL/6,1.1.1,FR1_Approach,0,Status,250,0,2,4,0,0,,,,,Disabled,26.3,39.4,1012.1,17.3,0.000,0.000,254040,344900,251056,5039,3.80,42.00
2026-06-30 21:27:28,122262.195312,B8DB8AF16E20,mous,male,C57BL/6,1.1.1,FR1_Approach,0,PelletDrop,251,0,2,4,0,0,,,,,,,,,,,,,,,,,,,,
2026-06-30 21:27:49,122282.554688,B8DB8AF16E20,mous,male,C57BL/6,1.1.1,FR1_Approach,0,PelletTaken,251,0,2,4,0,0,TimedOut,124.000,0,1,,,,,,,,,,,,,,,,
2026-06-30 21:28:14,122307.570312,B8DB8AF16E20,mous,male,C57BL/6,1.1.1,FR1_Approach,0,PelletDrop,252,0,2,4,0,0,,,,,,,,,,,,,,,,,,,,
2026-06-30 21:28:19,122313.093750,B8DB8AF16E20,mous,male,C57BL/6,1.1.1,FR1_Approach,0,PelletTaken,252,0,2,4,0,0,5.175,124.000,0,1,,,,,,,,,,,,,,,,
2026-06-30 21:28:26,122320.062500,B8DB8AF16E20,mous,male,C57BL/6,1.1.1,FR1_Approach,0,PelletDrop,253,0,2,4,0,0,,,,,,,,,,,,,,,,,,,,
2026-06-30 21:28:46,122340.421875,B8DB8AF16E20,mous,male,C57BL/6,1.1.1,FR1_Approach,0,PelletTaken,253,0,2,4,0,0,TimedOut,124.000,0,1,,,,,,,,,,,,,,,,
2026-06-30 21:31:45,122518.851562,B8DB8AF16E20,mous,male,C57BL/6,1.1.1,FR1_Approach,0,Status,253,0,2,4,0,0,,,,,Disabled,26.3,39.7,1012.1,17.3,0.000,0.000,254040,344900,251056,5065,3.80,41.19
2026-06-30 21:31:51,122525.000000,B8DB8AF16E20,mous,male,C57BL/6,1.1.1,FR1_Approach,0,RightWithPellet,253,0,3,4,0,0,,,,,,,,,,,,,,,,,,,,
2026-06-30 21:32:41,122574.703125,B8DB8AF16E20,mous,male,C57BL/6,1.1.1,FR1_Approach,0,CenterWithPellet,253,0,3,5,0,0,,,,,,,,,,,,,,,,,,,,
2026-06-30 21:41:57,123131.429688,B8DB8AF16E20,mous,male,C57BL/6,1.1.1,FR1_Approach,0,Status,253,0,3,5,0,0,,,,,Disabled,26.3,39.6,1012.2,17.5,0.000,0.000,254040,344900,251056,5090,3.80,40.82
2026-06-30 21:51:33,123707.515625,B8DB8AF16E20,mous,male,C57BL/6,1.1.1,FR1_Approach,0,PelletDrop,254,0,3,5,0,0,,,,,,,,,,,,,,,,,,,,
2026-06-30 21:51:46,123720.648438,B8DB8AF16E20,mous,male,C57BL/6,1.1.1,FR1_Approach,0,PelletTaken,254,0,3,5,0,0,12.766,7.000,0,1,,,,,,,,,,,,,,,,
2026-06-30 21:51:55,123729.843750,B8DB8AF16E20,mous,male,C57BL/6,1.1.1,FR1_Approach,0,PelletDrop,255,0,3,5,0,0,,,,,,,,,,,,,,,,,,,,
2026-06-30 21:51:56,123730.648438,B8DB8AF16E20,mous,male,C57BL/6,1.1.1,FR1_Approach,0,PelletTaken,255,0,3,5,0,0,0.455,7.000,0,2,,,,,,,,,,,,,,,,
2026-06-30 21:52:04,123738.140625,B8DB8AF16E20,mous,male,C57BL/6,1.1.1,FR1_Approach,0,Status,255,0,3,5,0,0,,,,,Disabled,26.3,39.6,1012.2,17.4,0.000,0.000,254040,344900,251056,5116,3.80,40.11
2026-06-30 21:52:06,123740.718750,B8DB8AF16E20,mous,male,C57BL/6,1.1.1,FR1_Approach,0,PelletDrop,256,0,3,5,0,0,,,,,,,,,,,,,,,,,,,,
2026-06-30 21:52:20,123754.273438,B8DB8AF16E20,mous,male,C57BL/6,1.1.1,FR1_Approach,0,PelletTaken,256,0,3,5,0,0,13.205,7.000,0,1,,,,,,,,,,,,,,,,
2026-06-30 21:52:27,123761.250000,B8DB8AF16E20,mous,male,C57BL/6,1.1.1,FR1_Approach,0,PelletDrop,257,0,3,5,0,0,,,,,,,,,,,,,,,,,,,,
2026-06-30 21:52:47,123781.609375,B8DB8AF16E20,mous,male,C57BL/6,1.1.1,FR1_Approach,0,PelletTaken,257,0,3,5,0,0,TimedOut,7.000,0,1,,,,,,,,,,,,,,,,
2026-06-30 22:02:15,124349.804688,B8DB8AF16E20,mous,male,C57BL/6,1.1.1,FR1_Approach,0,Status,257,0,3,5,0,0,,,,,Disabled,26.3,39.4,1012.3,17.4,0.000,0.000,254040,344900,251056,5141,3.80,39.75
2026-06-30 22:12:28,124962.382812,B8DB8AF16E20,mous,male,C57BL/6,1.1.1,FR1_Approach,0,Status,257,0,3,5,0,0,,,,,Disabled,26.4,39.4,1012.3,17.3,0.000,0.000,254040,344900,251056,5166,3.79,39.38
2026-06-30 22:14:42,125096.710938,B8DB8AF16E20,mous,male,C57BL/6,1.1.1,FR1_Approach,0,PelletDrop,258,0,3,5,0,0,,,,,,,,,,,,,,,,,,,,
2026-06-30 22:15:00,125114.757812,B8DB8AF16E20,mous,male,C57BL/6,1.1.1,FR1_Approach,0,PelletTaken,258,0,3,5,0,0,17.692,7.000,0,1,,,,,,,,,,,,,,,,
2026-06-30 22:15:07,125121.734375,B8DB8AF16E20,mous,male,C57BL/6,1.1.1,FR1_Approach,0,PelletDrop,259,0,3,5,0,0,,,,,,,,,,,,,,,,,,,,
2026-06-30 22:15:16,125130.757812,B8DB8AF16E20,mous,male,C57BL/6,1.1.1,FR1_Approach,0,PelletTaken,259,0,3,5,0,0,8.673,7.000,0,1,,,,,,,,,,,,,,,,
2026-06-30 22:15:23,125137.757812,B8DB8AF16E20,mous,male,C57BL/6,1.1.1,FR1_Approach,0,PelletDrop,260,0,3,5,0,0,,,,,,,,,,,,,,,,,,,,
2026-06-30 22:15:43,125158.101562,B8DB8AF16E20,mous,male,C57BL/6,1.1.1,FR1_Approach,0,PelletTaken,260,0,3,5,0,0,TimedOut,7.000,0,1,,,,,,,,,,,,,,,,
2026-06-30 22:16:08,125183.304688,B8DB8AF16E20,mous,male,C57BL/6,1.1.1,FR1_Approach,0,PelletDrop,261,0,3,5,0,0,,,,,,,,,,,,,,,,,,,,
2026-06-30 22:16:29,125203.648438,B8DB8AF16E20,mous,male,C57BL/6,1.1.1,FR1_Approach,0,PelletTaken,261,0,3,5,0,0,TimedOut,7.000,0,2,,,,,,,,,,,,,,,,
2026-06-30 22:22:42,125576.835938,B8DB8AF16E20,mous,male,C57BL/6,1.1.1,FR1_Approach,0,Status,261,0,3,5,0,0,,,,,Disabled,26.4,39.6,1012.3,17.3,0.000,0.000,254040,344900,251056,5192,3.79,38.66
2026-06-30 22:23:58,125652.570312,B8DB8AF16E20,mous,male,C57BL/6,1.1.1,FR1_Approach,0,PelletDrop,262,0,3,5,0,0,,,,,,,,,,,,,,,,,,,,
2026-06-30 22:24:18,125672.921875,B8DB8AF16E20,mous,male,C57BL/6,1.1.1,FR1_Approach,0,PelletTaken,262,0,3,5,0,0,TimedOut,7.000,0,1,,,,,,,,,,,,,,,,
2026-06-30 22:32:57,126192.406250,B8DB8AF16E20,mous,male,C57BL/6,1.1.1,FR1_Approach,0,Status,262,0,3,5,0,0,,,,,Disabled,26.4,39.2,1012.4,17.4,0.000,0.000,254040,344900,251056,5217,3.79,38.30
2026-06-30 22:40:19,126633.828125,B8DB8AF16E20,mous,male,C57BL/6,1.1.1,FR1_Approach,0,PelletDrop,263,0,3,5,0,0,,,,,,,,,,,,,,,,,,,,
2026-06-30 22:40:30,126645.523438,B8DB8AF16E20,mous,male,C57BL/6,1.1.1,FR1_Approach,0,PelletTaken,263,0,3,5,0,0,11.346,7.000,0,1,,,,,,,,,,,,,,,,
2026-06-30 22:40:37,126652.523438,B8DB8AF16E20,mous,male,C57BL/6,1.1.1,FR1_Approach,0,PelletDrop,264,0,3,5,0,0,,,,,,,,,,,,,,,,,,,,
2026-06-30 22:40:58,126672.867188,B8DB8AF16E20,mous,male,C57BL/6,1.1.1,FR1_Approach,0,PelletTaken,264,0,3,5,0,0,TimedOut,7.000,0,1,,,,,,,,,,,,,,,,
2026-06-30 22:41:05,126679.843750,B8DB8AF16E20,mous,male,C57BL/6,1.1.1,FR1_Approach,0,PelletDrop,265,0,3,5,0,0,,,,,,,,,,,,,,,,,,,,
2026-06-30 22:41:25,126700.187500,B8DB8AF16E20,mous,male,C57BL/6,1.1.1,FR1_Approach,0,PelletTaken,265,0,3,5,0,0,TimedOut,7.000,0,1,,,,,,,,,,,,,,,,
2026-06-30 22:43:10,126805.210938,B8DB8AF16E20,mous,male,C57BL/6,1.1.1,FR1_Approach,0,Status,265,0,3,5,0,0,,,,,Disabled,26.4,39.1,1012.4,17.2,0.000,0.000,254040,344900,251056,5242,3.79,37.58
2026-06-30 22:53:22,127417.789062,B8DB8AF16E20,mous,male,C57BL/6,1.1.1,FR1_Approach,0,Status,265,0,3,5,0,0,,,,,Disabled,26.4,39.2,1012.4,17.2,0.000,0.000,254040,344900,251056,5267,3.78,37.22
2026-06-30 22:55:36,127551.718750,B8DB8AF16E20,mous,male,C57BL/6,1.1.1,FR1_Approach,0,PelletDrop,266,0,3,5,0,0,,,,,,,,,,,,,,,,,,,,
2026-06-30 22:55:44,127559.578125,B8DB8AF16E20,mous,male,C57BL/6,1.1.1,FR1_Approach,0,PelletTaken,266,0,3,5,0,0,7.496,7.000,0,1,,,,,,,,,,,,,,,,
2026-06-30 22:55:50,127565.460938,B8DB8AF16E20,mous,male,C57BL/6,1.1.1,FR1_Approach,0,PelletDrop,267,0,3,5,0,0,,,,,,,,,,,,,,,,,,,,
2026-06-30 22:55:56,127571.562500,B8DB8AF16E20,mous,male,C57BL/6,1.1.1,FR1_Approach,0,PelletTaken,267,0,3,5,0,0,5.747,7.000,0,0,,,,,,,,,,,,,,,,
2026-06-30 22:56:03,127578.554688,B8DB8AF16E20,mous,male,C57BL/6,1.1.1,FR1_Approach,0,PelletDrop,268,0,3,5,0,0,,,,,,,,,,,,,,,,,,,,
2026-06-30 22:56:09,127584.359375,B8DB8AF16E20,mous,male,C57BL/6,1.1.1,FR1_Approach,0,PelletTaken,268,0,3,5,0,0,5.450,7.000,0,1,,,,,,,,,,,,,,,,
2026-06-30 22:56:16,127591.335938,B8DB8AF16E20,mous,male,C57BL/6,1.1.1,FR1_Approach,0,PelletDrop,269,0,3,5,0,0,,,,,,,,,,,,,,,,,,,,
2026-06-30 22:56:21,127596.796875,B8DB8AF16E20,mous,male,C57BL/6,1.1.1,FR1_Approach,0,PelletTaken,269,0,3,5,0,0,5.109,7.000,0,1,,,,,,,,,,,,,,,,
2026-06-30 22:56:28,127603.796875,B8DB8AF16E20,mous,male,C57BL/6,1.1.1,FR1_Approach,0,PelletDrop,270,0,3,5,0,0,,,,,,,,,,,,,,,,,,,,
2026-06-30 22:56:48,127624.140625,B8DB8AF16E20,mous,male,C57BL/6,1.1.1,FR1_Approach,0,PelletTaken,270,0,3,5,0,0,TimedOut,7.000,0,1,,,,,,,,,,,,,,,,
2026-06-30 23:03:26,128021.679688,B8DB8AF16E20,mous,male,C57BL/6,1.1.1,FR1_Approach,0,Status,270,0,3,5,0,0,,,,,Disabled,26.4,39.2,1012.3,17.3,0.000,0.000,254040,344900,251056,5294,3.78,36.86
2026-06-30 23:13:38,128634.281250,B8DB8AF16E20,mous,male,C57BL/6,1.1.1,FR1_Approach,0,Status,270,0,3,5,0,0,,,,,Disabled,26.4,39.0,1012.3,17.3,0.000,0.000,254040,344900,251056,5319,3.79,36.14
2026-06-30 23:14:40,128696.312500,B8DB8AF16E20,mous,male,C57BL/6,1.1.1,FR1_Approach,0,CenterWithPellet,270,0,3,6,0,0,,,,,,,,,,,,,,,,,,,,
2026-06-30 23:16:23,128798.789062,B8DB8AF16E20,mous,male,C57BL/6,1.1.1,FR1_Approach,0,PelletDrop,271,0,3,6,0,0,,,,,,,,,,,,,,,,,,,,
2026-06-30 23:16:36,128811.710938,B8DB8AF16E20,mous,male,C57BL/6,1.1.1,FR1_Approach,0,PelletTaken,271,0,3,6,0,0,12.567,175.000,0,1,,,,,,,,,,,,,,,,
2026-06-30 23:23:38,129234.304688,B8DB8AF16E20,mous,male,C57BL/6,1.1.1,FR1_Approach,0,Status,271,0,3,6,0,0,,,,,Disabled,26.5,39.0,1012.3,17.3,0.000,0.000,254040,344900,251056,5344,3.78,35.78
2026-06-30 23:33:02,129798.445312,B8DB8AF16E20,mous,male,C57BL/6,1.1.1,FR1_Approach,0,PelletDrop,272,0,3,6,0,0,,,,,,,,,,,,,,,,,,,,
2026-06-30 23:33:22,129818.789062,B8DB8AF16E20,mous,male,C57BL/6,1.1.1,FR1_Approach,0,PelletTaken,272,0,3,6,0,0,TimedOut,175.000,0,1,,,,,,,,,,,,,,,,
2026-06-30 23:33:54,129850.750000,B8DB8AF16E20,mous,male,C57BL/6,1.1.1,FR1_Approach,0,Status,272,0,3,6,0,0,,,,,Disabled,26.5,39.0,1012.3,17.2,0.000,0.000,254040,344900,251056,5369,3.78,35.42
2026-06-30 23:44:08,130464.226562,B8DB8AF16E20,mous,male,C57BL/6,1.1.1,FR1_Approach,0,Status,272,0,3,6,0,0,,,,,Disabled,26.5,39.0,1012.4,17.1,0.000,0.000,254040,344900,251056,5394,3.78,34.70
2026-06-30 23:52:34,130970.851562,B8DB8AF16E20,mous,male,C57BL/6,1.1.1,FR1_Approach,0,PelletDrop,273,0,3,6,0,0,,,,,,,,,,,,,,,,,,,,
2026-06-30 23:52:42,130978.468750,B8DB8AF16E20,mous,male,C57BL/6,1.1.1,FR1_Approach,0,PelletTaken,273,0,3,6,0,0,7.254,175.000,0,1,,,,,,,,,,,,,,,,
2026-06-30 23:52:49,130985.484375,B8DB8AF16E20,mous,male,C57BL/6,1.1.1,FR1_Approach,0,PelletDrop,274,0,3,6,0,0,,,,,,,,,,,,,,,,,,,,
2026-06-30 23:53:09,131005.828125,B8DB8AF16E20,mous,male,C57BL/6,1.1.1,FR1_Approach,0,PelletTaken,274,0,3,6,0,0,TimedOut,175.000,0,1,,,,,,,,,,,,,,,,
2026-06-30 23:54:30,131086.609375,B8DB8AF16E20,mous,male,C57BL/6,1.1.1,FR1_Approach,0,Status,274,0,3,6,0,0,,,,,Disabled,26.5,38.9,1012.4,17.2,0.000,0.000,254040,344900,251056,5420,3.77,34.27
2026-07-01 00:04:43,131700.093750,B8DB8AF16E20,mous,male,C57BL/6,1.1.1,FR1_Approach,0,Status,274,0,3,6,0,0,,,,,Disabled,26.5,38.9,1012.4,17.1,0.000,0.000,254040,344900,251056,5445,3.77,33.84
2026-07-01 00:08:39,131936.375000,B8DB8AF16E20,mous,male,C57BL/6,1.1.1,FR1_Approach,0,PelletDrop,275,0,3,6,0,0,,,,,,,,,,,,,,,,,,,,
2026-07-01 00:09:00,131956.718750,B8DB8AF16E20,mous,male,C57BL/6,1.1.1,FR1_Approach,0,PelletTaken,275,0,3,6,0,0,TimedOut,175.000,0,1,,,,,,,,,,,,,,,,
2026-07-01 00:09:39,131995.484375,B8DB8AF16E20,mous,male,C57BL/6,1.1.1,FR1_Approach,0,PelletDrop,276,0,3,6,0,0,,,,,,,,,,,,,,,,,,,,
2026-07-01 00:09:51,132008.093750,B8DB8AF16E20,mous,male,C57BL/6,1.1.1,FR1_Approach,0,PelletTaken,276,0,3,6,0,0,12.259,175.000,0,1,,,,,,,,,,,,,,,,
2026-07-01 00:09:58,132015.109375,B8DB8AF16E20,mous,male,C57BL/6,1.1.1,FR1_Approach,0,PelletDrop,277,0,3,6,0,0,,,,,,,,,,,,,,,,,,,,
2026-07-01 00:10:19,132035.468750,B8DB8AF16E20,mous,male,C57BL/6,1.1.1,FR1_Approach,0,PelletTaken,277,0,3,6,0,0,TimedOut,175.000,0,1,,,,,,,,,,,,,,,,
2026-07-01 00:14:55,132311.562500,B8DB8AF16E20,mous,male,C57BL/6,1.1.1,FR1_Approach,0,Status,277,0,3,6,0,0,,,,,Disabled,26.5,38.9,1012.5,17.1,0.000,0.000,254040,344900,251056,5471,3.78,32.98
2026-07-01 00:24:58,132915.328125,B8DB8AF16E20,mous,male,C57BL/6,1.1.1,FR1_Approach,0,Status,277,0,3,6,0,0,,,,,Disabled,26.5,38.8,1012.5,17.2,0.000,0.000,254040,344900,251056,5496,3.78,32.55
2026-07-01 00:25:01,132917.937500,B8DB8AF16E20,mous,male,C57BL/6,1.1.1,FR1_Approach,0,PelletDrop,278,0,3,6,0,0,,,,,,,,,,,,,,,,,,,,
2026-07-01 00:25:14,132931.312500,B8DB8AF16E20,mous,male,C57BL/6,1.1.1,FR1_Approach,0,PelletTaken,278,0,3,6,0,0,13.017,175.000,0,1,,,,,,,,,,,,,,,,
2026-07-01 00:35:07,133524.781250,B8DB8AF16E20,mous,male,C57BL/6,1.1.1,FR1_Approach,0,Status,278,0,3,6,0,0,,,,,Disabled,26.5,38.8,1012.6,17.2,0.000,0.000,254040,344900,251056,5521,3.77,32.12
2026-07-01 00:45:21,134138.281250,B8DB8AF16E20,mous,male,C57BL/6,1.1.1,FR1_Approach,0,Status,278,0,3,6,0,0,,,,,Disabled,26.5,38.9,1012.6,17.2,0.000,0.000,254040,344900,251056,5546,3.76,31.26
2026-07-01 00:55:34,134751.765625,B8DB8AF16E20,mous,male,C57BL/6,1.1.1,FR1_Approach,0,Status,278,0,3,6,0,0,,,,,Disabled,26.5,38.8,1012.6,17.1,0.000,0.000,254040,344900,251056,5571,3.77,30.83
2026-07-01 01:05:47,135365.234375,B8DB8AF16E20,mous,male,C57BL/6,1.1.1,FR1_Approach,0,Status,278,0,3,6,0,0,,,,,Disabled,26.5,38.7,1012.7,17.1,0.000,0.000,254040,344900,251056,5596,3.76,30.40
2026-07-01 01:16:01,135978.765625,B8DB8AF16E20,mous,male,C57BL/6,1.1.1,FR1_Approach,0,Status,278,0,3,6,0,0,,,,,Disabled,26.5,38.6,1012.7,17.1,0.000,0.000,254040,344900,251056,5621,3.76,29.97
2026-07-01 01:26:14,136592.250000,B8DB8AF16E20,mous,male,C57BL/6,1.1.1,FR1_Approach,0,Status,278,0,3,6,0,0,,,,,Disabled,26.5,38.5,1012.8,17.1,0.000,0.000,254040,344900,251056,5646,3.76,29.11
2026-07-01 01:36:27,137205.718750,B8DB8AF16E20,mous,male,C57BL/6,1.1.1,FR1_Approach,0,Status,278,0,3,6,0,0,,,,,Disabled,26.5,38.5,1012.8,17.0,0.000,0.000,254040,344900,251056,5671,3.76,28.68
2026-07-01 01:40:02,137420.812500,B8DB8AF16E20,mous,male,C57BL/6,1.1.1,FR1_Approach,0,PelletDrop,279,0,3,6,0,0,,,,,,,,,,,,,,,,,,,,
2026-07-01 01:40:14,137432.328125,B8DB8AF16E20,mous,male,C57BL/6,1.1.1,FR1_Approach,0,PelletTaken,279,0,3,6,0,0,11.158,175.000,0,1,,,,,,,,,,,,,,,,
2026-07-01 01:40:20,137438.250000,B8DB8AF16E20,mous,male,C57BL/6,1.1.1,FR1_Approach,0,PelletDrop,280,0,3,6,0,0,,,,,,,,,,,,,,,,,,,,
2026-07-01 01:40:31,137449.593750,B8DB8AF16E20,mous,male,C57BL/6,1.1.1,FR1_Approach,0,PelletTaken,280,0,3,6,0,0,10.983,175.000,0,0,,,,,,,,,,,,,,,,
2026-07-01 01:40:38,137456.609375,B8DB8AF16E20,mous,male,C57BL/6,1.1.1,FR1_Approach,0,PelletDrop,281,0,3,6,0,0,,,,,,,,,,,,,,,,,,,,
2026-07-01 01:40:58,137476.953125,B8DB8AF16E20,mous,male,C57BL/6,1.1.1,FR1_Approach,0,PelletTaken,281,0,3,6,0,0,TimedOut,175.000,0,1,,,,,,,,,,,,,,,,
2026-07-01 01:46:48,137826.296875,B8DB8AF16E20,mous,male,C57BL/6,1.1.1,FR1_Approach,0,Status,281,0,3,6,0,0,,,,,Disabled,26.5,38.4,1012.8,17.1,0.000,0.000,254040,344900,251056,5697,3.76,27.82
2026-07-01 01:57:01,138439.796875,B8DB8AF16E20,mous,male,C57BL/6,1.1.1,FR1_Approach,0,Status,281,0,3,6,0,0,,,,,Disabled,26.5,38.5,1012.9,16.9,0.000,0.000,254040,344900,251056,5722,3.75,27.39
2026-07-01 02:00:51,138670.421875,B8DB8AF16E20,mous,male,C57BL/6,1.1.1,FR1_Approach,0,RightWithPellet,281,0,4,6,0,0,,,,,,,,,,,,,,,,,,,,
2026-07-01 02:07:14,139052.703125,B8DB8AF16E20,mous,male,C57BL/6,1.1.1,FR1_Approach,0,Status,281,0,4,6,0,0,,,,,Disabled,26.5,38.7,1012.9,16.9,0.000,0.000,254040,344900,251056,5747,3.75,26.54
2026-07-01 02:17:26,139665.296875,B8DB8AF16E20,mous,male,C57BL/6,1.1.1,FR1_Approach,0,Status,281,0,4,6,0,0,,,,,Disabled,26.5,38.9,1012.9,17.0,0.000,0.000,254040,344900,251056,5772,3.75,26.11
2026-07-01 02:20:35,139854.281250,B8DB8AF16E20,mous,male,C57BL/6,1.1.1,FR1_Approach,0,PelletDrop,282,0,4,6,0,0,,,,,,,,,,,,,,,,,,,,
2026-07-01 02:20:39,139858.734375,B8DB8AF16E20,mous,male,C57BL/6,1.1.1,FR1_Approach,0,PelletTaken,282,0,4,6,0,0,4.097,265.000,0,1,,,,,,,,,,,,,,,,
2026-07-01 02:20:46,139865.734375,B8DB8AF16E20,mous,male,C57BL/6,1.1.1,FR1_Approach,0,PelletDrop,283,0,4,6,0,0,,,,,,,,,,,,,,,,,,,,
2026-07-01 02:20:58,139877.875000,B8DB8AF16E20,mous,male,C57BL/6,1.1.1,FR1_Approach,0,PelletTaken,283,0,4,6,0,0,11.785,265.000,0,1,,,,,,,,,,,,,,,,
2026-07-01 02:21:05,139884.859375,B8DB8AF16E20,mous,male,C57BL/6,1.1.1,FR1_Approach,0,PelletDrop,284,0,4,6,0,0,,,,,,,,,,,,,,,,,,,,
2026-07-01 02:21:26,139905.218750,B8DB8AF16E20,mous,male,C57BL/6,1.1.1,FR1_Approach,0,PelletTaken,284,0,4,6,0,0,TimedOut,265.000,0,1,,,,,,,,,,,,,,,,
2026-07-01 02:27:39,140278.375000,B8DB8AF16E20,mous,male,C57BL/6,1.1.1,FR1_Approach,0,Status,284,0,4,6,0,0,,,,,Disabled,26.5,38.9,1012.9,16.9,0.000,0.000,254040,344900,251056,5798,3.74,25.25
2026-07-01 02:30:49,140469.031250,B8DB8AF16E20,mous,male,C57BL/6,1.1.1,FR1_Approach,0,PelletDrop,285,0,4,6,0,0,,,,,,,,,,,,,,,,,,,,
2026-07-01 02:30:55,140474.828125,B8DB8AF16E20,mous,male,C57BL/6,1.1.1,FR1_Approach,0,PelletTaken,285,0,4,6,0,0,5.450,265.000,0,1,,,,,,,,,,,,,,,,
2026-07-01 02:31:02,140481.828125,B8DB8AF16E20,mous,male,C57BL/6,1.1.1,FR1_Approach,0,PelletDrop,286,0,4,6,0,0,,,,,,,,,,,,,,,,,,,,
2026-07-01 02:31:23,140502.171875,B8DB8AF16E20,mous,male,C57BL/6,1.1.1,FR1_Approach,0,PelletTaken,286,0,4,6,0,0,TimedOut,265.000,0,1,,,,,,,,,,,,,,,,
2026-07-01 02:38:00,140899.718750,B8DB8AF16E20,mous,male,C57BL/6,1.1.1,FR1_Approach,0,Status,286,0,4,6,0,0,,,,,Disabled,26.5,38.8,1012.9,16.8,0.000,0.000,254040,344900,251056,5824,3.74,24.82
2026-07-01 02:48:12,141512.312500,B8DB8AF16E20,mous,male,C57BL/6,1.1.1,FR1_Approach,0,Status,286,0,4,6,0,0,,,,,Disabled,26.5,38.7,1012.9,16.9,0.000,0.000,254040,344900,251056,5849,3.74,23.96
2026-07-01 02:58:25,142124.890625,B8DB8AF16E20,mous,male,C57BL/6,1.1.1,FR1_Approach,0,Status,286,0,4,6,0,0,,,,,Disabled,26.5,38.6,1012.9,16.8,0.000,0.000,254040,344900,251056,5874,3.74,23.53
2026-07-01 03:08:37,142737.468750,B8DB8AF16E20,mous,male,C57BL/6,1.1.1,FR1_Approach,0,Status,286,0,4,6,0,0,,,,,Disabled,26.5,38.7,1012.9,16.7,0.000,0.000,254040,344900,251056,5899,3.74,22.67
2026-07-01 03:18:50,143350.062500,B8DB8AF16E20,mous,male,C57BL/6,1.1.1,FR1_Approach,0,Status,286,0,4,6,0,0,,,,,Disabled,26.5,38.7,1012.9,16.9,0.000,0.000,254040,344900,251056,5924,3.73,21.81
2026-07-01 03:29:02,143962.640625,B8DB8AF16E20,mous,male,C57BL/6,1.1.1,FR1_Approach,0,Status,286,0,4,6,0,0,,,,,Disabled,26.5,38.6,1012.9,16.8,0.000,0.000,254040,344900,251056,5949,3.73,21.38
2026-07-01 03:32:07,144147.703125,B8DB8AF16E20,mous,male,C57BL/6,1.1.1,FR1_Approach,0,PelletDrop,287,0,4,6,0,0,,,,,,,,,,,,,,,,,,,,
2026-07-01 03:32:21,144161.406250,B8DB8AF16E20,mous,male,C57BL/6,1.1.1,FR1_Approach,0,PelletTaken,287,0,4,6,0,0,13.358,265.000,0,1,,,,,,,,,,,,,,,,
2026-07-01 03:32:28,144168.343750,B8DB8AF16E20,mous,male,C57BL/6,1.1.1,FR1_Approach,0,PelletDrop,288,0,4,6,0,0,,,,,,,,,,,,,,,,,,,,
2026-07-01 03:32:36,144176.796875,B8DB8AF16E20,mous,male,C57BL/6,1.1.1,FR1_Approach,0,PelletTaken,288,0,4,6,0,0,8.100,265.000,0,1,,,,,,,,,,,,,,,,
2026-07-01 03:32:43,144183.750000,B8DB8AF16E20,mous,male,C57BL/6,1.1.1,FR1_Approach,0,PelletDrop,289,0,4,6,0,0,,,,,,,,,,,,,,,,,,,,
2026-07-01 03:33:03,144204.093750,B8DB8AF16E20,mous,male,C57BL/6,1.1.1,FR1_Approach,0,PelletTaken,289,0,4,6,0,0,TimedOut,265.000,0,1,,,,,,,,,,,,,,,,
2026-07-01 03:39:16,144577.265625,B8DB8AF16E20,mous,male,C57BL/6,1.1.1,FR1_Approach,0,Status,289,0,4,6,0,0,,,,,Disabled,26.5,38.5,1012.9,16.7,0.000,0.000,254040,344900,251056,5975,3.73,20.52
2026-07-01 03:49:29,145189.859375,B8DB8AF16E20,mous,male,C57BL/6,1.1.1,FR1_Approach,0,Status,289,0,4,6,0,0,,,,,Disabled,26.5,38.4,1012.9,16.8,0.000,0.000,254040,344900,251056,6000,3.73,19.83
2026-07-01 03:59:41,145802.468750,B8DB8AF16E20,mous,male,C57BL/6,1.1.1,FR1_Approach,0,Status,289,0,4,6,0,0,,,,,Disabled,26.5,38.3,1012.9,16.8,0.000,0.000,254040,344900,251056,6025,3.72,19.31
2026-07-01 04:04:17,146077.906250,B8DB8AF16E20,mous,male,C57BL/6,1.1.1,FR1_Approach,0,CenterWithPellet,289,0,4,7,0,0,,,,,,,,,,,,,,,,,,,,
2026-07-01 04:04:17,146078.593750,B8DB8AF16E20,mous,male,C57BL/6,1.1.1,FR1_Approach,0,CenterWithPellet,289,0,4,8,0,0,,,,,,,,,,,,,,,,,,,,
2026-07-01 04:04:19,146080.734375,B8DB8AF16E20,mous,male,C57BL/6,1.1.1,FR1_Approach,0,CenterWithPellet,289,0,4,9,0,0,,,,,,,,,,,,,,,,,,,,
2026-07-01 04:04:22,146083.218750,B8DB8AF16E20,mous,male,C57BL/6,1.1.1,FR1_Approach,0,CenterWithPellet,289,0,4,10,0,0,,,,,,,,,,,,,,,,,,,,
2026-07-01 04:04:23,146084.468750,B8DB8AF16E20,mous,male,C57BL/6,1.1.1,FR1_Approach,0,CenterWithPellet,289,0,4,11,0,0,,,,,,,,,,,,,,,,,,,,
2026-07-01 04:09:54,146415.562500,B8DB8AF16E20,mous,male,C57BL/6,1.1.1,FR1_Approach,0,Status,289,0,4,11,0,0,,,,,Disabled,26.5,38.6,1013.0,16.8,0.000,0.000,254040,344900,251056,6050,3.72,18.54
2026-07-01 04:20:07,147029.031250,B8DB8AF16E20,mous,male,C57BL/6,1.1.1,FR1_Approach,0,Status,289,0,4,11,0,0,,,,,Disabled,26.5,38.5,1013.0,16.8,0.000,0.000,254040,344900,251056,6075,3.72,18.02
2026-07-01 04:30:14,147635.578125,B8DB8AF16E20,mous,male,C57BL/6,1.1.1,FR1_Approach,0,Status,289,0,4,11,0,0,,,,,Disabled,26.5,38.4,1013.0,16.8,0.000,0.000,254040,344900,251056,6100,3.72,17.50
2026-07-01 04:32:18,147760.265625,B8DB8AF16E20,mous,male,C57BL/6,1.1.1,FR1_Approach,0,PelletDrop,290,0,4,11,0,0,,,,,,,,,,,,,,,,,,,,
2026-07-01 04:32:33,147774.750000,B8DB8AF16E20,mous,male,C57BL/6,1.1.1,FR1_Approach,0,PelletTaken,290,0,4,11,0,0,14.139,85.000,0,1,,,,,,,,,,,,,,,,
2026-07-01 04:32:40,147781.765625,B8DB8AF16E20,mous,male,C57BL/6,1.1.1,FR1_Approach,0,PelletDrop,291,0,4,11,0,0,,,,,,,,,,,,,,,,,,,,
2026-07-01 04:32:46,147788.203125,B8DB8AF16E20,mous,male,C57BL/6,1.1.1,FR1_Approach,0,PelletTaken,291,0,4,11,0,0,6.065,85.000,0,1,,,,,,,,,,,,,,,,
2026-07-01 04:32:56,147797.437500,B8DB8AF16E20,mous,male,C57BL/6,1.1.1,FR1_Approach,0,PelletDrop,292,0,4,11,0,0,,,,,,,,,,,,,,,,,,,,
2026-07-01 04:33:16,147817.781250,B8DB8AF16E20,mous,male,C57BL/6,1.1.1,FR1_Approach,0,PelletTaken,292,0,4,11,0,0,TimedOut,85.000,0,2,,,,,,,,,,,,,,,,
2026-07-01 04:40:18,148240.359375,B8DB8AF16E20,mous,male,C57BL/6,1.1.1,FR1_Approach,0,Status,292,0,4,11,0,0,,,,,Disabled,26.5,38.5,1013.1,16.8,0.000,0.000,254040,344900,251056,6125,3.72,16.98
2026-07-01 04:50:32,148853.859375,B8DB8AF16E20,mous,male,C57BL/6,1.1.1,FR1_Approach,0,Status,292,0,4,11,0,0,,,,,Disabled,26.5,38.5,1013.1,16.8,0.000,0.000,254040,344900,251056,6150,3.72,16.47
2026-07-01 04:54:03,149065.375000,B8DB8AF16E20,mous,male,C57BL/6,1.1.1,FR1_Approach,0,PelletDrop,293,0,4,11,0,0,,,,,,,,,,,,,,,,,,,,
2026-07-01 04:54:23,149085.718750,B8DB8AF16E20,mous,male,C57BL/6,1.1.1,FR1_Approach,0,PelletTaken,293,0,4,11,0,0,TimedOut,85.000,0,1,,,,,,,,,,,,,,,,
2026-07-01 04:54:31,149092.750000,B8DB8AF16E20,mous,male,C57BL/6,1.1.1,FR1_Approach,0,PelletDrop,294,0,4,11,0,0,,,,,,,,,,,,,,,,,,,,
2026-07-01 04:54:51,149113.093750,B8DB8AF16E20,mous,male,C57BL/6,1.1.1,FR1_Approach,0,PelletTaken,294,0,4,11,0,0,TimedOut,85.000,0,1,,,,,,,,,,,,,,,,
2026-07-01 04:58:13,149315.484375,B8DB8AF16E20,mous,male,C57BL/6,1.1.1,FR1_Approach,0,RightWithPellet,294,0,5,11,0,0,,,,,,,,,,,,,,,,,,,,
2026-07-01 04:58:15,149316.984375,B8DB8AF16E20,mous,male,C57BL/6,1.1.1,FR1_Approach,0,RightWithPellet,294,0,6,11,0,0,,,,,,,,,,,,,,,,,,,,
2026-07-01 04:58:46,149348.218750,B8DB8AF16E20,mous,male,C57BL/6,1.1.1,FR1_Approach,0,CenterWithPellet,294,0,6,12,0,0,,,,,,,,,,,,,,,,,,,,
2026-07-01 04:59:02,149364.218750,B8DB8AF16E20,mous,male,C57BL/6,1.1.1,FR1_Approach,0,PelletDrop,295,0,6,12,0,0,,,,,,,,,,,,,,,,,,,,
2026-07-01 04:59:22,149384.562500,B8DB8AF16E20,mous,male,C57BL/6,1.1.1,FR1_Approach,0,PelletTaken,295,0,6,12,0,0,TimedOut,54.000,0,1,,,,,,,,,,,,,,,,
2026-07-01 05:00:43,149465.343750,B8DB8AF16E20,mous,male,C57BL/6,1.1.1,FR1_Approach,0,Status,295,0,6,12,0,0,,,,,Disabled,26.5,38.7,1013.1,16.8,0.000,0.000,254040,344900,251056,6175,3.71,15.95
2026-07-01 05:10:56,150078.828125,B8DB8AF16E20,mous,male,C57BL/6,1.1.1,FR1_Approach,0,Status,295,0,6,12,0,0,,,,,Disabled,26.5,38.5,1013.1,16.8,0.000,0.000,254040,344900,251056,6200,3.71,15.43
2026-07-01 05:21:10,150692.343750,B8DB8AF16E20,mous,male,C57BL/6,1.1.1,FR1_Approach,0,Status,295,0,6,12,0,0,,,,,Disabled,26.5,38.5,1013.1,16.8,0.000,0.000,254040,344900,251056,6225,3.72,15.17
2026-07-01 05:31:23,151305.890625,B8DB8AF16E20,mous,male,C57BL/6,1.1.1,FR1_Approach,0,Status,295,0,6,12,0,0,,,,,Disabled,26.5,38.3,1013.2,16.8,0.000,0.000,254040,344900,251056,6250,3.71,14.66
2026-07-01 05:41:36,151919.375000,B8DB8AF16E20,mous,male,C57BL/6,1.1.1,FR1_Approach,0,Status,295,0,6,12,0,0,,,,,Disabled,26.5,38.3,1013.2,16.8,0.000,0.000,254040,344900,251056,6275,3.71,14.40
2026-07-01 05:51:50,152532.875000,B8DB8AF16E20,mous,male,C57BL/6,1.1.1,FR1_Approach,0,Status,295,0,6,12,0,0,,,,,Disabled,26.5,38.2,1013.3,16.8,0.000,0.000,254040,344900,251056,6300,3.70,13.88
2026-07-01 06:02:03,153146.343750,B8DB8AF16E20,mous,male,C57BL/6,1.1.1,FR1_Approach,0,Status,295,0,6,12,0,0,,,,,Disabled,26.5,38.2,1013.3,16.8,0.058,42.000,254040,344900,251056,6325,3.70,13.62
2026-07-01 06:12:16,153759.828125,B8DB8AF16E20,mous,male,C57BL/6,1.1.1,FR1_Approach,0,Status,295,0,6,12,0,0,,,,,Disabled,26.5,38.2,1013.3,16.9,0.061,40.000,254040,344900,251056,6350,3.71,13.10
2026-07-01 06:22:30,154373.312500,B8DB8AF16E20,mous,male,C57BL/6,1.1.1,FR1_Approach,0,Status,295,0,6,12,0,0,,,,,Disabled,26.5,38.1,1013.3,16.8,0.058,42.000,254040,344900,251056,6375,3.70,12.84
2026-07-01 06:32:43,154986.796875,B8DB8AF16E20,mous,male,C57BL/6,1.1.1,FR1_Approach,0,Status,295,0,6,12,0,0,,,,,Disabled,26.5,38.1,1013.4,16.9,0.050,38.000,254040,344900,251056,6400,3.70,12.59
2026-07-01 06:42:56,155600.312500,B8DB8AF16E20,mous,male,C57BL/6,1.1.1,FR1_Approach,0,Status,295,0,6,12,0,0,,,,,Disabled,26.5,38.0,1013.5,16.8,0.065,47.000,254040,344900,251056,6425,3.69,12.33
2026-07-01 06:53:09,156213.812500,B8DB8AF16E20,mous,male,C57BL/6,1.1.1,FR1_Approach,0,Status,295,0,6,12,0,0,,,,,Disabled,26.5,38.0,1013.5,16.8,0.050,41.000,254040,344900,251056,6450,3.70,11.81
2026-07-01 07:03:23,156827.281250,B8DB8AF16E20,mous,male,C57BL/6,1.1.1,FR1_Approach,0,Status,295,0,6,12,0,0,,,,,Disabled,26.5,38.0,1013.6,16.9,0.050,40.000,254040,344900,251056,6475,3.69,11.55
2026-07-01 07:13:36,157440.796875,B8DB8AF16E20,mous,male,C57BL/6,1.1.1,FR1_Approach,0,Status,295,0,6,12,0,0,,,,,Disabled,26.5,37.9,1013.7,16.8,0.058,40.000,254040,344900,251056,6500,3.69,11.29
2026-07-01 07:23:49,158054.265625,B8DB8AF16E20,mous,male,C57BL/6,1.1.1,FR1_Approach,0,Status,295,0,6,12,0,0,,,,,Disabled,26.5,37.9,1013.8,16.8,0.061,41.000,254040,344900,251056,6525,3.69,11.03
2026-07-01 07:25:38,158162.609375,B8DB8AF16E20,mous,male,C57BL/6,1.1.1,FR1_Approach,0,PelletDrop,296,0,6,12,0,0,,,,,,,,,,,,,,,,,,,,
2026-07-01 07:25:53,158178.281250,B8DB8AF16E20,mous,male,C57BL/6,1.1.1,FR1_Approach,0,PelletTaken,296,0,6,12,0,0,15.306,54.000,0,1,,,,,,,,,,,,,,,,
2026-07-01 07:26:00,158185.296875,B8DB8AF16E20,mous,male,C57BL/6,1.1.1,FR1_Approach,0,PelletDrop,297,0,6,12,0,0,,,,,,,,,,,,,,,,,,,,
2026-07-01 07:26:14,158199.046875,B8DB8AF16E20,mous,male,C57BL/6,1.1.1,FR1_Approach,0,PelletTaken,297,0,6,12,0,0,13.392,54.000,0,1,,,,,,,,,,,,,,,,
2026-07-01 07:26:21,158206.062500,B8DB8AF16E20,mous,male,C57BL/6,1.1.1,FR1_Approach,0,PelletDrop,298,0,6,12,0,0,,,,,,,,,,,,,,,,,,,,
2026-07-01 07:26:38,158223.218750,B8DB8AF16E20,mous,male,C57BL/6,1.1.1,FR1_Approach,0,PelletTaken,298,0,6,12,0,0,16.791,54.000,0,1,,,,,,,,,,,,,,,,
2026-07-01 07:26:45,158230.234375,B8DB8AF16E20,mous,male,C57BL/6,1.1.1,FR1_Approach,0,PelletDrop,299,0,6,12,0,0,,,,,,,,,,,,,,,,,,,,
2026-07-01 07:27:06,158250.578125,B8DB8AF16E20,mous,male,C57BL/6,1.1.1,FR1_Approach,0,PelletTaken,299,0,6,12,0,0,TimedOut,54.000,0,1,,,,,,,,,,,,,,,,
2026-07-01 07:27:13,158257.593750,B8DB8AF16E20,mous,male,C57BL/6,1.1.1,FR1_Approach,0,PelletDrop,300,0,6,12,0,0,,,,,,,,,,,,,,,,,,,,
2026-07-01 07:27:33,158277.953125,B8DB8AF16E20,mous,male,C57BL/6,1.1.1,FR1_Approach,0,PelletTaken,300,0,6,12,0,0,TimedOut,54.000,0,1,,,,,,,,,,,,,,,,
2026-07-01 07:34:08,158673.515625,B8DB8AF16E20,mous,male,C57BL/6,1.1.1,FR1_Approach,0,Status,300,0,6,12,0,0,,,,,Disabled,26.5,37.9,1013.9,16.7,0.040,33.000,254040,344900,251056,6551,3.69,10.52
2026-07-01 07:44:22,159286.984375,B8DB8AF16E20,mous,male,C57BL/6,1.1.1,FR1_Approach,0,Status,300,0,6,12,0,0,,,,,Disabled,26.5,38.0,1013.9,16.9,0.022,26.000,254040,344900,251056,6576,3.69,10.26
2026-07-01 07:54:35,159900.515625,B8DB8AF16E20,mous,male,C57BL/6,1.1.1,FR1_Approach,0,Status,300,0,6,12,0,0,,,,,Disabled,26.5,37.9,1013.9,16.8,0.022,26.000,254040,344900,251056,6601,3.69,10.00
2026-07-01 08:04:48,160514.000000,B8DB8AF16E20,mous,male,C57BL/6,1.1.1,FR1_Approach,0,Status,300,0,6,12,0,0,,,,,Disabled,26.5,37.8,1014.0,16.8,0.022,29.000,254040,344900,251056,6626,3.69,9.74
2026-07-01 08:15:02,161127.484375,B8DB8AF16E20,mous,male,C57BL/6,1.1.1,FR1_Approach,0,Status,300,0,6,12,0,0,,,,,Disabled,26.5,37.8,1014.0,16.8,0.022,26.000,254040,344900,251056,6651,3.68,9.48
2026-07-01 08:25:15,161740.968750,B8DB8AF16E20,mous,male,C57BL/6,1.1.1,FR1_Approach,0,Status,300,0,6,12,0,0,,,,,Disabled,26.5,37.9,1014.1,16.8,0.029,33.000,254040,344900,251056,6676,3.69,9.22
2026-07-01 08:35:28,162354.453125,B8DB8AF16E20,mous,male,C57BL/6,1.1.1,FR1_Approach,0,Status,300,0,6,12,0,0,,,,,Disabled,26.5,37.9,1014.1,16.8,0.029,35.000,254040,344900,251056,6701,3.68,8.96
2026-07-01 08:45:42,162967.953125,B8DB8AF16E20,mous,male,C57BL/6,1.1.1,FR1_Approach,0,Status,300,0,6,12,0,0,,,,,Disabled,26.5,37.8,1014.2,16.9,0.022,31.000,254040,344900,251056,6726,3.68,8.58
2026-07-01 08:55:55,163581.437500,B8DB8AF16E20,mous,male,C57BL/6,1.1.1,FR1_Approach,0,Status,300,0,6,12,0,0,,,,,Disabled,26.4,37.8,1014.3,16.9,0.022,28.000,254040,344900,251056,6751,3.68,8.34
2026-07-01 08:57:29,163675.265625,B8DB8AF16E20,mous,male,C57BL/6,1.1.1,FR1_Approach,0,PelletDrop,301,0,6,12,0,0,,,,,,,,,,,,,,,,,,,,
2026-07-01 08:57:49,163695.625000,B8DB8AF16E20,mous,male,C57BL/6,1.1.1,FR1_Approach,0,PelletTaken,301,0,6,12,0,0,TimedOut,54.000,0,1,,,,,,,,,,,,,,,,
2026-07-01 08:57:56,163702.640625,B8DB8AF16E20,mous,male,C57BL/6,1.1.1,FR1_Approach,0,PelletDrop,302,0,6,12,0,0,,,,,,,,,,,,,,,,,,,,
2026-07-01 08:58:16,163722.984375,B8DB8AF16E20,mous,male,C57BL/6,1.1.1,FR1_Approach,0,PelletTaken,302,0,6,12,0,0,TimedOut,54.000,0,1,,,,,,,,,,,,,,,,
2026-07-01 08:58:23,163729.968750,B8DB8AF16E20,mous,male,C57BL/6,1.1.1,FR1_Approach,0,PelletDrop,303,0,6,12,0,0,,,,,,,,,,,,,,,,,,,,
2026-07-01 08:58:44,163750.187500,B8DB8AF16E20,mous,male,C57BL/6,1.1.1,FR1_Approach,0,PelletTaken,303,0,6,12,0,0,19.872,54.000,0,1,,,,,,,,,,,,,,,,
2026-07-01 08:58:51,163757.203125,B8DB8AF16E20,mous,male,C57BL/6,1.1.1,FR1_Approach,0,PelletDrop,304,0,6,12,0,0,,,,,,,,,,,,,,,,,,,,
2026-07-01 08:59:11,163777.390625,B8DB8AF16E20,mous,male,C57BL/6,1.1.1,FR1_Approach,0,PelletTaken,304,0,6,12,0,0,19.827,54.000,0,1,,,,,,,,,,,,,,,,
2026-07-01 08:59:18,163784.421875,B8DB8AF16E20,mous,male,C57BL/6,1.1.1,FR1_Approach,0,PelletDrop,305,0,6,12,0,0,,,,,,,,,,,,,,,,,,,,
2026-07-01 08:59:30,163796.609375,B8DB8AF16E20,mous,male,C57BL/6,1.1.1,FR1_Approach,0,PelletTaken,305,0,6,12,0,0,11.840,54.000,0,1,,,,,,,,,,,,,,,,
2026-07-01 08:59:37,163803.625000,B8DB8AF16E20,mous,male,C57BL/6,1.1.1,FR1_Approach,0,PelletDrop,306,0,6,12,0,0,,,,,,,,,,,,,,,,,,,,
2026-07-01 08:59:57,163823.968750,B8DB8AF16E20,mous,male,C57BL/6,1.1.1,FR1_Approach,0,PelletTaken,306,0,6,12,0,0,TimedOut,54.000,0,1,,,,,,,,,,,,,,,,
2026-07-01 09:06:11,164197.734375,B8DB8AF16E20,mous,male,C57BL/6,1.1.1,FR1_Approach,0,Status,306,0,6,12,0,0,,,,,Disabled,26.4,37.9,1014.3,16.9,0.000,10.000,254040,344900,251056,6776,3.68,8.21
2026-07-01 09:16:24,164811.250000,B8DB8AF16E20,mous,male,C57BL/6,1.1.1,FR1_Approach,0,Status,306,0,6,12,0,0,,,,,Disabled,26.4,37.8,1014.3,16.8,0.043,36.000,254040,344900,251056,6801,3.68,8.09
2026-07-01 09:26:38,165424.734375,B8DB8AF16E20,mous,male,C57BL/6,1.1.1,FR1_Approach,0,Status,306,0,6,12,0,0,,,,,Disabled,26.4,37.8,1014.3,16.9,0.047,36.000,254040,344900,251056,6826,3.68,7.96
2026-07-01 09:36:51,166038.218750,B8DB8AF16E20,mous,male,C57BL/6,1.1.1,FR1_Approach,0,Status,306,0,6,12,0,0,,,,,Disabled,26.3,37.8,1014.3,16.9,0.043,32.000,254040,344900,251056,6851,3.67,7.84
2026-07-01 09:47:04,166651.703125,B8DB8AF16E20,mous,male,C57BL/6,1.1.1,FR1_Approach,0,Status,306,0,6,12,0,0,,,,,Disabled,26.3,37.8,1014.3,16.9,0.043,34.000,254040,344900,251056,6876,3.68,7.72
2026-07-01 09:47:39,166686.187500,B8DB8AF16E20,mous,male,C57BL/6,1.1.1,FR1_Approach,0,PelletDrop,307,0,6,12,0,0,,,,,,,,,,,,,,,,,,,,
2026-07-01 09:47:59,166706.531250,B8DB8AF16E20,mous,male,C57BL/6,1.1.1,FR1_Approach,0,PelletTaken,307,0,6,12,0,0,TimedOut,54.000,0,1,,,,,,,,,,,,,,,,
2026-07-01 09:48:17,166724.718750,B8DB8AF16E20,mous,male,C57BL/6,1.1.1,FR1_Approach,0,PelletDrop,308,0,6,12,0,0,,,,,,,,,,,,,,,,,,,,
2026-07-01 09:48:37,166745.062500,B8DB8AF16E20,mous,male,C57BL/6,1.1.1,FR1_Approach,0,PelletTaken,308,0,6,12,0,0,TimedOut,54.000,0,0,,,,,,,,,,,,,,,,
2026-07-01 09:48:44,166752.093750,B8DB8AF16E20,mous,male,C57BL/6,1.1.1,FR1_Approach,0,PelletDrop,309,0,6,12,0,0,,,,,,,,,,,,,,,,,,,,
2026-07-01 09:49:05,166772.437500,B8DB8AF16E20,mous,male,C57BL/6,1.1.1,FR1_Approach,0,PelletTaken,309,0,6,12,0,0,TimedOut,54.000,0,1,,,,,,,,,,,,,,,,
2026-07-01 09:49:17,166785.093750,B8DB8AF16E20,mous,male,C57BL/6,1.1.1,FR1_Approach,0,PelletDrop,310,0,6,12,0,0,,,,,,,,,,,,,,,,,,,,
2026-07-01 09:49:38,166805.453125,B8DB8AF16E20,mous,male,C57BL/6,1.1.1,FR1_Approach,0,PelletTaken,310,0,6,12,0,0,TimedOut,54.000,0,1,,,,,,,,,,,,,,,,
2026-07-01 09:49:45,166812.468750,B8DB8AF16E20,mous,male,C57BL/6,1.1.1,FR1_Approach,0,PelletDrop,311,0,6,12,0,0,,,,,,,,,,,,,,,,,,,,
2026-07-01 09:50:05,166832.812500,B8DB8AF16E20,mous,male,C57BL/6,1.1.1,FR1_Approach,0,PelletTaken,311,0,6,12,0,0,TimedOut,54.000,0,1,,,,,,,,,,,,,,,,
2026-07-01 09:57:08,167255.375000,B8DB8AF16E20,mous,male,C57BL/6,1.1.1,FR1_Approach,0,Status,311,0,6,12,0,0,,,,,Disabled,26.3,37.9,1014.3,16.9,0.036,32.000,254040,344900,251056,6902,3.67,7.60
2026-07-01 10:07:21,167868.859375,B8DB8AF16E20,mous,male,C57BL/6,1.1.1,FR1_Approach,0,Status,311,0,6,12,0,0,,,,,Disabled,26.3,37.9,1014.4,16.8,0.047,34.000,254040,344900,251056,6927,3.67,7.47
2026-07-01 10:17:34,168482.328125,B8DB8AF16E20,mous,male,C57BL/6,1.1.1,FR1_Approach,0,Status,311,0,6,12,0,0,,,,,Disabled,26.3,37.9,1014.4,16.9,0.043,38.000,254040,344900,251056,6952,3.67,7.35
2026-07-01 10:27:47,169095.796875,B8DB8AF16E20,mous,male,C57BL/6,1.1.1,FR1_Approach,0,Status,311,0,6,12,0,0,,,,,Disabled,26.2,37.9,1014.5,16.9,0.043,39.000,254040,344900,251056,6977,3.67,7.23
2026-07-01 10:38:01,169709.328125,B8DB8AF16E20,mous,male,C57BL/6,1.1.1,FR1_Approach,0,Status,311,0,6,12,0,0,,,,,Disabled,26.2,37.9,1014.5,16.9,0.036,36.000,254040,344900,251056,7002,3.67,7.11
2026-07-01 10:40:47,169875.203125,B8DB8AF16E20,mous,male,C57BL/6,1.1.1,FR1_Approach,0,PelletDrop,312,0,6,12,0,0,,,,,,,,,,,,,,,,,,,,
2026-07-01 10:41:07,169895.546875,B8DB8AF16E20,mous,male,C57BL/6,1.1.1,FR1_Approach,0,PelletTaken,312,0,6,12,0,0,TimedOut,54.000,0,1,,,,,,,,,,,,,,,,
2026-07-01 10:41:21,169909.781250,B8DB8AF16E20,mous,male,C57BL/6,1.1.1,FR1_Approach,0,PelletDrop,313,0,6,12,0,0,,,,,,,,,,,,,,,,,,,,
2026-07-01 10:41:38,169926.562500,B8DB8AF16E20,mous,male,C57BL/6,1.1.1,FR1_Approach,0,PelletTaken,313,0,6,12,0,0,16.428,54.000,0,1,,,,,,,,,,,,,,,,
2026-07-01 10:41:45,169933.531250,B8DB8AF16E20,mous,male,C57BL/6,1.1.1,FR1_Approach,0,PelletDrop,314,0,6,12,0,0,,,,,,,,,,,,,,,,,,,,
2026-07-01 10:42:04,169952.765625,B8DB8AF16E20,mous,male,C57BL/6,1.1.1,FR1_Approach,0,PelletTaken,314,0,6,12,0,0,18.859,54.000,0,1,,,,,,,,,,,,,,,,
2026-07-01 10:42:11,169959.781250,B8DB8AF16E20,mous,male,C57BL/6,1.1.1,FR1_Approach,0,PelletDrop,315,0,6,12,0,0,,,,,,,,,,,,,,,,,,,,
2026-07-01 10:42:29,169978.031250,B8DB8AF16E20,mous,male,C57BL/6,1.1.1,FR1_Approach,0,PelletTaken,315,0,6,12,0,0,17.902,54.000,0,1,,,,,,,,,,,,,,,,
2026-07-01 10:42:36,169985.046875,B8DB8AF16E20,mous,male,C57BL/6,1.1.1,FR1_Approach,0,PelletDrop,316,0,6,12,0,0,,,,,,,,,,,,,,,,,,,,
2026-07-01 10:42:57,170005.406250,B8DB8AF16E20,mous,male,C57BL/6,1.1.1,FR1_Approach,0,PelletTaken,316,0,6,12,0,0,TimedOut,54.000,0,1,,,,,,,,,,,,,,,,
2026-07-01 10:48:22,170330.328125,B8DB8AF16E20,mous,male,C57BL/6,1.1.1,FR1_Approach,0,Status,316,0,6,12,0,0,,,,,Disabled,26.2,37.9,1014.6,16.8,0.058,49.000,254040,344900,251056,7028,3.67,6.98
2026-07-01 10:58:35,170943.796875,B8DB8AF16E20,mous,male,C57BL/6,1.1.1,FR1_Approach,0,Status,316,0,6,12,0,0,,,,,Disabled,26.2,38.0,1014.6,16.9,0.065,47.000,254040,344900,251056,7053,3.67,6.98
2026-07-01 11:08:48,171557.281250,B8DB8AF16E20,mous,male,C57BL/6,1.1.1,FR1_Approach,0,Status,316,0,6,12,0,0,,,,,Disabled,26.2,38.2,1014.6,16.8,0.061,44.000,254040,344900,251056,7078,3.67,6.86
2026-07-01 11:10:22,171651.000000,B8DB8AF16E20,mous,male,C57BL/6,1.1.1,FR1_Approach,0,PelletDrop,317,0,6,12,0,0,,,,,,,,,,,,,,,,,,,,
2026-07-01 11:10:33,171662.296875,B8DB8AF16E20,mous,male,C57BL/6,1.1.1,FR1_Approach,0,PelletTaken,317,0,6,12,0,0,10.949,54.000,0,1,,,,,,,,,,,,,,,,
2026-07-01 11:10:40,171669.343750,B8DB8AF16E20,mous,male,C57BL/6,1.1.1,FR1_Approach,0,PelletDrop,318,0,6,12,0,0,,,,,,,,,,,,,,,,,,,,
2026-07-01 11:10:47,171676.062500,B8DB8AF16E20,mous,male,C57BL/6,1.1.1,FR1_Approach,0,PelletTaken,318,0,6,12,0,0,6.374,54.000,0,1,,,,,,,,,,,,,,,,
2026-07-01 11:10:54,171683.031250,B8DB8AF16E20,mous,male,C57BL/6,1.1.1,FR1_Approach,0,PelletDrop,319,0,6,12,0,0,,,,,,,,,,,,,,,,,,,,
2026-07-01 11:11:14,171703.375000,B8DB8AF16E20,mous,male,C57BL/6,1.1.1,FR1_Approach,0,PelletTaken,319,0,6,12,0,0,TimedOut,54.000,0,1,,,,,,,,,,,,,,,,
2026-07-01 11:19:05,172174.781250,B8DB8AF16E20,mous,male,C57BL/6,1.1.1,FR1_Approach,0,Status,319,0,6,12,0,0,,,,,Disabled,26.2,38.4,1014.6,17.0,0.022,26.000,254040,344900,251056,7104,3.66,6.73
2026-07-01 11:27:29,172678.328125,B8DB8AF16E20,mous,male,C57BL/6,1.1.1,FR1_Approach,0,PelletDrop,320,0,6,12,0,0,,,,,,,,,,,,,,,,,,,,
2026-07-01 11:27:39,172688.250000,B8DB8AF16E20,mous,male,C57BL/6,1.1.1,FR1_Approach,0,PelletTaken,320,0,6,12,0,0,9.574,54.000,0,1,,,,,,,,,,,,,,,,
2026-07-01 11:27:46,172695.281250,B8DB8AF16E20,mous,male,C57BL/6,1.1.1,FR1_Approach,0,PelletDrop,321,0,6,12,0,0,,,,,,,,,,,,,,,,,,,,
2026-07-01 11:27:54,172703.562500,B8DB8AF16E20,mous,male,C57BL/6,1.1.1,FR1_Approach,0,PelletTaken,321,0,6,12,0,0,7.935,54.000,0,1,,,,,,,,,,,,,,,,
2026-07-01 11:28:03,172712.796875,B8DB8AF16E20,mous,male,C57BL/6,1.1.1,FR1_Approach,0,PelletDrop,322,0,6,12,0,0,,,,,,,,,,,,,,,,,,,,
2026-07-01 11:28:24,172733.140625,B8DB8AF16E20,mous,male,C57BL/6,1.1.1,FR1_Approach,0,PelletTaken,322,0,6,12,0,0,TimedOut,54.000,0,2,,,,,,,,,,,,,,,,
2026-07-01 11:29:20,172789.515625,B8DB8AF16E20,mous,male,C57BL/6,1.1.1,FR1_Approach,0,Status,322,0,6,12,0,0,,,,,Disabled,26.2,38.5,1014.6,16.8,0.068,44.000,254040,344900,251056,7130,3.67,6.61
2026-07-01 11:39:33,173402.984375,B8DB8AF16E20,mous,male,C57BL/6,1.1.1,FR1_Approach,0,Status,322,0,6,12,0,0,,,,,Disabled,26.2,38.5,1014.6,16.7,0.040,33.000,254040,344900,251056,7155,3.66,6.61
2026-07-01 11:49:29,173999.359375,B8DB8AF16E20,mous,male,C57BL/6,1.1.1,FR1_Approach,0,CenterWithPellet,322,0,6,13,0,0,,,,,,,,,,,,,,,,,,,,
2026-07-01 11:49:53,174022.781250,B8DB8AF16E20,mous,male,C57BL/6,1.1.1,FR1_Approach,0,CenterWithPellet,322,0,7,14,0,0,,,,,,,,,,,,,,,,,,,,
2026-07-01 11:50:07,174037.343750,B8DB8AF16E20,mous,male,C57BL/6,1.1.1,FR1_Approach,0,Status,322,0,7,14,0,0,,,,,Disabled,26.2,38.6,1014.6,16.8,0.043,38.000,254040,344900,251056,7181,3.66,6.49
2026-07-01 12:00:21,174650.859375,B8DB8AF16E20,mous,male,C57BL/6,1.1.1,FR1_Approach,0,Status,322,0,7,14,0,0,,,,,Disabled,26.2,38.5,1014.6,16.7,0.043,35.000,254040,344900,251056,7206,3.67,6.37
2026-07-01 12:10:34,175264.359375,B8DB8AF16E20,mous,male,C57BL/6,1.1.1,FR1_Approach,0,Status,322,0,7,14,0,0,,,,,Disabled,26.2,38.5,1014.6,16.7,0.058,42.000,254040,344900,251056,7231,3.66,6.24
2026-07-01 12:20:47,175877.828125,B8DB8AF16E20,mous,male,C57BL/6,1.1.1,FR1_Approach,0,Status,322,0,7,14,0,0,,,,,Disabled,26.3,38.3,1014.5,16.6,0.058,45.000,254040,344900,251056,7256,3.66,6.24
2026-07-01 12:31:01,176491.328125,B8DB8AF16E20,mous,male,C57BL/6,1.1.1,FR1_Approach,0,Status,322,0,7,14,0,0,,,,,Disabled,26.3,38.1,1014.5,16.6,0.047,34.000,254040,344900,251056,7281,3.66,6.12
2026-07-01 12:41:14,177104.812500,B8DB8AF16E20,mous,male,C57BL/6,1.1.1,FR1_Approach,0,Status,322,0,7,14,0,0,,,,,Disabled,26.4,38.0,1014.5,16.5,0.068,45.000,254040,344900,251056,7306,3.66,6.00
2026-07-01 12:51:27,177718.281250,B8DB8AF16E20,mous,male,C57BL/6,1.1.1,FR1_Approach,0,Status,322,0,7,14,0,0,,,,,Disabled,26.4,38.0,1014.4,16.5,0.043,38.000,254040,344900,251056,7331,3.66,6.00
2026-07-01 13:01:41,178331.781250,B8DB8AF16E20,mous,male,C57BL/6,1.1.1,FR1_Approach,0,Status,322,0,7,14,0,0,,,,,Disabled,26.4,37.9,1014.4,16.5,0.047,39.000,254040,344900,251056,7356,3.66,5.91
2026-07-01 13:11:54,178945.250000,B8DB8AF16E20,mous,male,C57BL/6,1.1.1,FR1_Approach,0,Status,322,0,7,14,0,0,,,,,Disabled,26.5,37.7,1014.3,16.5,0.043,38.000,254040,344900,251056,7381,3.66,5.83
2026-07-01 13:22:07,179558.765625,B8DB8AF16E20,mous,male,C57BL/6,1.1.1,FR1_Approach,0,Status,322,0,7,14,0,0,,,,,Disabled,26.5,37.7,1014.3,16.5,0.050,36.000,254040,344900,251056,7406,3.66,5.74
2026-07-01 13:32:21,180172.265625,B8DB8AF16E20,mous,male,C57BL/6,1.1.1,FR1_Approach,0,Status,322,0,7,14,0,0,,,,,Disabled,26.5,37.6,1014.2,16.5,0.058,40.000,254040,344900,251056,7431,3.65,5.74
2026-07-01 13:42:34,180785.750000,B8DB8AF16E20,mous,male,C57BL/6,1.1.1,FR1_Approach,0,Status,322,0,7,14,0,0,,,,,Disabled,26.5,37.5,1014.1,16.5,0.043,34.000,254040,344900,251056,7456,3.65,5.66
2026-07-01 13:52:47,181399.234375,B8DB8AF16E20,mous,male,C57BL/6,1.1.1,FR1_Approach,0,Status,322,0,7,14,0,0,,,,,Disabled,26.5,37.5,1014.1,16.6,0.050,38.000,254040,344900,251056,7481,3.65,5.57
2026-07-01 13:54:56,181527.984375,B8DB8AF16E20,mous,male,C57BL/6,1.1.1,FR1_Approach,0,PelletDrop,323,0,7,14,0,0,,,,,,,,,,,,,,,,,,,,
2026-07-01 13:55:16,181548.328125,B8DB8AF16E20,mous,male,C57BL/6,1.1.1,FR1_Approach,0,PelletTaken,323,0,7,14,0,0,TimedOut,159.000,0,3,,,,,,,,,,,,,,,,
2026-07-01 13:56:03,181595.046875,B8DB8AF16E20,mous,male,C57BL/6,1.1.1,FR1_Approach,0,PelletDrop,324,0,7,14,0,0,,,,,,,,,,,,,,,,,,,,
2026-07-01 13:56:23,181615.406250,B8DB8AF16E20,mous,male,C57BL/6,1.1.1,FR1_Approach,0,PelletTaken,324,0,7,14,0,0,TimedOut,159.000,0,1,,,,,,,,,,,,,,,,
2026-07-01 14:03:06,182018.093750,B8DB8AF16E20,mous,male,C57BL/6,1.1.1,FR1_Approach,0,Status,324,0,7,14,0,0,,,,,Disabled,26.6,37.4,1014.0,16.5,0.050,38.000,254040,344900,251056,7507,3.65,5.57
2026-07-01 14:13:19,182631.578125,B8DB8AF16E20,mous,male,C57BL/6,1.1.1,FR1_Approach,0,Status,324,0,7,14,0,0,,,,,Disabled,26.6,37.3,1013.9,16.5,0.050,36.000,254040,344900,251056,7532,3.65,5.49
2026-07-01 14:23:32,183245.062500,B8DB8AF16E20,mous,male,C57BL/6,1.1.1,FR1_Approach,0,Status,324,0,7,14,0,0,,,,,Disabled,26.6,37.4,1013.8,16.5,0.018,20.000,254040,344900,251056,7557,3.65,5.49
2026-07-01 14:33:46,183858.562500,B8DB8AF16E20,mous,male,C57BL/6,1.1.1,FR1_Approach,0,Status,324,0,7,14,0,0,,,,,Disabled,26.6,37.4,1013.7,16.5,0.032,29.000,254040,344900,251056,7582,3.65,5.40
2026-07-01 14:38:37,184150.187500,B8DB8AF16E20,mous,male,C57BL/6,1.1.1,FR1_Approach,0,PelletDrop,325,0,7,14,0,0,,,,,,,,,,,,,,,,,,,,
2026-07-01 14:38:58,184170.531250,B8DB8AF16E20,mous,male,C57BL/6,1.1.1,FR1_Approach,0,PelletTaken,325,0,7,14,0,0,TimedOut,159.000,0,2,,,,,,,,,,,,,,,,
2026-07-01 14:39:13,184185.859375,B8DB8AF16E20,mous,male,C57BL/6,1.1.1,FR1_Approach,0,PelletDrop,326,0,7,14,0,0,,,,,,,,,,,,,,,,,,,,
2026-07-01 14:39:33,184206.203125,B8DB8AF16E20,mous,male,C57BL/6,1.1.1,FR1_Approach,0,PelletTaken,326,0,7,14,0,0,TimedOut,159.000,0,2,,,,,,,,,,,,,,,,
2026-07-01 14:39:43,184215.453125,B8DB8AF16E20,mous,male,C57BL/6,1.1.1,FR1_Approach,0,PelletDrop,327,0,7,14,0,0,,,,,,,,,,,,,,,,,,,,
2026-07-01 14:40:03,184235.796875,B8DB8AF16E20,mous,male,C57BL/6,1.1.1,FR1_Approach,0,PelletTaken,327,0,7,14,0,0,TimedOut,159.000,0,2,,,,,,,,,,,,,,,,
2026-07-01 14:43:50,184463.093750,B8DB8AF16E20,mous,male,C57BL/6,1.1.1,FR1_Approach,0,Status,327,0,7,14,0,0,,,,,Disabled,26.6,37.4,1013.7,16.5,0.047,34.000,254040,344900,251056,7607,3.65,5.23
2026-07-01 14:54:03,185076.593750,B8DB8AF16E20,mous,male,C57BL/6,1.1.1,FR1_Approach,0,Status,327,0,7,14,0,0,,,,,Disabled,26.6,37.4,1013.6,16.6,0.007,19.000,254040,344900,251056,7632,3.65,5.23
2026-07-01 15:04:17,185690.062500,B8DB8AF16E20,mous,male,C57BL/6,1.1.1,FR1_Approach,0,Status,327,0,7,14,0,0,,,,,Disabled,26.6,37.5,1013.6,16.5,0.000,0.000,254040,344900,251056,7657,3.65,5.23
2026-07-01 15:13:16,186229.796875,B8DB8AF16E20,mous,male,C57BL/6,1.1.1,FR1_Approach,0,PelletDrop,328,0,7,14,0,0,,,,,,,,,,,,,,,,,,,,
2026-07-01 15:13:35,186248.156250,B8DB8AF16E20,mous,male,C57BL/6,1.1.1,FR1_Approach,0,PelletTaken,328,0,7,14,0,0,17.989,159.000,0,1,,,,,,,,,,,,,,,,
2026-07-01 15:13:42,186255.171875,B8DB8AF16E20,mous,male,C57BL/6,1.1.1,FR1_Approach,0,PelletDrop,329,0,7,14,0,0,,,,,,,,,,,,,,,,,,,,
2026-07-01 15:14:02,186275.515625,B8DB8AF16E20,mous,male,C57BL/6,1.1.1,FR1_Approach,0,PelletTaken,329,0,7,14,0,0,TimedOut,159.000,0,1,,,,,,,,,,,,,,,,
2026-07-01 15:14:09,186282.531250,B8DB8AF16E20,mous,male,C57BL/6,1.1.1,FR1_Approach,0,PelletDrop,330,0,7,14,0,0,,,,,,,,,,,,,,,,,,,,
2026-07-01 15:14:26,186299.453125,B8DB8AF16E20,mous,male,C57BL/6,1.1.1,FR1_Approach,0,PelletTaken,330,0,7,14,0,0,16.559,159.000,0,1,,,,,,,,,,,,,,,,
2026-07-01 15:14:33,186306.984375,B8DB8AF16E20,mous,male,C57BL/6,1.1.1,FR1_Approach,0,Status,330,0,7,14,0,0,,,,,Disabled,26.6,37.7,1013.5,16.4,0.000,6.000,254040,344900,251056,7682,3.64,4.98
2026-07-01 15:14:36,186310.031250,B8DB8AF16E20,mous,male,C57BL/6,1.1.1,FR1_Approach,0,PelletDrop,331,0,7,14,0,0,,,,,,,,,,,,,,,,,,,,
2026-07-01 15:14:49,186322.765625,B8DB8AF16E20,mous,male,C57BL/6,1.1.1,FR1_Approach,0,PelletTaken,331,0,7,14,0,0,12.369,159.000,0,1,,,,,,,,,,,,,,,,
2026-07-01 15:24:43,186916.234375,B8DB8AF16E20,mous,male,C57BL/6,1.1.1,FR1_Approach,0,Status,331,0,7,14,0,0,,,,,Disabled,26.6,37.7,1013.5,16.4,0.043,36.000,254040,344900,251056,7707,3.65,4.98
2026-07-01 15:34:56,187529.718750,B8DB8AF16E20,mous,male,C57BL/6,1.1.1,FR1_Approach,0,Status,331,0,7,14,0,0,,,,,Disabled,26.6,37.6,1013.4,16.4,0.014,20.000,254040,344900,251056,7732,3.64,5.06
2026-07-01 15:45:09,188143.203125,B8DB8AF16E20,mous,male,C57BL/6,1.1.1,FR1_Approach,0,Status,331,0,7,14,0,0,,,,,Disabled,26.6,37.5,1013.4,16.5,0.054,38.000,254040,344900,251056,7757,3.64,5.06
2026-07-01 15:55:22,188756.687500,B8DB8AF16E20,mous,male,C57BL/6,1.1.1,FR1_Approach,0,Status,331,0,7,14,0,0,,,,,Disabled,26.6,37.4,1013.3,16.6,0.043,34.000,254040,344900,251056,7782,3.64,4.98
2026-07-01 16:05:36,189370.203125,B8DB8AF16E20,mous,male,C57BL/6,1.1.1,FR1_Approach,0,Status,331,0,7,14,0,0,,,,,Disabled,26.6,37.4,1013.3,16.5,0.043,37.000,254040,344900,251056,7807,3.64,4.89
2026-07-01 16:15:49,189983.703125,B8DB8AF16E20,mous,male,C57BL/6,1.1.1,FR1_Approach,0,Status,331,0,7,14,0,0,,,,,Disabled,26.6,37.4,1013.2,16.6,0.029,28.000,254040,344900,251056,7832,3.64,4.89
2026-07-01 16:16:14,190008.703125,B8DB8AF16E20,mous,male,C57BL/6,1.1.1,FR1_Approach,0,PelletDrop,332,0,7,14,0,0,,,,,,,,,,,,,,,,,,,,
2026-07-01 16:16:15,190009.640625,B8DB8AF16E20,mous,male,C57BL/6,1.1.1,FR1_Approach,0,PelletNotDetected,332,0,7,14,0,0,,,,,,,,,,,,,,,,,,,,
2026-07-01 16:16:22,190016.437500,B8DB8AF16E20,mous,male,C57BL/6,1.1.1,FR1_Approach,0,PelletDrop,333,0,7,14,0,0,,,,,,,,,,,,,,,,,,,,
2026-07-01 16:16:42,190036.781250,B8DB8AF16E20,mous,male,C57BL/6,1.1.1,FR1_Approach,0,PelletTaken,333,0,7,14,0,0,TimedOut,159.000,0,1,,,,,,,,,,,,,,,,
2026-07-01 16:26:11,190605.828125,B8DB8AF16E20,mous,male,C57BL/6,1.1.1,FR1_Approach,0,Status,333,0,7,14,0,0,,,,,Disabled,26.6,37.3,1013.1,16.5,0.036,34.000,254040,344900,251056,7858,3.65,4.81
2026-07-01 16:32:04,190959.265625,B8DB8AF16E20,mous,male,C57BL/6,1.1.1,FR1_Approach,0,PelletDrop,334,0,7,14,0,0,,,,,,,,,,,,,,,,,,,,
2026-07-01 16:32:25,190979.609375,B8DB8AF16E20,mous,male,C57BL/6,1.1.1,FR1_Approach,0,PelletTaken,334,0,7,14,0,0,TimedOut,159.000,0,1,,,,,,,,,,,,,,,,
2026-07-01 16:32:40,190994.593750,B8DB8AF16E20,mous,male,C57BL/6,1.1.1,FR1_Approach,0,PelletDrop,335,0,7,14,0,0,,,,,,,,,,,,,,,,,,,,
2026-07-01 16:33:00,191014.937500,B8DB8AF16E20,mous,male,C57BL/6,1.1.1,FR1_Approach,0,PelletTaken,335,0,7,14,0,0,TimedOut,159.000,0,1,,,,,,,,,,,,,,,,
2026-07-01 16:33:07,191021.984375,B8DB8AF16E20,mous,male,C57BL/6,1.1.1,FR1_Approach,0,PelletDrop,336,0,7,14,0,0,,,,,,,,,,,,,,,,,,,,
2026-07-01 16:33:27,191042.328125,B8DB8AF16E20,mous,male,C57BL/6,1.1.1,FR1_Approach,0,PelletTaken,336,0,7,14,0,0,TimedOut,159.000,0,1,,,,,,,,,,,,,,,,
2026-07-01 16:36:26,191220.750000,B8DB8AF16E20,mous,male,C57BL/6,1.1.1,FR1_Approach,0,Status,336,0,7,14,0,0,,,,,Disabled,26.5,37.3,1013.0,16.5,0.036,36.000,254040,344900,251056,7884,3.64,4.81
2026-07-01 16:46:39,191834.250000,B8DB8AF16E20,mous,male,C57BL/6,1.1.1,FR1_Approach,0,Status,336,0,7,14,0,0,,,,,Disabled,26.5,37.2,1013.0,16.5,0.043,41.000,254040,344900,251056,7909,3.64,4.72
2026-07-01 16:52:23,192178.609375,B8DB8AF16E20,mous,male,C57BL/6,1.1.1,FR1_Approach,0,PelletDrop,337,0,7,14,0,0,,,,,,,,,,,,,,,,,,,,
2026-07-01 16:52:44,192198.953125,B8DB8AF16E20,mous,male,C57BL/6,1.1.1,FR1_Approach,0,PelletTaken,337,0,7,14,0,0,TimedOut,159.000,0,1,,,,,,,,,,,,,,,,
2026-07-01 16:56:55,192450.640625,B8DB8AF16E20,mous,male,C57BL/6,1.1.1,FR1_Approach,0,Status,337,0,7,14,0,0,,,,,Disabled,26.5,37.3,1012.9,16.6,0.029,29.000,254040,344900,251056,7934,3.64,4.72
2026-07-01 17:02:47,192802.703125,B8DB8AF16E20,mous,male,C57BL/6,1.1.1,FR1_Approach,0,PelletDrop,338,0,7,14,0,0,,,,,,,,,,,,,,,,,,,,
2026-07-01 17:03:08,192823.062500,B8DB8AF16E20,mous,male,C57BL/6,1.1.1,FR1_Approach,0,PelletTaken,338,0,7,14,0,0,TimedOut,159.000,0,1,,,,,,,,,,,,,,,,
2026-07-01 17:07:19,193074.750000,B8DB8AF16E20,mous,male,C57BL/6,1.1.1,FR1_Approach,0,Status,338,0,7,14,0,0,,,,,Disabled,26.5,37.4,1012.9,16.4,0.086,60.000,254040,344900,251056,7960,3.64,4.64
2026-07-01 17:16:36,193631.984375,B8DB8AF16E20,mous,male,C57BL/6,1.1.1,FR1_Approach,0,PelletDrop,339,0,7,14,0,0,,,,,,,,,,,,,,,,,,,,
2026-07-01 17:16:38,193634.250000,B8DB8AF16E20,mous,male,C57BL/6,1.1.1,FR1_Approach,0,PelletTaken,339,0,7,14,0,0,1.918,159.000,0,1,,,,,,,,,,,,,,,,
2026-07-01 17:16:45,193641.265625,B8DB8AF16E20,mous,male,C57BL/6,1.1.1,FR1_Approach,0,PelletDrop,340,0,7,14,0,0,,,,,,,,,,,,,,,,,,,,
2026-07-01 17:17:06,193661.640625,B8DB8AF16E20,mous,male,C57BL/6,1.1.1,FR1_Approach,0,PelletTaken,340,0,7,14,0,0,TimedOut,159.000,0,1,,,,,,,,,,,,,,,,
2026-07-01 17:17:32,193688.000000,B8DB8AF16E20,mous,male,C57BL/6,1.1.1,FR1_Approach,0,Status,340,0,7,14,0,0,,,,,Disabled,26.5,37.7,1012.9,16.5,0.083,51.000,254040,344900,251056,7986,3.64,4.64
2026-07-01 17:17:35,193690.609375,B8DB8AF16E20,mous,male,C57BL/6,1.1.1,FR1_Approach,0,PelletDrop,341,0,7,14,0,0,,,,,,,,,,,,,,,,,,,,
2026-07-01 17:17:55,193710.968750,B8DB8AF16E20,mous,male,C57BL/6,1.1.1,FR1_Approach,0,PelletTaken,341,0,7,14,0,0,TimedOut,159.000,0,1,,,,,,,,,,,,,,,,
2026-07-01 17:27:48,194304.484375,B8DB8AF16E20,mous,male,C57BL/6,1.1.1,FR1_Approach,0,Status,341,0,7,14,0,0,,,,,Disabled,26.4,37.9,1012.8,16.5,0.000,14.000,254040,344900,251056,8011,3.63,4.55
2026-07-01 17:38:02,194917.968750,B8DB8AF16E20,mous,male,C57BL/6,1.1.1,FR1_Approach,0,Status,341,0,7,14,0,0,,,,,Disabled,26.4,37.9,1012.8,16.4,0.014,22.000,254040,344900,251056,8036,3.64,4.55
2026-07-01 17:38:42,194958.484375,B8DB8AF16E20,mous,male,C57BL/6,1.1.1,FR1_Approach,0,PelletDrop,342,0,7,14,0,0,,,,,,,,,,,,,,,,,,,,
2026-07-01 17:39:01,194977.359375,B8DB8AF16E20,mous,male,C57BL/6,1.1.1,FR1_Approach,0,PelletTaken,342,0,7,14,0,0,18.528,159.000,0,1,,,,,,,,,,,,,,,,
2026-07-01 17:39:08,194984.375000,B8DB8AF16E20,mous,male,C57BL/6,1.1.1,FR1_Approach,0,PelletDrop,343,0,7,14,0,0,,,,,,,,,,,,,,,,,,,,
2026-07-01 17:39:18,194993.750000,B8DB8AF16E20,mous,male,C57BL/6,1.1.1,FR1_Approach,0,PelletTaken,343,0,7,14,0,0,9.024,159.000,0,1,,,,,,,,,,,,,,,,
2026-07-01 17:39:25,195000.734375,B8DB8AF16E20,mous,male,C57BL/6,1.1.1,FR1_Approach,0,PelletDrop,344,0,7,14,0,0,,,,,,,,,,,,,,,,,,,,
2026-07-01 17:39:38,195014.656250,B8DB8AF16E20,mous,male,C57BL/6,1.1.1,FR1_Approach,0,PelletTaken,344,0,7,14,0,0,13.567,159.000,0,1,,,,,,,,,,,,,,,,
2026-07-01 17:39:45,195021.671875,B8DB8AF16E20,mous,male,C57BL/6,1.1.1,FR1_Approach,0,PelletDrop,345,0,7,14,0,0,,,,,,,,,,,,,,,,,,,,
2026-07-01 17:40:06,195042.031250,B8DB8AF16E20,mous,male,C57BL/6,1.1.1,FR1_Approach,0,PelletTaken,345,0,7,14,0,0,TimedOut,159.000,0,1,,,,,,,,,,,,,,,,
2026-07-01 17:48:21,195537.843750,B8DB8AF16E20,mous,male,C57BL/6,1.1.1,FR1_Approach,0,Status,345,0,7,14,0,0,,,,,Disabled,26.4,37.8,1012.7,16.4,0.000,10.000,254040,344900,251056,8062,3.64,4.47
2026-07-01 17:56:51,196047.921875,B8DB8AF16E20,mous,male,C57BL/6,1.1.1,FR1_Approach,0,PelletDrop,346,0,7,14,0,0,,,,,,,,,,,,,,,,,,,,
2026-07-01 17:57:11,196067.390625,B8DB8AF16E20,mous,male,C57BL/6,1.1.1,FR1_Approach,0,PelletTaken,346,0,7,14,0,0,19.112,159.000,0,1,,,,,,,,,,,,,,,,
2026-07-01 17:57:18,196074.406250,B8DB8AF16E20,mous,male,C57BL/6,1.1.1,FR1_Approach,0,PelletDrop,347,0,7,14,0,0,,,,,,,,,,,,,,,,,,,,
2026-07-01 17:57:30,196086.578125,B8DB8AF16E20,mous,male,C57BL/6,1.1.1,FR1_Approach,0,PelletTaken,347,0,7,14,0,0,11.818,159.000,0,1,,,,,,,,,,,,,,,,
2026-07-01 17:57:37,196093.593750,B8DB8AF16E20,mous,male,C57BL/6,1.1.1,FR1_Approach,0,PelletDrop,348,0,7,14,0,0,,,,,,,,,,,,,,,,,,,,
2026-07-01 17:57:49,196105.968750,B8DB8AF16E20,mous,male,C57BL/6,1.1.1,FR1_Approach,0,PelletTaken,348,0,7,14,0,0,12.006,159.000,0,1,,,,,,,,,,,,,,,,
2026-07-01 17:57:56,196113.000000,B8DB8AF16E20,mous,male,C57BL/6,1.1.1,FR1_Approach,0,PelletDrop,349,0,7,14,0,0,,,,,,,,,,,,,,,,,,,,
2026-07-01 17:58:17,196133.343750,B8DB8AF16E20,mous,male,C57BL/6,1.1.1,FR1_Approach,0,PelletTaken,349,0,7,14,0,0,TimedOut,159.000,0,1,,,,,,,,,,,,,,,,
2026-07-01 17:58:24,196140.875000,B8DB8AF16E20,mous,male,C57BL/6,1.1.1,FR1_Approach,0,Status,349,0,7,14,0,0,,,,,Disabled,26.4,37.8,1012.7,16.4,0.000,0.000,254040,344900,251056,8087,3.63,4.47
2026-07-01 18:08:38,196754.359375,B8DB8AF16E20,mous,male,C57BL/6,1.1.1,FR1_Approach,0,Status,349,0,7,14,0,0,,,,,Disabled,26.4,37.7,1012.6,16.5,0.000,0.000,254040,344900,251056,8112,3.64,4.38
2026-07-01 18:18:51,197367.843750,B8DB8AF16E20,mous,male,C57BL/6,1.1.1,FR1_Approach,0,Status,349,0,7,14,0,0,,,,,Disabled,26.4,38.1,1012.5,16.4,0.000,0.000,254040,344900,251056,8137,3.63,4.38
2026-07-01 18:29:04,197981.343750,B8DB8AF16E20,mous,male,C57BL/6,1.1.1,FR1_Approach,0,Status,349,0,7,14,0,0,,,,,Disabled,26.3,38.7,1012.5,16.6,0.000,0.000,254040,344900,251056,8162,3.64,4.30
2026-07-01 18:31:08,198105.031250,B8DB8AF16E20,mous,male,C57BL/6,1.1.1,FR1_Approach,0,PelletDrop,350,0,7,14,0,0,,,,,,,,,,,,,,,,,,,,
2026-07-01 18:31:10,198106.968750,B8DB8AF16E20,mous,male,C57BL/6,1.1.1,FR1_Approach,0,PelletTaken,350,0,7,14,0,0,1.601,159.000,0,1,,,,,,,,,,,,,,,,
2026-07-01 18:31:17,198114.015625,B8DB8AF16E20,mous,male,C57BL/6,1.1.1,FR1_Approach,0,PelletDrop,351,0,7,14,0,0,,,,,,,,,,,,,,,,,,,,
2026-07-01 18:31:37,198134.359375,B8DB8AF16E20,mous,male,C57BL/6,1.1.1,FR1_Approach,0,PelletTaken,351,0,7,14,0,0,TimedOut,159.000,0,1,,,,,,,,,,,,,,,,
2026-07-01 18:39:04,198581.343750,B8DB8AF16E20,mous,male,C57BL/6,1.1.1,FR1_Approach,0,Status,351,0,7,14,0,0,,,,,Disabled,26.3,39.0,1012.4,16.8,0.000,0.000,254040,344900,251056,8187,3.63,4.21
2026-07-01 18:46:50,199047.859375,B8DB8AF16E20,mous,male,C57BL/6,1.1.1,FR1_Approach,0,PelletDrop,352,0,7,14,0,0,,,,,,,,,,,,,,,,,,,,
2026-07-01 18:46:56,199053.656250,B8DB8AF16E20,mous,male,C57BL/6,1.1.1,FR1_Approach,0,PelletTaken,352,0,7,14,0,0,5.438,159.000,0,1,,,,,,,,,,,,,,,,
2026-07-01 18:47:03,199060.687500,B8DB8AF16E20,mous,male,C57BL/6,1.1.1,FR1_Approach,0,PelletDrop,353,0,7,14,0,0,,,,,,,,,,,,,,,,,,,,
2026-07-01 18:47:24,199081.031250,B8DB8AF16E20,mous,male,C57BL/6,1.1.1,FR1_Approach,0,PelletTaken,353,0,7,14,0,0,TimedOut,159.000,0,1,,,,,,,,,,,,,,,,
2026-07-01 18:49:09,199186.218750,B8DB8AF16E20,mous,male,C57BL/6,1.1.1,FR1_Approach,0,Status,353,0,7,14,0,0,,,,,Disabled,26.2,39.1,1012.4,16.7,0.000,0.000,254040,344900,251056,8212,3.63,4.21
2026-07-01 18:59:22,199799.718750,B8DB8AF16E20,mous,male,C57BL/6,1.1.1,FR1_Approach,0,Status,353,0,7,14,0,0,,,,,Disabled,26.2,39.2,1012.5,16.5,0.000,0.000,254040,344900,251056,8237,3.63,4.21
2026-07-01 19:02:46,200003.906250,B8DB8AF16E20,mous,male,C57BL/6,1.1.1,FR1_Approach,0,PelletDrop,354,0,7,14,0,0,,,,,,,,,,,,,,,,,,,,
2026-07-01 19:03:06,200024.265625,B8DB8AF16E20,mous,male,C57BL/6,1.1.1,FR1_Approach,0,PelletTaken,354,0,7,14,0,0,TimedOut,159.000,0,1,,,,,,,,,,,,,,,,
2026-07-01 19:03:13,200031.281250,B8DB8AF16E20,mous,male,C57BL/6,1.1.1,FR1_Approach,0,PelletDrop,355,0,7,14,0,0,,,,,,,,,,,,,,,,,,,,
2026-07-01 19:03:34,200051.625000,B8DB8AF16E20,mous,male,C57BL/6,1.1.1,FR1_Approach,0,PelletTaken,355,0,7,14,0,0,TimedOut,159.000,0,1,,,,,,,,,,,,,,,,
2026-07-01 19:03:45,200063.296875,B8DB8AF16E20,mous,male,C57BL/6,1.1.1,FR1_Approach,0,PelletDrop,356,0,7,14,0,0,,,,,,,,,,,,,,,,,,,,
2026-07-01 19:04:06,200083.718750,B8DB8AF16E20,mous,male,C57BL/6,1.1.1,FR1_Approach,0,PelletTaken,356,0,7,14,0,0,TimedOut,159.000,0,1,,,,,,,,,,,,,,,,
2026-07-01 19:09:31,200408.625000,B8DB8AF16E20,mous,male,C57BL/6,1.1.1,FR1_Approach,0,Status,356,0,7,14,0,0,,,,,Disabled,26.2,39.1,1012.5,16.8,0.000,0.000,254040,344900,251056,8263,3.63,4.13
2026-07-01 19:10:14,200451.718750,B8DB8AF16E20,mous,male,C57BL/6,1.1.1,FR1_Approach,0,PelletDrop,357,0,7,14,0,0,,,,,,,,,,,,,,,,,,,,
2026-07-01 19:10:16,200453.609375,B8DB8AF16E20,mous,male,C57BL/6,1.1.1,FR1_Approach,0,PelletTaken,357,0,7,14,0,0,1.523,159.000,0,1,,,,,,,,,,,,,,,,
2026-07-01 19:10:23,200460.625000,B8DB8AF16E20,mous,male,C57BL/6,1.1.1,FR1_Approach,0,PelletDrop,358,0,7,14,0,0,,,,,,,,,,,,,,,,,,,,
2026-07-01 19:10:43,200480.968750,B8DB8AF16E20,mous,male,C57BL/6,1.1.1,FR1_Approach,0,PelletTaken,358,0,7,14,0,0,TimedOut,159.000,0,1,,,,,,,,,,,,,,,,
2026-07-01 19:15:53,200791.140625,B8DB8AF16E20,mous,male,C57BL/6,1.1.1,FR1_Approach,0,PelletDrop,359,0,7,14,0,0,,,,,,,,,,,,,,,,,,,,
2026-07-01 19:15:59,200796.781250,B8DB8AF16E20,mous,male,C57BL/6,1.1.1,FR1_Approach,0,PelletTaken,359,0,7,14,0,0,5.274,159.000,0,1,,,,,,,,,,,,,,,,
2026-07-01 19:16:06,200803.796875,B8DB8AF16E20,mous,male,C57BL/6,1.1.1,FR1_Approach,0,PelletDrop,360,0,7,14,0,0,,,,,,,,,,,,,,,,,,,,
2026-07-01 19:16:26,200824.140625,B8DB8AF16E20,mous,male,C57BL/6,1.1.1,FR1_Approach,0,PelletTaken,360,0,7,14,0,0,TimedOut,159.000,0,1,,,,,,,,,,,,,,,,
2026-07-01 19:16:41,200839.375000,B8DB8AF16E20,mous,male,C57BL/6,1.1.1,FR1_Approach,0,PelletDrop,361,0,7,14,0,0,,,,,,,,,,,,,,,,,,,,
2026-07-01 19:17:02,200859.718750,B8DB8AF16E20,mous,male,C57BL/6,1.1.1,FR1_Approach,0,PelletTaken,361,0,7,14,0,0,TimedOut,159.000,0,1,,,,,,,,,,,,,,,,
2026-07-01 19:19:36,201013.734375,B8DB8AF16E20,mous,male,C57BL/6,1.1.1,FR1_Approach,0,Status,361,0,7,14,0,0,,,,,Disabled,26.2,39.2,1012.5,16.8,0.000,0.000,254040,344900,251056,8290,3.63,4.13
2026-07-01 19:29:49,201627.218750,B8DB8AF16E20,mous,male,C57BL/6,1.1.1,FR1_Approach,0,Status,361,0,7,14,0,0,,,,,Disabled,26.2,39.1,1012.5,16.6,0.000,0.000,254040,344900,251056,8315,3.63,4.04
2026-07-01 19:36:45,202043.437500,B8DB8AF16E20,mous,male,C57BL/6,1.1.1,FR1_Approach,0,PelletDrop,362,0,7,14,0,0,,,,,,,,,,,,,,,,,,,,
2026-07-01 19:36:54,202052.546875,B8DB8AF16E20,mous,male,C57BL/6,1.1.1,FR1_Approach,0,PelletTaken,362,0,7,14,0,0,8.761,159.000,0,1,,,,,,,,,,,,,,,,
2026-07-01 19:37:01,202059.562500,B8DB8AF16E20,mous,male,C57BL/6,1.1.1,FR1_Approach,0,PelletDrop,363,0,7,14,0,0,,,,,,,,,,,,,,,,,,,,
2026-07-01 19:37:07,202065.843750,B8DB8AF16E20,mous,male,C57BL/6,1.1.1,FR1_Approach,0,PelletTaken,363,0,7,14,0,0,5.901,159.000,0,1,,,,,,,,,,,,,,,,
2026-07-01 19:37:14,202072.859375,B8DB8AF16E20,mous,male,C57BL/6,1.1.1,FR1_Approach,0,PelletDrop,364,0,7,14,0,0,,,,,,,,,,,,,,,,,,,,
2026-07-01 19:37:21,202079.765625,B8DB8AF16E20,mous,male,C57BL/6,1.1.1,FR1_Approach,0,PelletTaken,364,0,7,14,0,0,6.561,159.000,0,1,,,,,,,,,,,,,,,,
2026-07-01 19:37:28,202086.734375,B8DB8AF16E20,mous,male,C57BL/6,1.1.1,FR1_Approach,0,PelletDrop,365,0,7,14,0,0,,,,,,,,,,,,,,,,,,,,
2026-07-01 19:37:49,202107.093750,B8DB8AF16E20,mous,male,C57BL/6,1.1.1,FR1_Approach,0,PelletTaken,365,0,7,14,0,0,TimedOut,159.000,0,1,,,,,,,,,,,,,,,,
2026-07-01 19:39:58,202236.687500,B8DB8AF16E20,mous,male,C57BL/6,1.1.1,FR1_Approach,0,Status,365,0,7,14,0,0,,,,,Disabled,26.2,39.1,1012.5,16.5,0.000,0.000,254040,344900,251056,8341,3.63,3.96
2026-07-01 19:50:11,202850.171875,B8DB8AF16E20,mous,male,C57BL/6,1.1.1,FR1_Approach,0,Status,365,0,7,14,0,0,,,,,Disabled,26.2,39.2,1012.5,16.5,0.000,0.000,254040,344900,251056,8366,3.63,3.96
2026-07-01 19:54:00,203078.593750,B8DB8AF16E20,mous,male,C57BL/6,1.1.1,FR1_Approach,0,PelletDrop,366,0,7,14,0,0,,,,,,,,,,,,,,,,,,,,
2026-07-01 19:54:20,203098.937500,B8DB8AF16E20,mous,male,C57BL/6,1.1.1,FR1_Approach,0,PelletTaken,366,0,7,14,0,0,TimedOut,159.000,0,1,,,,,,,,,,,,,,,,
2026-07-01 20:00:34,203472.687500,B8DB8AF16E20,mous,male,C57BL/6,1.1.1,FR1_Approach,0,Status,366,0,7,14,0,0,,,,,Disabled,26.2,39.1,1012.5,16.5,0.000,0.000,254040,344900,251056,8392,3.63,3.87
2026-07-01 20:03:09,203628.421875,B8DB8AF16E20,mous,male,C57BL/6,1.1.1,FR1_Approach,0,PelletDrop,367,0,7,14,0,0,,,,,,,,,,,,,,,,,,,,
2026-07-01 20:03:26,203644.734375,B8DB8AF16E20,mous,male,C57BL/6,1.1.1,FR1_Approach,0,PelletTaken,367,0,7,14,0,0,15.955,159.000,0,1,,,,,,,,,,,,,,,,
2026-07-01 20:03:33,203651.750000,B8DB8AF16E20,mous,male,C57BL/6,1.1.1,FR1_Approach,0,PelletDrop,368,0,7,14,0,0,,,,,,,,,,,,,,,,,,,,
2026-07-01 20:03:51,203670.437500,B8DB8AF16E20,mous,male,C57BL/6,1.1.1,FR1_Approach,0,PelletTaken,368,0,7,14,0,0,18.320,159.000,0,1,,,,,,,,,,,,,,,,
2026-07-01 20:03:58,203677.437500,B8DB8AF16E20,mous,male,C57BL/6,1.1.1,FR1_Approach,0,PelletDrop,369,0,7,14,0,0,,,,,,,,,,,,,,,,,,,,
2026-07-01 20:04:19,203697.781250,B8DB8AF16E20,mous,male,C57BL/6,1.1.1,FR1_Approach,0,PelletTaken,369,0,7,14,0,0,TimedOut,159.000,0,1,,,,,,,,,,,,,,,,
2026-07-01 20:10:57,204095.937500,B8DB8AF16E20,mous,male,C57BL/6,1.1.1,FR1_Approach,0,Status,369,0,7,14,0,0,,,,,Disabled,26.2,39.1,1012.5,16.4,0.000,0.000,254040,344900,251056,8418,3.63,3.87
2026-07-01 20:14:55,204334.000000,B8DB8AF16E20,mous,male,C57BL/6,1.1.1,FR1_Approach,0,PelletDrop,370,0,7,14,0,0,,,,,,,,,,,,,,,,,,,,
2026-07-01 20:15:15,204354.343750,B8DB8AF16E20,mous,male,C57BL/6,1.1.1,FR1_Approach,0,PelletTaken,370,0,7,14,0,0,TimedOut,159.000,0,1,,,,,,,,,,,,,,,,
2026-07-01 20:15:34,204372.859375,B8DB8AF16E20,mous,male,C57BL/6,1.1.1,FR1_Approach,0,PelletDrop,371,0,7,14,0,0,,,,,,,,,,,,,,,,,,,,
2026-07-01 20:15:54,204393.218750,B8DB8AF16E20,mous,male,C57BL/6,1.1.1,FR1_Approach,0,PelletTaken,371,0,7,14,0,0,TimedOut,159.000,0,1,,,,,,,,,,,,,,,,
2026-07-01 20:19:27,204606.062500,B8DB8AF16E20,mous,male,C57BL/6,1.1.1,FR1_Approach,0,PelletDrop,372,0,7,14,0,0,,,,,,,,,,,,,,,,,,,,
2026-07-01 20:19:47,204626.406250,B8DB8AF16E20,mous,male,C57BL/6,1.1.1,FR1_Approach,0,PelletTaken,372,0,7,14,0,0,TimedOut,159.000,0,1,,,,,,,,,,,,,,,,
2026-07-01 20:21:08,204707.171875,B8DB8AF16E20,mous,male,C57BL/6,1.1.1,FR1_Approach,0,Status,372,0,7,14,0,0,,,,,Disabled,26.2,39.2,1012.5,16.5,0.000,0.000,254040,344900,251056,8444,3.63,3.87
2026-07-01 20:28:26,205145.734375,B8DB8AF16E20,mous,male,C57BL/6,1.1.1,FR1_Approach,0,PelletDrop,373,0,7,14,0,0,,,,,,,,,,,,,,,,,,,,
2026-07-01 20:28:43,205162.203125,B8DB8AF16E20,mous,male,C57BL/6,1.1.1,FR1_Approach,0,PelletTaken,373,0,7,14,0,0,16.109,159.000,0,1,,,,,,,,,,,,,,,,
2026-07-01 20:28:50,205169.218750,B8DB8AF16E20,mous,male,C57BL/6,1.1.1,FR1_Approach,0,PelletDrop,374,0,7,14,0,0,,,,,,,,,,,,,,,,,,,,
2026-07-01 20:29:10,205189.578125,B8DB8AF16E20,mous,male,C57BL/6,1.1.1,FR1_Approach,0,PelletTaken,374,0,7,14,0,0,TimedOut,159.000,0,1,,,,,,,,,,,,,,,,
2026-07-01 20:31:20,205319.171875,B8DB8AF16E20,mous,male,C57BL/6,1.1.1,FR1_Approach,0,Status,374,0,7,14,0,0,,,,,Disabled,26.3,39.0,1012.5,16.6,0.000,0.000,254040,344900,251056,8469,3.62,3.79
2026-07-01 20:32:59,205419.000000,B8DB8AF16E20,mous,male,C57BL/6,1.1.1,FR1_Approach,0,PelletDrop,375,0,7,14,0,0,,,,,,,,,,,,,,,,,,,,
2026-07-01 20:33:20,205439.359375,B8DB8AF16E20,mous,male,C57BL/6,1.1.1,FR1_Approach,0,PelletTaken,375,0,7,14,0,0,TimedOut,159.000,0,1,,,,,,,,,,,,,,,,
2026-07-01 20:41:36,205935.265625,B8DB8AF16E20,mous,male,C57BL/6,1.1.1,FR1_Approach,0,Status,375,0,7,14,0,0,,,,,Disabled,26.3,39.0,1012.6,16.4,0.000,0.000,254040,344900,251056,8494,3.63,3.70
2026-07-01 20:48:05,206324.671875,B8DB8AF16E20,mous,male,C57BL/6,1.1.1,FR1_Approach,0,PelletDrop,376,0,7,14,0,0,,,,,,,,,,,,,,,,,,,,
2026-07-01 20:48:15,206335.265625,B8DB8AF16E20,mous,male,C57BL/6,1.1.1,FR1_Approach,0,PelletTaken,376,0,7,14,0,0,10.246,159.000,0,1,,,,,,,,,,,,,,,,
2026-07-01 20:48:22,206342.250000,B8DB8AF16E20,mous,male,C57BL/6,1.1.1,FR1_Approach,0,PelletDrop,377,0,7,14,0,0,,,,,,,,,,,,,,,,,,,,
2026-07-01 20:48:30,206349.640625,B8DB8AF16E20,mous,male,C57BL/6,1.1.1,FR1_Approach,0,PelletTaken,377,0,7,14,0,0,7.034,159.000,0,1,,,,,,,,,,,,,,,,
2026-07-01 20:48:37,206356.656250,B8DB8AF16E20,mous,male,C57BL/6,1.1.1,FR1_Approach,0,PelletDrop,378,0,7,14,0,0,,,,,,,,,,,,,,,,,,,,
2026-07-01 20:48:57,206377.015625,B8DB8AF16E20,mous,male,C57BL/6,1.1.1,FR1_Approach,0,PelletTaken,378,0,7,14,0,0,TimedOut,159.000,0,1,,,,,,,,,,,,,,,,
2026-07-01 20:49:23,206402.484375,B8DB8AF16E20,mous,male,C57BL/6,1.1.1,FR1_Approach,0,PelletDrop,379,0,7,14,0,0,,,,,,,,,,,,,,,,,,,,
2026-07-01 20:49:43,206422.828125,B8DB8AF16E20,mous,male,C57BL/6,1.1.1,FR1_Approach,0,PelletTaken,379,0,7,14,0,0,TimedOut,159.000,0,1,,,,,,,,,,,,,,,,
2026-07-01 20:51:53,206552.421875,B8DB8AF16E20,mous,male,C57BL/6,1.1.1,FR1_Approach,0,Status,379,0,7,14,0,0,,,,,Disabled,26.3,38.9,1012.7,16.3,0.000,0.000,254040,344900,251056,8520,3.62,3.79
2026-07-01 20:52:04,206563.453125,B8DB8AF16E20,mous,male,C57BL/6,1.1.1,FR1_Approach,0,PelletDrop,380,0,7,14,0,0,,,,,,,,,,,,,,,,,,,,
2026-07-01 20:52:24,206583.796875,B8DB8AF16E20,mous,male,C57BL/6,1.1.1,FR1_Approach,0,PelletTaken,380,0,7,14,0,0,TimedOut,159.000,0,0,,,,,,,,,,,,,,,,
2026-07-01 20:53:52,206671.828125,B8DB8AF16E20,mous,male,C57BL/6,1.1.1,FR1_Approach,0,PelletDrop,381,0,7,14,0,0,,,,,,,,,,,,,,,,,,,,
2026-07-01 20:54:12,206692.187500,B8DB8AF16E20,mous,male,C57BL/6,1.1.1,FR1_Approach,0,PelletTaken,381,0,7,14,0,0,TimedOut,159.000,0,1,,,,,,,,,,,,,,,,
2026-07-01 20:58:59,206978.953125,B8DB8AF16E20,mous,male,C57BL/6,1.1.1,FR1_Approach,0,PelletDrop,382,0,7,14,0,0,,,,,,,,,,,,,,,,,,,,
2026-07-01 20:59:19,206999.296875,B8DB8AF16E20,mous,male,C57BL/6,1.1.1,FR1_Approach,0,PelletTaken,382,0,7,14,0,0,TimedOut,159.000,0,1,,,,,,,,,,,,,,,,
2026-07-01 21:01:53,207153.312500,B8DB8AF16E20,mous,male,C57BL/6,1.1.1,FR1_Approach,0,Status,382,0,7,14,0,0,,,,,Disabled,26.3,38.9,1012.8,16.6,0.000,0.000,254040,344900,251056,8546,3.62,3.70
2026-07-01 21:12:07,207766.812500,B8DB8AF16E20,mous,male,C57BL/6,1.1.1,FR1_Approach,0,Status,382,0,7,14,0,0,,,,,Disabled,26.3,38.7,1012.8,16.4,0.000,0.000,254040,344900,251056,8571,3.62,3.62
2026-07-01 21:22:20,208380.281250,B8DB8AF16E20,mous,male,C57BL/6,1.1.1,FR1_Approach,0,Status,382,0,7,14,0,0,,,,,Disabled,26.3,38.6,1012.9,16.4,0.000,0.000,254040,344900,251056,8596,3.63,3.62
2026-07-01 21:32:33,208993.812500,B8DB8AF16E20,mous,male,C57BL/6,1.1.1,FR1_Approach,0,Status,382,0,7,14,0,0,,,,,Disabled,26.4,38.5,1013.0,16.4,0.000,0.000,254040,344900,251056,8621,3.62,3.62
2026-07-01 21:33:58,209078.531250,B8DB8AF16E20,mous,male,C57BL/6,1.1.1,FR1_Approach,0,PelletDrop,383,0,7,14,0,0,,,,,,,,,,,,,,,,,,,,
2026-07-01 21:34:18,209098.875000,B8DB8AF16E20,mous,male,C57BL/6,1.1.1,FR1_Approach,0,PelletTaken,383,0,7,14,0,0,TimedOut,159.000,0,1,,,,,,,,,,,,,,,,
2026-07-01 21:34:25,209105.890625,B8DB8AF16E20,mous,male,C57BL/6,1.1.1,FR1_Approach,0,PelletDrop,384,0,7,14,0,0,,,,,,,,,,,,,,,,,,,,
2026-07-01 21:34:41,209121.296875,B8DB8AF16E20,mous,male,C57BL/6,1.1.1,FR1_Approach,0,PelletTaken,384,0,7,14,0,0,15.042,159.000,0,1,,,,,,,,,,,,,,,,
2026-07-01 21:34:48,209128.312500,B8DB8AF16E20,mous,male,C57BL/6,1.1.1,FR1_Approach,0,PelletDrop,385,0,7,14,0,0,,,,,,,,,,,,,,,,,,,,
2026-07-01 21:35:03,209143.906250,B8DB8AF16E20,mous,male,C57BL/6,1.1.1,FR1_Approach,0,PelletTaken,385,0,7,14,0,0,15.240,159.000,0,1,,,,,,,,,,,,,,,,
2026-07-01 21:35:10,209150.937500,B8DB8AF16E20,mous,male,C57BL/6,1.1.1,FR1_Approach,0,PelletDrop,386,0,7,14,0,0,,,,,,,,,,,,,,,,,,,,
2026-07-01 21:35:29,209169.281250,B8DB8AF16E20,mous,male,C57BL/6,1.1.1,FR1_Approach,0,PelletTaken,386,0,7,14,0,0,17.989,159.000,0,1,,,,,,,,,,,,,,,,
2026-07-01 21:35:36,209176.296875,B8DB8AF16E20,mous,male,C57BL/6,1.1.1,FR1_Approach,0,PelletDrop,387,0,7,14,0,0,,,,,,,,,,,,,,,,,,,,
2026-07-01 21:35:47,209187.187500,B8DB8AF16E20,mous,male,C57BL/6,1.1.1,FR1_Approach,0,PelletTaken,387,0,7,14,0,0,10.543,159.000,0,1,,,,,,,,,,,,,,,,
2026-07-01 21:35:54,209194.234375,B8DB8AF16E20,mous,male,C57BL/6,1.1.1,FR1_Approach,0,PelletDrop,388,0,7,14,0,0,,,,,,,,,,,,,,,,,,,,
2026-07-01 21:36:09,209209.625000,B8DB8AF16E20,mous,male,C57BL/6,1.1.1,FR1_Approach,0,PelletTaken,388,0,7,14,0,0,15.041,159.000,0,1,,,,,,,,,,,,,,,,
2026-07-01 21:36:16,209216.593750,B8DB8AF16E20,mous,male,C57BL/6,1.1.1,FR1_Approach,0,PelletDrop,389,0,7,14,0,0,,,,,,,,,,,,,,,,,,,,
2026-07-01 21:36:28,209228.906250,B8DB8AF16E20,mous,male,C57BL/6,1.1.1,FR1_Approach,0,PelletTaken,389,0,7,14,0,0,11.962,159.000,0,1,,,,,,,,,,,,,,,,
2026-07-01 21:36:35,209235.953125,B8DB8AF16E20,mous,male,C57BL/6,1.1.1,FR1_Approach,0,PelletDrop,390,0,7,14,0,0,,,,,,,,,,,,,,,,,,,,
2026-07-01 21:36:56,209256.296875,B8DB8AF16E20,mous,male,C57BL/6,1.1.1,FR1_Approach,0,PelletTaken,390,0,7,14,0,0,TimedOut,159.000,0,1,,,,,,,,,,,,,,,,
2026-07-01 21:42:45,209605.625000,B8DB8AF16E20,mous,male,C57BL/6,1.1.1,FR1_Approach,0,Status,390,0,7,14,0,0,,,,,Disabled,26.4,38.3,1013.0,16.4,0.000,0.000,254040,344900,251056,8647,3.62,3.53
2026-07-01 21:52:58,210219.125000,B8DB8AF16E20,mous,male,C57BL/6,1.1.1,FR1_Approach,0,Status,390,0,7,14,0,0,,,,,Disabled,26.4,38.2,1013.1,16.4,0.000,0.000,254040,344900,251056,8672,3.63,3.53
2026-07-01 22:03:11,210832.593750,B8DB8AF16E20,mous,male,C57BL/6,1.1.1,FR1_Approach,0,Status,390,0,7,14,0,0,,,,,Disabled,26.4,38.2,1013.2,16.4,0.000,0.000,254040,344900,251056,8697,3.62,3.45
2026-07-01 22:09:04,211184.843750,B8DB8AF16E20,mous,male,C57BL/6,1.1.1,FR1_Approach,0,PelletDrop,391,0,7,14,0,0,,,,,,,,,,,,,,,,,,,,
2026-07-01 22:09:20,211201.750000,B8DB8AF16E20,mous,male,C57BL/6,1.1.1,FR1_Approach,0,PelletTaken,391,0,7,14,0,0,16.538,159.000,0,1,,,,,,,,,,,,,,,,
2026-07-01 22:09:27,211208.718750,B8DB8AF16E20,mous,male,C57BL/6,1.1.1,FR1_Approach,0,PelletDrop,392,0,7,14,0,0,,,,,,,,,,,,,,,,,,,,
2026-07-01 22:09:42,211223.187500,B8DB8AF16E20,mous,male,C57BL/6,1.1.1,FR1_Approach,0,PelletTaken,392,0,7,14,0,0,14.118,159.000,0,1,,,,,,,,,,,,,,,,
2026-07-01 22:09:49,211230.218750,B8DB8AF16E20,mous,male,C57BL/6,1.1.1,FR1_Approach,0,PelletDrop,393,0,7,14,0,0,,,,,,,,,,,,,,,,,,,,
2026-07-01 22:10:02,211242.921875,B8DB8AF16E20,mous,male,C57BL/6,1.1.1,FR1_Approach,0,PelletTaken,393,0,7,14,0,0,12.347,159.000,0,1,,,,,,,,,,,,,,,,
2026-07-01 22:10:09,211249.937500,B8DB8AF16E20,mous,male,C57BL/6,1.1.1,FR1_Approach,0,PelletDrop,394,0,7,14,0,0,,,,,,,,,,,,,,,,,,,,
2026-07-01 22:10:23,211264.468750,B8DB8AF16E20,mous,male,C57BL/6,1.1.1,FR1_Approach,0,PelletTaken,394,0,7,14,0,0,14.173,159.000,0,1,,,,,,,,,,,,,,,,
2026-07-01 22:10:30,211271.500000,B8DB8AF16E20,mous,male,C57BL/6,1.1.1,FR1_Approach,0,PelletDrop,395,0,7,14,0,0,,,,,,,,,,,,,,,,,,,,
2026-07-01 22:10:45,211286.484375,B8DB8AF16E20,mous,male,C57BL/6,1.1.1,FR1_Approach,0,PelletTaken,395,0,7,14,0,0,14.635,159.000,0,1,,,,,,,,,,,,,,,,
2026-07-01 22:10:52,211293.500000,B8DB8AF16E20,mous,male,C57BL/6,1.1.1,FR1_Approach,0,PelletDrop,396,0,7,14,0,0,,,,,,,,,,,,,,,,,,,,
2026-07-01 22:11:08,211309.515625,B8DB8AF16E20,mous,male,C57BL/6,1.1.1,FR1_Approach,0,PelletTaken,396,0,7,14,0,0,15.669,159.000,0,1,,,,,,,,,,,,,,,,
2026-07-01 22:11:15,211316.546875,B8DB8AF16E20,mous,male,C57BL/6,1.1.1,FR1_Approach,0,PelletDrop,397,0,7,14,0,0,,,,,,,,,,,,,,,,,,,,
2026-07-01 22:11:36,211336.890625,B8DB8AF16E20,mous,male,C57BL/6,1.1.1,FR1_Approach,0,PelletTaken,397,0,7,14,0,0,TimedOut,159.000,0,1,,,,,,,,,,,,,,,,
2026-07-01 22:11:57,211358.859375,B8DB8AF16E20,mous,male,C57BL/6,1.1.1,FR1_Approach,0,PelletDrop,398,0,7,14,0,0,,,,,,,,,,,,,,,,,,,,
2026-07-01 22:12:18,211379.218750,B8DB8AF16E20,mous,male,C57BL/6,1.1.1,FR1_Approach,0,PelletTaken,398,0,7,14,0,0,TimedOut,159.000,0,1,,,,,,,,,,,,,,,,
2026-07-01 22:13:14,211435.578125,B8DB8AF16E20,mous,male,C57BL/6,1.1.1,FR1_Approach,0,Status,398,0,7,14,0,0,,,,,Disabled,26.4,38.1,1013.3,16.4,0.000,0.000,254040,344900,251056,8723,3.62,3.45
2026-07-01 22:23:27,212049.046875,B8DB8AF16E20,mous,male,C57BL/6,1.1.1,FR1_Approach,0,Status,398,0,7,14,0,0,,,,,Disabled,26.4,38.3,1013.4,16.4,0.000,0.000,254040,344900,251056,8748,3.62,3.36
2026-07-01 22:33:41,212662.546875,B8DB8AF16E20,mous,male,C57BL/6,1.1.1,FR1_Approach,0,Status,398,0,7,14,0,0,,,,,Disabled,26.4,38.5,1013.5,16.4,0.000,0.000,254040,344900,251056,8773,3.63,3.28
2026-07-01 22:43:29,213251.093750,B8DB8AF16E20,mous,male,C57BL/6,1.1.1,FR1_Approach,0,PelletDrop,399,0,7,14,0,0,,,,,,,,,,,,,,,,,,,,
2026-07-01 22:43:33,213254.531250,B8DB8AF16E20,mous,male,C57BL/6,1.1.1,FR1_Approach,0,PelletTaken,399,0,7,14,0,0,3.084,159.000,0,1,,,,,,,,,,,,,,,,
2026-07-01 22:43:40,213261.562500,B8DB8AF16E20,mous,male,C57BL/6,1.1.1,FR1_Approach,0,PelletDrop,400,0,7,14,0,0,,,,,,,,,,,,,,,,,,,,
2026-07-01 22:43:53,213275.250000,B8DB8AF16E20,mous,male,C57BL/6,1.1.1,FR1_Approach,0,PelletTaken,400,0,7,14,0,0,13.336,159.000,0,1,,,,,,,,,,,,,,,,
2026-07-01 22:44:01,213282.781250,B8DB8AF16E20,mous,male,C57BL/6,1.1.1,FR1_Approach,0,Status,400,0,7,14,0,0,,,,,Disabled,26.4,38.8,1013.5,16.3,0.000,0.000,254040,344900,251056,8799,3.62,3.36
2026-07-01 22:44:03,213285.390625,B8DB8AF16E20,mous,male,C57BL/6,1.1.1,FR1_Approach,0,PelletDrop,401,0,7,14,0,0,,,,,,,,,,,,,,,,,,,,
2026-07-01 22:44:09,213291.468750,B8DB8AF16E20,mous,male,C57BL/6,1.1.1,FR1_Approach,0,PelletTaken,401,0,7,14,0,0,5.714,159.000,0,1,,,,,,,,,,,,,,,,
2026-07-01 22:44:16,213298.484375,B8DB8AF16E20,mous,male,C57BL/6,1.1.1,FR1_Approach,0,PelletDrop,402,0,7,14,0,0,,,,,,,,,,,,,,,,,,,,
2026-07-01 22:44:25,213307.218750,B8DB8AF16E20,mous,male,C57BL/6,1.1.1,FR1_Approach,0,PelletTaken,402,0,7,14,0,0,8.387,159.000,0,1,,,,,,,,,,,,,,,,
2026-07-01 22:44:32,213314.281250,B8DB8AF16E20,mous,male,C57BL/6,1.1.1,FR1_Approach,0,PelletDrop,403,0,7,14,0,0,,,,,,,,,,,,,,,,,,,,
2026-07-01 22:44:53,213334.625000,B8DB8AF16E20,mous,male,C57BL/6,1.1.1,FR1_Approach,0,PelletTaken,403,0,7,14,0,0,TimedOut,159.000,0,1,,,,,,,,,,,,,,,,
2026-07-01 22:54:22,213903.703125,B8DB8AF16E20,mous,male,C57BL/6,1.1.1,FR1_Approach,0,Status,403,0,7,14,0,0,,,,,Disabled,26.4,38.7,1013.6,16.3,0.000,0.000,254040,344900,251056,8825,3.62,3.19
2026-07-01 22:59:41,214223.687500,B8DB8AF16E20,mous,male,C57BL/6,1.1.1,FR1_Approach,0,PelletDrop,404,0,7,14,0,0,,,,,,,,,,,,,,,,,,,,
2026-07-01 23:00:02,214244.062500,B8DB8AF16E20,mous,male,C57BL/6,1.1.1,FR1_Approach,0,PelletTaken,404,0,7,14,0,0,TimedOut,159.000,0,1,,,,,,,,,,,,,,,,
2026-07-01 23:04:38,214520.156250,B8DB8AF16E20,mous,male,C57BL/6,1.1.1,FR1_Approach,0,Status,404,0,7,14,0,0,,,,,Disabled,26.3,38.9,1013.6,16.3,0.000,0.000,254040,344900,251056,8850,3.62,3.19
2026-07-01 23:14:51,215133.625000,B8DB8AF16E20,mous,male,C57BL/6,1.1.1,FR1_Approach,0,Status,404,0,7,14,0,0,,,,,Disabled,26.3,39.2,1013.5,16.3,0.000,0.000,254040,344900,251056,8875,3.62,3.19
2026-07-01 23:24:52,215734.671875,B8DB8AF16E20,mous,male,C57BL/6,1.1.1,FR1_Approach,0,Status,404,0,7,14,0,0,,,,,Disabled,26.3,39.3,1013.5,16.4,0.000,0.000,254040,344900,251056,8900,3.62,3.19
2026-07-01 23:27:57,215919.343750,B8DB8AF16E20,mous,male,C57BL/6,1.1.1,FR1_Approach,0,PelletDrop,405,0,7,14,0,0,,,,,,,,,,,,,,,,,,,,
2026-07-01 23:28:05,215927.531250,B8DB8AF16E20,mous,male,C57BL/6,1.1.1,FR1_Approach,0,PelletTaken,405,0,7,14,0,0,7.826,159.000,0,1,,,,,,,,,,,,,,,,
2026-07-01 23:28:12,215934.562500,B8DB8AF16E20,mous,male,C57BL/6,1.1.1,FR1_Approach,0,PelletDrop,406,0,7,14,0,0,,,,,,,,,,,,,,,,,,,,
2026-07-01 23:28:18,215940.515625,B8DB8AF16E20,mous,male,C57BL/6,1.1.1,FR1_Approach,0,PelletTaken,406,0,7,14,0,0,5.603,159.000,0,1,,,,,,,,,,,,,,,,
2026-07-01 23:28:24,215946.437500,B8DB8AF16E20,mous,male,C57BL/6,1.1.1,FR1_Approach,0,PelletDrop,407,0,7,14,0,0,,,,,,,,,,,,,,,,,,,,
2026-07-01 23:28:33,215956.031250,B8DB8AF16E20,mous,male,C57BL/6,1.1.1,FR1_Approach,0,PelletTaken,407,0,7,14,0,0,9.223,159.000,0,0,,,,,,,,,,,,,,,,
2026-07-01 23:28:40,215963.046875,B8DB8AF16E20,mous,male,C57BL/6,1.1.1,FR1_Approach,0,PelletDrop,408,0,7,14,0,0,,,,,,,,,,,,,,,,,,,,
2026-07-01 23:28:51,215974.234375,B8DB8AF16E20,mous,male,C57BL/6,1.1.1,FR1_Approach,0,PelletTaken,408,0,7,14,0,0,10.840,159.000,0,1,,,,,,,,,,,,,,,,
2026-07-01 23:28:58,215981.250000,B8DB8AF16E20,mous,male,C57BL/6,1.1.1,FR1_Approach,0,PelletDrop,409,0,7,14,0,0,,,,,,,,,,,,,,,,,,,,
2026-07-01 23:29:19,216001.609375,B8DB8AF16E20,mous,male,C57BL/6,1.1.1,FR1_Approach,0,PelletTaken,409,0,7,14,0,0,TimedOut,159.000,0,1,,,,,,,,,,,,,,,,
2026-07-01 23:35:08,216350.937500,B8DB8AF16E20,mous,male,C57BL/6,1.1.1,FR1_Approach,0,Status,409,0,7,14,0,0,,,,,Disabled,26.3,39.1,1013.5,16.4,0.000,0.000,254040,344900,251056,8927,3.62,3.11
2026-07-01 23:45:21,216964.421875,B8DB8AF16E20,mous,male,C57BL/6,1.1.1,FR1_Approach,0,Status,409,0,7,14,0,0,,,,,Disabled,26.3,39.0,1013.5,16.4,0.000,0.000,254040,344900,251056,8952,3.62,3.11
2026-07-01 23:46:45,217047.781250,B8DB8AF16E20,mous,male,C57BL/6,1.1.1,FR1_Approach,0,PelletDrop,410,0,7,14,0,0,,,,,,,,,,,,,,,,,,,,
2026-07-01 23:46:57,217060.437500,B8DB8AF16E20,mous,male,C57BL/6,1.1.1,FR1_Approach,0,PelletTaken,410,0,7,14,0,0,12.303,159.000,0,1,,,,,,,,,,,,,,,,
2026-07-01 23:47:04,217067.453125,B8DB8AF16E20,mous,male,C57BL/6,1.1.1,FR1_Approach,0,PelletDrop,411,0,7,14,0,0,,,,,,,,,,,,,,,,,,,,
2026-07-01 23:47:11,217073.640625,B8DB8AF16E20,mous,male,C57BL/6,1.1.1,FR1_Approach,0,PelletTaken,411,0,7,14,0,0,5.835,159.000,0,1,,,,,,,,,,,,,,,,
2026-07-01 23:47:18,217080.671875,B8DB8AF16E20,mous,male,C57BL/6,1.1.1,FR1_Approach,0,PelletDrop,412,0,7,14,0,0,,,,,,,,,,,,,,,,,,,,
2026-07-01 23:47:38,217101.015625,B8DB8AF16E20,mous,male,C57BL/6,1.1.1,FR1_Approach,0,PelletTaken,412,0,7,14,0,0,TimedOut,159.000,0,1,,,,,,,,,,,,,,,,
2026-07-01 23:48:09,217132.437500,B8DB8AF16E20,mous,male,C57BL/6,1.1.1,FR1_Approach,0,PelletDrop,413,0,7,14,0,0,,,,,,,,,,,,,,,,,,,,
2026-07-01 23:48:30,217152.796875,B8DB8AF16E20,mous,male,C57BL/6,1.1.1,FR1_Approach,0,PelletTaken,413,0,7,14,0,0,TimedOut,159.000,0,1,,,,,,,,,,,,,,,,
2026-07-01 23:55:32,217575.375000,B8DB8AF16E20,mous,male,C57BL/6,1.1.1,FR1_Approach,0,Status,413,0,7,14,0,0,,,,,Disabled,26.3,39.2,1013.5,16.3,0.000,0.000,254040,344900,251056,8978,3.62,3.11
2026-07-02 00:05:45,218188.890625,B8DB8AF16E20,mous,male,C57BL/6,1.1.1,FR1_Approach,0,Status,413,0,7,14,0,0,,,,,Disabled,26.3,39.2,1013.5,16.2,0.000,0.000,254040,344900,251056,9003,3.62,3.02
2026-07-02 00:15:55,218798.828125,B8DB8AF16E20,mous,male,C57BL/6,1.1.1,FR1_Approach,0,Status,413,0,7,14,0,0,,,,,Disabled,26.3,39.2,1013.4,16.5,0.000,0.000,254040,344900,251056,9028,3.61,3.02
2026-07-02 00:17:04,218867.890625,B8DB8AF16E20,mous,male,C57BL/6,1.1.1,FR1_Approach,0,PelletDrop,414,0,7,14,0,0,,,,,,,,,,,,,,,,,,,,
2026-07-02 00:17:18,218881.265625,B8DB8AF16E20,mous,male,C57BL/6,1.1.1,FR1_Approach,0,PelletTaken,414,0,7,14,0,0,13.028,159.000,0,1,,,,,,,,,,,,,,,,
2026-07-02 00:17:25,218888.296875,B8DB8AF16E20,mous,male,C57BL/6,1.1.1,FR1_Approach,0,PelletDrop,415,0,7,14,0,0,,,,,,,,,,,,,,,,,,,,
2026-07-02 00:17:45,218908.640625,B8DB8AF16E20,mous,male,C57BL/6,1.1.1,FR1_Approach,0,PelletTaken,415,0,7,14,0,0,TimedOut,159.000,0,1,,,,,,,,,,,,,,,,
2026-07-02 00:17:52,218915.656250,B8DB8AF16E20,mous,male,C57BL/6,1.1.1,FR1_Approach,0,PelletDrop,416,0,7,14,0,0,,,,,,,,,,,,,,,,,,,,
2026-07-02 00:18:12,218936.015625,B8DB8AF16E20,mous,male,C57BL/6,1.1.1,FR1_Approach,0,PelletTaken,416,0,7,14,0,0,TimedOut,159.000,0,1,,,,,,,,,,,,,,,,
2026-07-02 00:26:04,219407.437500,B8DB8AF16E20,mous,male,C57BL/6,1.1.1,FR1_Approach,0,Status,416,0,7,14,0,0,,,,,Disabled,26.3,39.2,1013.3,16.2,0.000,0.000,254040,344900,251056,9053,3.62,2.85
2026-07-02 00:28:14,219537.906250,B8DB8AF16E20,mous,male,C57BL/6,1.1.1,FR1_Approach,0,PelletDrop,417,0,7,14,0,0,,,,,,,,,,,,,,,,,,,,
2026-07-02 00:28:16,219540.312500,B8DB8AF16E20,mous,male,C57BL/6,1.1.1,FR1_Approach,0,PelletTaken,417,0,7,14,0,0,2.051,159.000,0,1,,,,,,,,,,,,,,,,
2026-07-02 00:28:23,219547.343750,B8DB8AF16E20,mous,male,C57BL/6,1.1.1,FR1_Approach,0,PelletDrop,418,0,7,14,0,0,,,,,,,,,,,,,,,,,,,,
2026-07-02 00:28:34,219557.531250,B8DB8AF16E20,mous,male,C57BL/6,1.1.1,FR1_Approach,0,PelletTaken,418,0,7,14,0,0,9.839,159.000,0,1,,,,,,,,,,,,,,,,
2026-07-02 00:28:41,219564.546875,B8DB8AF16E20,mous,male,C57BL/6,1.1.1,FR1_Approach,0,PelletDrop,419,0,7,14,0,0,,,,,,,,,,,,,,,,,,,,
2026-07-02 00:28:49,219573.265625,B8DB8AF16E20,mous,male,C57BL/6,1.1.1,FR1_Approach,0,PelletTaken,419,0,7,14,0,0,8.365,159.000,0,1,,,,,,,,,,,,,,,,
2026-07-02 00:28:56,219580.296875,B8DB8AF16E20,mous,male,C57BL/6,1.1.1,FR1_Approach,0,PelletDrop,420,0,7,14,0,0,,,,,,,,,,,,,,,,,,,,
2026-07-02 00:29:08,219591.843750,B8DB8AF16E20,mous,male,C57BL/6,1.1.1,FR1_Approach,0,PelletTaken,420,0,7,14,0,0,11.192,159.000,0,1,,,,,,,,,,,,,,,,
2026-07-02 00:29:17,219601.078125,B8DB8AF16E20,mous,male,C57BL/6,1.1.1,FR1_Approach,0,PelletDrop,421,0,7,14,0,0,,,,,,,,,,,,,,,,,,,,
2026-07-02 00:29:38,219621.421875,B8DB8AF16E20,mous,male,C57BL/6,1.1.1,FR1_Approach,0,PelletTaken,421,0,7,14,0,0,TimedOut,159.000,0,2,,,,,,,,,,,,,,,,
2026-07-02 00:36:16,220019.593750,B8DB8AF16E20,mous,male,C57BL/6,1.1.1,FR1_Approach,0,Status,421,0,7,14,0,0,,,,,Disabled,26.3,39.1,1013.2,16.4,0.000,0.000,254040,344900,251056,9080,3.61,2.94
2026-07-02 00:46:29,220633.078125,B8DB8AF16E20,mous,male,C57BL/6,1.1.1,FR1_Approach,0,Status,421,0,7,14,0,0,,,,,Disabled,26.3,39.1,1013.1,16.2,0.000,0.000,254040,344900,251056,9105,3.61,2.85
2026-07-02 00:56:42,221246.578125,B8DB8AF16E20,mous,male,C57BL/6,1.1.1,FR1_Approach,0,Status,421,0,7,14,0,0,,,,,Disabled,26.3,39.1,1013.1,16.2,0.000,0.000,254040,344900,251056,9130,3.62,2.85
2026-07-02 01:06:50,221855.015625,B8DB8AF16E20,mous,male,C57BL/6,1.1.1,FR1_Approach,0,Status,421,0,7,14,0,0,,,,,Disabled,26.3,39.0,1013.1,16.2,0.000,0.000,254040,344900,251056,9155,3.61,2.85
2026-07-02 01:17:04,222468.500000,B8DB8AF16E20,mous,male,C57BL/6,1.1.1,FR1_Approach,0,Status,421,0,7,14,0,0,,,,,Disabled,26.3,39.0,1013.0,16.1,0.000,0.000,254040,344900,251056,9180,3.61,2.77
2026-07-02 01:21:54,222759.343750,B8DB8AF16E20,mous,male,C57BL/6,1.1.1,FR1_Approach,0,PelletDrop,422,0,7,14,0,0,,,,,,,,,,,,,,,,,,,,
2026-07-02 01:22:08,222772.953125,B8DB8AF16E20,mous,male,C57BL/6,1.1.1,FR1_Approach,0,PelletTaken,422,0,7,14,0,0,13.248,159.000,0,1,,,,,,,,,,,,,,,,
2026-07-02 01:22:15,222779.968750,B8DB8AF16E20,mous,male,C57BL/6,1.1.1,FR1_Approach,0,PelletDrop,423,0,7,14,0,0,,,,,,,,,,,,,,,,,,,,
2026-07-02 01:22:25,222789.562500,B8DB8AF16E20,mous,male,C57BL/6,1.1.1,FR1_Approach,0,PelletTaken,423,0,7,14,0,0,9.246,159.000,0,1,,,,,,,,,,,,,,,,
2026-07-02 01:22:32,222796.593750,B8DB8AF16E20,mous,male,C57BL/6,1.1.1,FR1_Approach,0,PelletDrop,424,0,7,14,0,0,,,,,,,,,,,,,,,,,,,,
2026-07-02 01:22:46,222810.468750,B8DB8AF16E20,mous,male,C57BL/6,1.1.1,FR1_Approach,0,PelletTaken,424,0,7,14,0,0,13.523,159.000,0,1,,,,,,,,,,,,,,,,
2026-07-02 01:22:53,222817.484375,B8DB8AF16E20,mous,male,C57BL/6,1.1.1,FR1_Approach,0,PelletDrop,425,0,7,14,0,0,,,,,,,,,,,,,,,,,,,,
2026-07-02 01:23:10,222834.765625,B8DB8AF16E20,mous,male,C57BL/6,1.1.1,FR1_Approach,0,PelletTaken,425,0,7,14,0,0,16.923,159.000,0,1,,,,,,,,,,,,,,,,
2026-07-02 01:23:17,222841.781250,B8DB8AF16E20,mous,male,C57BL/6,1.1.1,FR1_Approach,0,PelletDrop,426,0,7,14,0,0,,,,,,,,,,,,,,,,,,,,
2026-07-02 01:23:37,222862.140625,B8DB8AF16E20,mous,male,C57BL/6,1.1.1,FR1_Approach,0,PelletTaken,426,0,7,14,0,0,TimedOut,159.000,0,1,,,,,,,,,,,,,,,,
2026-07-02 01:27:24,223089.421875,B8DB8AF16E20,mous,male,C57BL/6,1.1.1,FR1_Approach,0,Status,426,0,7,14,0,0,,,,,Disabled,26.3,39.2,1013.0,16.1,0.000,0.000,254040,344900,251056,9206,3.61,2.77
2026-07-02 01:37:38,223702.921875,B8DB8AF16E20,mous,male,C57BL/6,1.1.1,FR1_Approach,0,Status,426,0,7,14,0,0,,,,,Disabled,26.3,39.0,1013.0,16.1,0.000,0.000,254040,344900,251056,9231,3.61,2.68
2026-07-02 01:47:51,224316.406250,B8DB8AF16E20,mous,male,C57BL/6,1.1.1,FR1_Approach,0,Status,426,0,7,14,0,0,,,,,Disabled,26.3,38.8,1013.0,16.1,0.000,0.000,254040,344900,251056,9256,3.62,2.68
2026-07-02 01:58:04,224929.890625,B8DB8AF16E20,mous,male,C57BL/6,1.1.1,FR1_Approach,0,Status,426,0,7,14,0,0,,,,,Disabled,26.4,38.7,1013.0,16.2,0.000,0.000,254040,344900,251056,9281,3.61,2.68
2026-07-02 02:08:18,225543.375000,B8DB8AF16E20,mous,male,C57BL/6,1.1.1,FR1_Approach,0,Status,426,0,7,14,0,0,,,,,Disabled,26.4,38.5,1013.1,16.1,0.000,0.000,254040,344900,251056,9306,3.61,2.60
2026-07-02 02:18:31,226156.859375,B8DB8AF16E20,mous,male,C57BL/6,1.1.1,FR1_Approach,0,Status,426,0,7,14,0,0,,,,,Disabled,26.4,38.4,1013.1,16.1,0.000,0.000,254040,344900,251056,9331,3.61,2.60
2026-07-02 02:28:44,226770.343750,B8DB8AF16E20,mous,male,C57BL/6,1.1.1,FR1_Approach,0,Status,426,0,7,14,0,0,,,,,Disabled,26.4,38.3,1013.2,16.0,0.000,0.000,254040,344900,251056,9356,3.61,2.51
2026-07-02 02:38:58,227383.828125,B8DB8AF16E20,mous,male,C57BL/6,1.1.1,FR1_Approach,0,Status,426,0,7,14,0,0,,,,,Disabled,26.4,38.2,1013.3,16.1,0.000,0.000,254040,344900,251056,9381,3.61,2.51
2026-07-02 02:49:11,227997.343750,B8DB8AF16E20,mous,male,C57BL/6,1.1.1,FR1_Approach,0,Status,426,0,7,14,0,0,,,,,Disabled,26.4,38.2,1013.4,16.1,0.000,0.000,254040,344900,251056,9406,3.61,2.51
2026-07-02 02:59:24,228610.843750,B8DB8AF16E20,mous,male,C57BL/6,1.1.1,FR1_Approach,0,Status,426,0,7,14,0,0,,,,,Disabled,26.4,38.1,1013.5,16.1,0.000,0.000,254040,344900,251056,9431,3.61,2.43
2026-07-02 03:09:37,229224.328125,B8DB8AF16E20,mous,male,C57BL/6,1.1.1,FR1_Approach,0,Status,426,0,7,14,0,0,,,,,Disabled,26.4,38.1,1013.5,16.1,0.000,0.000,254040,344900,251056,9456,3.61,2.41
2026-07-02 03:15:19,229565.765625,B8DB8AF16E20,mous,male,C57BL/6,1.1.1,FR1_Approach,0,PelletDrop,427,0,7,14,0,0,,,,,,,,,,,,,,,,,,,,
2026-07-02 03:15:39,229586.125000,B8DB8AF16E20,mous,male,C57BL/6,1.1.1,FR1_Approach,0,PelletTaken,427,0,7,14,0,0,TimedOut,159.000,0,1,,,,,,,,,,,,,,,,
2026-07-02 03:16:11,229617.562500,B8DB8AF16E20,mous,male,C57BL/6,1.1.1,FR1_Approach,0,PelletDrop,428,0,7,14,0,0,,,,,,,,,,,,,,,,,,,,
2026-07-02 03:16:31,229637.906250,B8DB8AF16E20,mous,male,C57BL/6,1.1.1,FR1_Approach,0,PelletTaken,428,0,7,14,0,0,TimedOut,159.000,0,1,,,,,,,,,,,,,,,,
2026-07-02 03:16:56,229663.406250,B8DB8AF16E20,mous,male,C57BL/6,1.1.1,FR1_Approach,0,PelletDrop,429,0,7,14,0,0,,,,,,,,,,,,,,,,,,,,
2026-07-02 03:17:17,229683.750000,B8DB8AF16E20,mous,male,C57BL/6,1.1.1,FR1_Approach,0,PelletTaken,429,0,7,14,0,0,TimedOut,159.000,0,1,,,,,,,,,,,,,,,,
2026-07-02 03:17:42,229708.640625,B8DB8AF16E20,mous,male,C57BL/6,1.1.1,FR1_Approach,0,PelletDrop,430,0,7,14,0,0,,,,,,,,,,,,,,,,,,,,
2026-07-02 03:18:02,229728.984375,B8DB8AF16E20,mous,male,C57BL/6,1.1.1,FR1_Approach,0,PelletTaken,430,0,7,14,0,0,TimedOut,159.000,0,1,,,,,,,,,,,,,,,,
2026-07-02 03:18:14,229741.187500,B8DB8AF16E20,mous,male,C57BL/6,1.1.1,FR1_Approach,0,PelletDrop,431,0,7,14,0,0,,,,,,,,,,,,,,,,,,,,
2026-07-02 03:18:35,229761.531250,B8DB8AF16E20,mous,male,C57BL/6,1.1.1,FR1_Approach,0,PelletTaken,431,0,7,14,0,0,TimedOut,159.000,0,1,,,,,,,,,,,,,,,,
2026-07-02 03:18:49,229776.265625,B8DB8AF16E20,mous,male,C57BL/6,1.1.1,FR1_Approach,0,PelletDrop,432,0,7,14,0,0,,,,,,,,,,,,,,,,,,,,
2026-07-02 03:19:10,229796.625000,B8DB8AF16E20,mous,male,C57BL/6,1.1.1,FR1_Approach,0,PelletTaken,432,0,7,14,0,0,TimedOut,159.000,0,1,,,,,,,,,,,,,,,,
2026-07-02 03:19:42,229828.562500,B8DB8AF16E20,mous,male,C57BL/6,1.1.1,FR1_Approach,0,Status,432,0,7,14,0,0,,,,,Disabled,26.4,38.2,1013.6,16.2,0.000,0.000,254040,344900,251056,9482,3.61,2.39
2026-07-02 03:29:55,230442.046875,B8DB8AF16E20,mous,male,C57BL/6,1.1.1,FR1_Approach,0,Status,432,0,7,14,0,0,,,,,Disabled,26.4,38.2,1013.7,16.2,0.000,0.000,254040,344900,251056,9507,3.61,2.41
2026-07-02 03:31:39,230546.062500,B8DB8AF16E20,mous,male,C57BL/6,1.1.1,FR1_Approach,0,RightWithPellet,432,0,8,14,0,0,,,,,,,,,,,,,,,,,,,,
2026-07-02 03:38:54,230981.140625,B8DB8AF16E20,mous,male,C57BL/6,1.1.1,FR1_Approach,0,PelletDrop,433,0,8,14,0,0,,,,,,,,,,,,,,,,,,,,
2026-07-02 03:39:13,231000.125000,B8DB8AF16E20,mous,male,C57BL/6,1.1.1,FR1_Approach,0,PelletTaken,433,0,8,14,0,0,18.628,70.000,0,1,,,,,,,,,,,,,,,,
2026-07-02 03:39:20,231007.109375,B8DB8AF16E20,mous,male,C57BL/6,1.1.1,FR1_Approach,0,PelletDrop,434,0,8,14,0,0,,,,,,,,,,,,,,,,,,,,
2026-07-02 03:39:31,231018.593750,B8DB8AF16E20,mous,male,C57BL/6,1.1.1,FR1_Approach,0,PelletTaken,434,0,8,14,0,0,11.115,70.000,0,1,,,,,,,,,,,,,,,,
2026-07-02 03:39:38,231025.531250,B8DB8AF16E20,mous,male,C57BL/6,1.1.1,FR1_Approach,0,PelletDrop,435,0,8,14,0,0,,,,,,,,,,,,,,,,,,,,
2026-07-02 03:39:49,231036.625000,B8DB8AF16E20,mous,male,C57BL/6,1.1.1,FR1_Approach,0,PelletTaken,435,0,8,14,0,0,10.752,70.000,0,1,,,,,,,,,,,,,,,,
2026-07-02 03:39:57,231044.125000,B8DB8AF16E20,mous,male,C57BL/6,1.1.1,FR1_Approach,0,Status,435,0,8,14,0,0,,,,,Disabled,26.3,38.3,1013.7,16.2,0.000,0.000,254040,344900,251056,9532,3.60,2.39
2026-07-02 03:39:59,231046.734375,B8DB8AF16E20,mous,male,C57BL/6,1.1.1,FR1_Approach,0,PelletDrop,436,0,8,14,0,0,,,,,,,,,,,,,,,,,,,,
2026-07-02 03:40:20,231067.078125,B8DB8AF16E20,mous,male,C57BL/6,1.1.1,FR1_Approach,0,PelletTaken,436,0,8,14,0,0,TimedOut,70.000,0,1,,,,,,,,,,,,,,,,
2026-07-02 03:41:15,231122.828125,B8DB8AF16E20,mous,male,C57BL/6,1.1.1,FR1_Approach,0,PelletDrop,437,0,8,14,0,0,,,,,,,,,,,,,,,,,,,,
2026-07-02 03:41:36,231143.250000,B8DB8AF16E20,mous,male,C57BL/6,1.1.1,FR1_Approach,0,PelletTaken,437,0,8,14,0,0,TimedOut,70.000,0,1,,,,,,,,,,,,,,,,
2026-07-02 03:50:15,231662.687500,B8DB8AF16E20,mous,male,C57BL/6,1.1.1,FR1_Approach,0,Status,437,0,8,14,0,0,,,,,Disabled,26.3,38.4,1013.7,16.1,0.000,0.000,254040,344900,251056,9557,3.60,2.38
2026-07-02 03:58:02,232129.718750,B8DB8AF16E20,mous,male,C57BL/6,1.1.1,FR1_Approach,0,CenterWithPellet,437,0,8,15,0,0,,,,,,,,,,,,,,,,,,,,
2026-07-02 03:58:06,232133.640625,B8DB8AF16E20,mous,male,C57BL/6,1.1.1,FR1_Approach,0,CenterWithPellet,437,0,8,16,0,0,,,,,,,,,,,,,,,,,,,,
2026-07-02 03:58:08,232136.156250,B8DB8AF16E20,mous,male,C57BL/6,1.1.1,FR1_Approach,0,CenterWithPellet,437,0,8,17,0,0,,,,,,,,,,,,,,,,,,,,
2026-07-02 03:58:48,232175.390625,B8DB8AF16E20,mous,male,C57BL/6,1.1.1,FR1_Approach,0,PelletDrop,438,0,8,17,0,0,,,,,,,,,,,,,,,,,,,,
2026-07-02 03:59:07,232194.265625,B8DB8AF16E20,mous,male,C57BL/6,1.1.1,FR1_Approach,0,PelletTaken,438,0,8,17,0,0,18.518,46.000,0,0,,,,,,,,,,,,,,,,
2026-07-02 03:59:14,232201.265625,B8DB8AF16E20,mous,male,C57BL/6,1.1.1,FR1_Approach,0,PelletDrop,439,0,8,17,0,0,,,,,,,,,,,,,,,,,,,,
2026-07-02 03:59:34,232221.609375,B8DB8AF16E20,mous,male,C57BL/6,1.1.1,FR1_Approach,0,PelletTaken,439,0,8,17,0,0,TimedOut,46.000,0,1,,,,,,,,,,,,,,,,
2026-07-02 04:00:22,232269.328125,B8DB8AF16E20,mous,male,C57BL/6,1.1.1,FR1_Approach,0,Status,439,0,8,17,0,0,,,,,Disabled,26.3,38.6,1013.7,16.1,0.000,0.000,254040,344900,251056,9582,3.60,2.30
2026-07-02 04:10:34,232881.968750,B8DB8AF16E20,mous,male,C57BL/6,1.1.1,FR1_Approach,0,Status,439,0,8,17,0,0,,,,,Disabled,26.3,38.4,1013.6,16.0,0.000,0.000,254040,344900,251056,9607,3.60,2.38
2026-07-02 04:20:46,233494.546875,B8DB8AF16E20,mous,male,C57BL/6,1.1.1,FR1_Approach,0,Status,439,0,8,17,0,0,,,,,Disabled,26.3,38.6,1013.6,16.0,0.000,0.000,254040,344900,251056,9632,3.60,2.36
2026-07-02 04:26:44,233851.812500,B8DB8AF16E20,mous,male,C57BL/6,1.1.1,FR1_Approach,0,PelletDrop,440,0,8,17,0,0,,,,,,,,,,,,,,,,,,,,
2026-07-02 04:27:04,233872.171875,B8DB8AF16E20,mous,male,C57BL/6,1.1.1,FR1_Approach,0,PelletTaken,440,0,8,17,0,0,TimedOut,46.000,0,1,,,,,,,,,,,,,,,,
2026-07-02 04:28:51,233979.015625,B8DB8AF16E20,mous,male,C57BL/6,1.1.1,FR1_Approach,0,RightWithPellet,440,0,9,17,0,0,,,,,,,,,,,,,,,,,,,,
2026-07-02 04:31:03,234111.203125,B8DB8AF16E20,mous,male,C57BL/6,1.1.1,FR1_Approach,0,Status,440,0,9,17,0,0,,,,,Disabled,26.3,39.0,1013.6,16.1,0.000,0.000,254040,344900,251056,9658,3.61,2.36
2026-07-02 04:38:23,234551.906250,B8DB8AF16E20,mous,male,C57BL/6,1.1.1,FR1_Approach,0,PelletDrop,441,0,9,17,0,0,,,,,,,,,,,,,,,,,,,,
2026-07-02 04:38:44,234572.250000,B8DB8AF16E20,mous,male,C57BL/6,1.1.1,FR1_Approach,0,PelletTaken,441,0,9,17,0,0,TimedOut,235.000,0,1,,,,,,,,,,,,,,,,
2026-07-02 04:38:51,234579.187500,B8DB8AF16E20,mous,male,C57BL/6,1.1.1,FR1_Approach,0,PelletDrop,442,0,9,17,0,0,,,,,,,,,,,,,,,,,,,,
2026-07-02 04:39:11,234599.531250,B8DB8AF16E20,mous,male,C57BL/6,1.1.1,FR1_Approach,0,PelletTaken,442,0,9,17,0,0,TimedOut,235.000,0,1,,,,,,,,,,,,,,,,
2026-07-02 04:39:18,234606.531250,B8DB8AF16E20,mous,male,C57BL/6,1.1.1,FR1_Approach,0,PelletDrop,443,0,9,17,0,0,,,,,,,,,,,,,,,,,,,,
2026-07-02 04:39:38,234626.875000,B8DB8AF16E20,mous,male,C57BL/6,1.1.1,FR1_Approach,0,PelletTaken,443,0,9,17,0,0,TimedOut,235.000,0,1,,,,,,,,,,,,,,,,
2026-07-02 04:40:21,234669.453125,B8DB8AF16E20,mous,male,C57BL/6,1.1.1,FR1_Approach,0,CenterWithPellet,443,0,9,18,0,0,,,,,,,,,,,,,,,,,,,,
2026-07-02 04:40:23,234672.000000,B8DB8AF16E20,mous,male,C57BL/6,1.1.1,FR1_Approach,0,CenterWithPellet,443,0,9,19,0,0,,,,,,,,,,,,,,,,,,,,
2026-07-02 04:40:31,234679.968750,B8DB8AF16E20,mous,male,C57BL/6,1.1.1,FR1_Approach,0,CenterWithPellet,443,0,9,21,0,0,,,,,,,,,,,,,,,,,,,,
2026-07-02 04:40:34,234682.921875,B8DB8AF16E20,mous,male,C57BL/6,1.1.1,FR1_Approach,0,RightWithPellet,443,0,10,21,0,0,,,,,,,,,,,,,,,,,,,,
2026-07-02 04:41:08,234716.171875,B8DB8AF16E20,mous,male,C57BL/6,1.1.1,FR1_Approach,0,CenterWithPellet,443,0,10,22,0,0,,,,,,,,,,,,,,,,,,,,
2026-07-02 04:41:21,234730.000000,B8DB8AF16E20,mous,male,C57BL/6,1.1.1,FR1_Approach,0,Status,443,0,10,22,0,0,,,,,Disabled,26.3,39.3,1013.7,15.8,0.000,0.000,254040,344900,251056,9684,3.60,2.34
2026-07-02 04:51:01,235309.671875,B8DB8AF16E20,mous,male,C57BL/6,1.1.1,FR1_Approach,0,PelletDrop,444,0,10,22,0,0,,,,,,,,,,,,,,,,,,,,
2026-07-02 04:51:21,235330.015625,B8DB8AF16E20,mous,male,C57BL/6,1.1.1,FR1_Approach,0,PelletTaken,444,0,10,22,0,0,TimedOut,77.000,0,1,,,,,,,,,,,,,,,,
2026-07-02 04:51:29,235337.515625,B8DB8AF16E20,mous,male,C57BL/6,1.1.1,FR1_Approach,0,Status,444,0,10,22,0,0,,,,,Disabled,26.3,39.0,1013.8,15.9,0.000,0.000,254040,344900,251056,9709,3.60,2.34
2026-07-02 05:01:41,235950.109375,B8DB8AF16E20,mous,male,C57BL/6,1.1.1,FR1_Approach,0,Status,444,0,10,22,0,0,,,,,Disabled,26.3,39.0,1013.9,16.0,0.000,0.000,254040,344900,251056,9734,3.61,2.34
2026-07-02 05:08:31,236359.843750,B8DB8AF16E20,mous,male,C57BL/6,1.1.1,FR1_Approach,0,PelletDrop,445,0,10,22,0,0,,,,,,,,,,,,,,,,,,,,
2026-07-02 05:08:51,236380.203125,B8DB8AF16E20,mous,male,C57BL/6,1.1.1,FR1_Approach,0,PelletTaken,445,0,10,22,0,0,TimedOut,77.000,0,1,,,,,,,,,,,,,,,,
2026-07-02 05:08:58,236387.171875,B8DB8AF16E20,mous,male,C57BL/6,1.1.1,FR1_Approach,0,PelletDrop,446,0,10,22,0,0,,,,,,,,,,,,,,,,,,,,
2026-07-02 05:09:15,236404.140625,B8DB8AF16E20,mous,male,C57BL/6,1.1.1,FR1_Approach,0,PelletTaken,446,0,10,22,0,0,16.615,77.000,0,1,,,,,,,,,,,,,,,,
2026-07-02 05:09:22,236411.125000,B8DB8AF16E20,mous,male,C57BL/6,1.1.1,FR1_Approach,0,PelletDrop,447,0,10,22,0,0,,,,,,,,,,,,,,,,,,,,
2026-07-02 05:09:42,236431.484375,B8DB8AF16E20,mous,male,C57BL/6,1.1.1,FR1_Approach,0,PelletTaken,447,0,10,22,0,0,TimedOut,77.000,0,1,,,,,,,,,,,,,,,,
2026-07-02 05:10:07,236456.250000,B8DB8AF16E20,mous,male,C57BL/6,1.1.1,FR1_Approach,0,PelletDrop,448,0,10,22,0,0,,,,,,,,,,,,,,,,,,,,
2026-07-02 05:10:28,236476.593750,B8DB8AF16E20,mous,male,C57BL/6,1.1.1,FR1_Approach,0,PelletTaken,448,0,10,22,0,0,TimedOut,77.000,0,1,,,,,,,,,,,,,,,,
2026-07-02 05:10:59,236507.953125,B8DB8AF16E20,mous,male,C57BL/6,1.1.1,FR1_Approach,0,PelletDrop,449,0,10,22,0,0,,,,,,,,,,,,,,,,,,,,
2026-07-02 05:11:19,236528.328125,B8DB8AF16E20,mous,male,C57BL/6,1.1.1,FR1_Approach,0,PelletTaken,449,0,10,22,0,0,TimedOut,77.000,0,1,,,,,,,,,,,,,,,,
2026-07-02 05:11:51,236560.203125,B8DB8AF16E20,mous,male,C57BL/6,1.1.1,FR1_Approach,0,Status,449,0,10,22,0,0,,,,,Disabled,26.3,39.1,1014.0,16.0,0.000,0.000,254040,344900,251056,9759,3.60,2.34
2026-07-02 05:22:13,237182.062500,B8DB8AF16E20,mous,male,C57BL/6,1.1.1,FR1_Approach,0,Status,449,0,10,22,0,0,,,,,Disabled,26.3,39.4,1014.0,16.0,0.000,0.000,254040,344900,251056,9785,3.60,2.33
2026-07-02 05:32:25,237794.687500,B8DB8AF16E20,mous,male,C57BL/6,1.1.1,FR1_Approach,0,Status,449,0,10,22,0,0,,,,,Disabled,26.3,39.2,1014.1,16.0,0.000,0.000,254040,344900,251056,9810,3.60,2.31
2026-07-02 05:42:38,238407.265625,B8DB8AF16E20,mous,male,C57BL/6,1.1.1,FR1_Approach,0,Status,449,0,10,22,0,0,,,,,Disabled,26.3,39.0,1014.2,16.0,0.000,0.000,254040,344900,251056,9835,3.60,2.31
2026-07-02 05:52:50,239019.859375,B8DB8AF16E20,mous,male,C57BL/6,1.1.1,FR1_Approach,0,Status,449,0,10,22,0,0,,,,,Disabled,26.3,39.1,1014.3,16.0,0.000,0.000,254040,344900,251056,9860,3.60,2.31
2026-07-02 06:02:11,239581.218750,B8DB8AF16E20,mous,male,C57BL/6,1.1.1,FR1_Approach,0,PelletDrop,450,0,10,22,0,0,,,,,,,,,,,,,,,,,,,,
2026-07-02 06:02:24,239593.875000,B8DB8AF16E20,mous,male,C57BL/6,1.1.1,FR1_Approach,0,PelletTaken,450,0,10,22,0,0,12.314,77.000,0,1,,,,,,,,,,,,,,,,
2026-07-02 06:02:31,239600.859375,B8DB8AF16E20,mous,male,C57BL/6,1.1.1,FR1_Approach,0,PelletDrop,451,0,10,22,0,0,,,,,,,,,,,,,,,,,,,,
2026-07-02 06:02:41,239610.531250,B8DB8AF16E20,mous,male,C57BL/6,1.1.1,FR1_Approach,0,PelletTaken,451,0,10,22,0,0,9.300,77.000,0,1,,,,,,,,,,,,,,,,
2026-07-02 06:02:48,239617.515625,B8DB8AF16E20,mous,male,C57BL/6,1.1.1,FR1_Approach,0,PelletDrop,452,0,10,22,0,0,,,,,,,,,,,,,,,,,,,,
2026-07-02 06:02:59,239629.031250,B8DB8AF16E20,mous,male,C57BL/6,1.1.1,FR1_Approach,0,PelletTaken,452,0,10,22,0,0,11.170,77.000,0,1,,,,,,,,,,,,,,,,
2026-07-02 06:03:07,239636.531250,B8DB8AF16E20,mous,male,C57BL/6,1.1.1,FR1_Approach,0,Status,452,0,10,22,0,0,,,,,Disabled,26.2,39.3,1014.5,16.0,0.065,46.000,254040,344900,251056,9886,3.61,2.31
2026-07-02 06:03:09,239639.140625,B8DB8AF16E20,mous,male,C57BL/6,1.1.1,FR1_Approach,0,PelletDrop,453,0,10,22,0,0,,,,,,,,,,,,,,,,,,,,
2026-07-02 06:03:19,239649.156250,B8DB8AF16E20,mous,male,C57BL/6,1.1.1,FR1_Approach,0,PelletTaken,453,0,10,22,0,0,9.663,77.000,0,1,,,,,,,,,,,,,,,,
2026-07-02 06:03:26,239656.156250,B8DB8AF16E20,mous,male,C57BL/6,1.1.1,FR1_Approach,0,PelletDrop,454,0,10,22,0,0,,,,,,,,,,,,,,,,,,,,
2026-07-02 06:03:36,239666.250000,B8DB8AF16E20,mous,male,C57BL/6,1.1.1,FR1_Approach,0,PelletTaken,454,0,10,22,0,0,9.740,77.000,0,1,,,,,,,,,,,,,,,,
2026-07-02 06:03:43,239673.234375,B8DB8AF16E20,mous,male,C57BL/6,1.1.1,FR1_Approach,0,PelletDrop,455,0,10,22,0,0,,,,,,,,,,,,,,,,,,,,
2026-07-02 06:04:04,239693.578125,B8DB8AF16E20,mous,male,C57BL/6,1.1.1,FR1_Approach,0,PelletTaken,455,0,10,22,0,0,TimedOut,77.000,0,1,,,,,,,,,,,,,,,,
2026-07-02 06:13:07,240237.406250,B8DB8AF16E20,mous,male,C57BL/6,1.1.1,FR1_Approach,0,Status,455,0,10,22,0,0,,,,,Disabled,26.2,39.2,1014.6,16.0,0.025,23.000,254040,344900,251056,9911,3.60,2.30
2026-07-02 06:23:20,240849.984375,B8DB8AF16E20,mous,male,C57BL/6,1.1.1,FR1_Approach,0,Status,455,0,10,22,0,0,,,,,Disabled,26.3,39.1,1014.6,16.1,0.014,22.000,254040,344900,251056,9936,3.60,2.28
2026-07-02 06:33:32,241462.562500,B8DB8AF16E20,mous,male,C57BL/6,1.1.1,FR1_Approach,0,Status,455,0,10,22,0,0,,,,,Disabled,26.3,38.8,1014.7,15.9,0.022,26.000,254040,344900,251056,9961,3.60,2.28
2026-07-02 06:43:44,242075.156250,B8DB8AF16E20,mous,male,C57BL/6,1.1.1,FR1_Approach,0,Status,455,0,10,22,0,0,,,,,Disabled,26.4,38.6,1014.7,15.9,0.061,42.000,254040,344900,251056,9986,3.59,2.28
2026-07-02 06:53:57,242687.781250,B8DB8AF16E20,mous,male,C57BL/6,1.1.1,FR1_Approach,0,Status,455,0,10,22,0,0,,,,,Disabled,26.4,38.4,1014.8,15.9,0.029,30.000,254040,344900,251056,10011,3.60,2.26
2026-07-02 07:04:09,243300.375000,B8DB8AF16E20,mous,male,C57BL/6,1.1.1,FR1_Approach,0,Status,455,0,10,22,0,0,,,,,Disabled,26.5,38.2,1014.8,15.9,0.029,32.000,254040,344900,251056,10036,3.60,2.26
2026-07-02 07:14:22,243912.953125,B8DB8AF16E20,mous,male,C57BL/6,1.1.1,FR1_Approach,0,Status,455,0,10,22,0,0,,,,,Disabled,26.5,38.1,1015.0,15.9,0.025,27.000,254040,344900,251056,10061,3.59,2.25
2026-07-02 07:24:34,244525.531250,B8DB8AF16E20,mous,male,C57BL/6,1.1.1,FR1_Approach,0,Status,455,0,10,22,0,0,,,,,Disabled,26.5,38.0,1015.1,15.8,0.036,34.000,254040,344900,251056,10086,3.59,2.25
2026-07-02 07:34:46,245138.125000,B8DB8AF16E20,mous,male,C57BL/6,1.1.1,FR1_Approach,0,Status,455,0,10,22,0,0,,,,,Disabled,26.6,38.0,1015.2,15.8,0.036,34.000,254040,344900,251056,10111,3.60,2.23
2026-07-02 07:44:59,245750.703125,B8DB8AF16E20,mous,male,C57BL/6,1.1.1,FR1_Approach,0,Status,455,0,10,22,0,0,,,,,Disabled,26.6,38.0,1015.3,15.9,0.029,30.000,254040,344900,251056,10136,3.59,2.23
2026-07-02 07:55:11,246363.281250,B8DB8AF16E20,mous,male,C57BL/6,1.1.1,FR1_Approach,0,Status,455,0,10,22,0,0,,,,,Disabled,26.6,37.9,1015.5,15.9,0.065,48.000,254040,344900,251056,10161,3.59,2.21
2026-07-02 08:05:24,246975.875000,B8DB8AF16E20,mous,male,C57BL/6,1.1.1,FR1_Approach,0,Status,455,0,10,22,0,0,,,,,Disabled,26.6,37.9,1015.5,15.8,0.050,40.000,254040,344900,251056,10186,3.60,2.21
2026-07-02 08:15:36,247588.500000,B8DB8AF16E20,mous,male,C57BL/6,1.1.1,FR1_Approach,0,Status,455,0,10,22,0,0,,,,,Disabled,26.6,37.8,1015.6,16.0,0.061,48.000,254040,344900,251056,10211,3.59,2.20
2026-07-02 08:25:42,248195.015625,B8DB8AF16E20,mous,male,C57BL/6,1.1.1,FR1_Approach,0,Status,455,0,10,22,0,0,,,,,Disabled,26.6,38.1,1015.7,16.0,0.112,69.000,254040,344900,251056,10236,3.59,2.18
2026-07-02 08:25:45,248197.640625,B8DB8AF16E20,mous,male,C57BL/6,1.1.1,FR1_Approach,0,PelletDrop,456,0,10,22,0,0,,,,,,,,,,,,,,,,,,,,
2026-07-02 08:26:05,248217.984375,B8DB8AF16E20,mous,male,C57BL/6,1.1.1,FR1_Approach,0,PelletTaken,456,0,10,22,0,0,TimedOut,77.000,0,1,,,,,,,,,,,,,,,,
2026-07-02 08:26:19,248231.406250,B8DB8AF16E20,mous,male,C57BL/6,1.1.1,FR1_Approach,0,PelletDrop,457,0,10,22,0,0,,,,,,,,,,,,,,,,,,,,
2026-07-02 08:26:36,248248.359375,B8DB8AF16E20,mous,male,C57BL/6,1.1.1,FR1_Approach,0,PelletTaken,457,0,10,22,0,0,16.582,77.000,0,1,,,,,,,,,,,,,,,,
2026-07-02 08:26:43,248255.343750,B8DB8AF16E20,mous,male,C57BL/6,1.1.1,FR1_Approach,0,PelletDrop,458,0,10,22,0,0,,,,,,,,,,,,,,,,,,,,
2026-07-02 08:26:55,248267.671875,B8DB8AF16E20,mous,male,C57BL/6,1.1.1,FR1_Approach,0,PelletTaken,458,0,10,22,0,0,11.973,77.000,0,1,,,,,,,,,,,,,,,,
2026-07-02 08:27:02,248274.609375,B8DB8AF16E20,mous,male,C57BL/6,1.1.1,FR1_Approach,0,PelletDrop,459,0,10,22,0,0,,,,,,,,,,,,,,,,,,,,
2026-07-02 08:27:19,248291.875000,B8DB8AF16E20,mous,male,C57BL/6,1.1.1,FR1_Approach,0,PelletTaken,459,0,10,22,0,0,16.913,77.000,0,1,,,,,,,,,,,,,,,,
2026-07-02 08:27:26,248298.812500,B8DB8AF16E20,mous,male,C57BL/6,1.1.1,FR1_Approach,0,PelletDrop,460,0,10,22,0,0,,,,,,,,,,,,,,,,,,,,
2026-07-02 08:27:47,248319.156250,B8DB8AF16E20,mous,male,C57BL/6,1.1.1,FR1_Approach,0,PelletTaken,460,0,10,22,0,0,TimedOut,77.000,0,1,,,,,,,,,,,,,,,,
2026-07-02 08:36:01,248814.234375,B8DB8AF16E20,mous,male,C57BL/6,1.1.1,FR1_Approach,0,Status,460,0,10,22,0,0,,,,,Disabled,26.6,37.8,1015.8,15.9,0.061,45.000,254040,344900,251056,10262,3.60,2.18
2026-07-02 08:46:14,249426.812500,B8DB8AF16E20,mous,male,C57BL/6,1.1.1,FR1_Approach,0,Status,460,0,10,22,0,0,,,,,Disabled,26.6,37.8,1015.9,15.9,0.043,38.000,254040,344900,251056,10287,3.59,2.16
2026-07-02 08:56:26,250039.406250,B8DB8AF16E20,mous,male,C57BL/6,1.1.1,FR1_Approach,0,Status,460,0,10,22,0,0,,,,,Disabled,26.6,37.8,1015.9,15.9,0.058,46.000,254040,344900,251056,10312,3.59,2.14
2026-07-02 09:06:39,250652.000000,B8DB8AF16E20,mous,male,C57BL/6,1.1.1,FR1_Approach,0,Status,460,0,10,22,0,0,,,,,Disabled,26.5,37.7,1016.0,15.9,0.058,44.000,254040,344900,251056,10337,3.59,2.14
2026-07-02 09:16:51,251264.578125,B8DB8AF16E20,mous,male,C57BL/6,1.1.1,FR1_Approach,0,Status,460,0,10,22,0,0,,,,,Disabled,26.5,37.7,1016.1,16.0,0.065,48.000,254040,344900,251056,10362,3.59,2.14
2026-07-02 09:25:54,251808.078125,B8DB8AF16E20,mous,male,C57BL/6,1.1.1,FR1_Approach,0,PelletDrop,461,0,10,22,0,0,,,,,,,,,,,,,,,,,,,,
2026-07-02 09:26:15,251828.421875,B8DB8AF16E20,mous,male,C57BL/6,1.1.1,FR1_Approach,0,PelletTaken,461,0,10,22,0,0,TimedOut,77.000,0,1,,,,,,,,,,,,,,,,
2026-07-02 09:27:11,251884.671875,B8DB8AF16E20,mous,male,C57BL/6,1.1.1,FR1_Approach,0,Status,461,0,10,22,0,0,,,,,Disabled,26.5,37.8,1016.1,15.9,0.050,44.000,254040,344900,251056,10388,3.59,2.13
2026-07-02 09:37:23,252497.312500,B8DB8AF16E20,mous,male,C57BL/6,1.1.1,FR1_Approach,0,Status,461,0,10,22,0,0,,,,,Disabled,26.5,37.9,1016.1,15.9,0.068,49.000,254040,344900,251056,10413,3.58,2.11
2026-07-02 09:47:36,253109.890625,B8DB8AF16E20,mous,male,C57BL/6,1.1.1,FR1_Approach,0,Status,461,0,10,22,0,0,,,,,Disabled,26.5,37.7,1016.1,15.9,0.122,76.000,254040,344900,251056,10438,3.58,2.10
2026-07-02 09:57:48,253722.468750,B8DB8AF16E20,mous,male,C57BL/6,1.1.1,FR1_Approach,0,Status,461,0,10,22,0,0,,,,,Disabled,26.5,37.8,1016.2,15.9,0.072,48.000,254040,344900,251056,10463,3.58,2.11
2026-07-02 10:07:25,254299.218750,B8DB8AF16E20,mous,male,C57BL/6,1.1.1,FR1_Approach,0,PelletDrop,462,0,10,22,0,0,,,,,,,,,,,,,,,,,,,,
2026-07-02 10:07:44,254318.859375,B8DB8AF16E20,mous,male,C57BL/6,1.1.1,FR1_Approach,0,PelletTaken,462,0,10,22,0,0,19.278,77.000,0,1,,,,,,,,,,,,,,,,
2026-07-02 10:07:52,254326.343750,B8DB8AF16E20,mous,male,C57BL/6,1.1.1,FR1_Approach,0,Status,462,0,10,22,0,0,,,,,Disabled,26.4,38.1,1016.2,16.0,0.000,0.000,254040,344900,251056,10488,3.54,2.05
2026-07-02 10:07:55,254328.968750,B8DB8AF16E20,mous,male,C57BL/6,1.1.1,FR1_Approach,0,PelletDrop,463,0,10,22,0,0,,,,,,,,,,,,,,,,,,,,
2026-07-02 10:08:03,254337.703125,B8DB8AF16E20,mous,male,C57BL/6,1.1.1,FR1_Approach,0,PelletTaken,463,0,10,22,0,0,8.386,77.000,0,1,,,,,,,,,,,,,,,,
2026-07-02 10:08:10,254344.687500,B8DB8AF16E20,mous,male,C57BL/6,1.1.1,FR1_Approach,0,PelletDrop,464,0,10,22,0,0,,,,,,,,,,,,,,,,,,,,
2026-07-02 10:08:27,254361.546875,B8DB8AF16E20,mous,male,C57BL/6,1.1.1,FR1_Approach,0,PelletTaken,464,0,10,22,0,0,16.506,77.000,0,1,,,,,,,,,,,,,,,,
2026-07-02 10:08:34,254368.546875,B8DB8AF16E20,mous,male,C57BL/6,1.1.1,FR1_Approach,0,PelletDrop,465,0,10,22,0,0,,,,,,,,,,,,,,,,,,,,
2026-07-02 10:08:49,254383.796875,B8DB8AF16E20,mous,male,C57BL/6,1.1.1,FR1_Approach,0,PelletTaken,465,0,10,22,0,0,14.898,77.000,0,1,,,,,,,,,,,,,,,,
2026-07-02 10:08:56,254390.765625,B8DB8AF16E20,mous,male,C57BL/6,1.1.1,FR1_Approach,0,PelletDrop,466,0,10,22,0,0,,,,,,,,,,,,,,,,,,,,
2026-07-02 10:09:17,254411.109375,B8DB8AF16E20,mous,male,C57BL/6,1.1.1,FR1_Approach,0,PelletTaken,466,0,10,22,0,0,TimedOut,77.000,0,1,,,,,,,,,,,,,,,,
2026-07-02 10:17:56,254930.546875,B8DB8AF16E20,mous,male,C57BL/6,1.1.1,FR1_Approach,0,Status,466,0,10,22,0,0,,,,,Disabled,26.4,38.3,1016.2,15.9,0.000,9.000,254040,344900,251056,10513,3.59,2.06
2026-07-02 10:28:08,255543.125000,B8DB8AF16E20,mous,male,C57BL/6,1.1.1,FR1_Approach,0,Status,466,0,10,22,0,0,,,,,Disabled,26.4,38.1,1016.2,15.9,0.050,45.000,254040,344900,251056,10538,3.58,2.06
2026-07-02 10:38:21,256155.718750,B8DB8AF16E20,mous,male,C57BL/6,1.1.1,FR1_Approach,0,Status,466,0,10,22,0,0,,,,,Disabled,26.4,38.3,1016.1,15.9,0.014,27.000,254040,344900,251056,10563,3.58,2.05
2026-07-02 10:48:33,256768.296875,B8DB8AF16E20,mous,male,C57BL/6,1.1.1,FR1_Approach,0,Status,466,0,10,22,0,0,,,,,Disabled,26.3,38.4,1016.1,16.1,0.014,25.000,254040,344900,251056,10588,3.58,2.03
2026-07-02 10:58:46,257380.921875,B8DB8AF16E20,mous,male,C57BL/6,1.1.1,FR1_Approach,0,Status,466,0,10,22,0,0,,,,,Disabled,26.4,38.2,1016.0,16.0,0.043,36.000,254040,344900,251056,10613,3.58,2.03
2026-07-02 11:08:58,257993.515625,B8DB8AF16E20,mous,male,C57BL/6,1.1.1,FR1_Approach,0,Status,466,0,10,22,0,0,,,,,Disabled,26.4,38.0,1016.0,15.9,0.058,40.000,254040,344900,251056,10638,3.58,2.01
2026-07-02 11:19:10,258606.093750,B8DB8AF16E20,mous,male,C57BL/6,1.1.1,FR1_Approach,0,Status,466,0,10,22,0,0,,,,,Disabled,26.4,37.9,1016.0,15.9,0.058,43.000,254040,344900,251056,10663,3.58,2.00
2026-07-02 11:29:23,259218.671875,B8DB8AF16E20,mous,male,C57BL/6,1.1.1,FR1_Approach,0,Status,466,0,10,22,0,0,,,,,Disabled,26.4,37.8,1015.9,15.8,0.058,42.000,254040,344900,251056,10688,3.57,2.00
2026-07-02 11:39:35,259831.281250,B8DB8AF16E20,mous,male,C57BL/6,1.1.1,FR1_Approach,0,Status,466,0,10,22,0,0,,,,,Disabled,26.4,37.7,1015.9,15.9,0.065,47.000,254040,344900,251056,10713,3.57,1.98
2026-07-02 11:49:48,260443.859375,B8DB8AF16E20,mous,male,C57BL/6,1.1.1,FR1_Approach,0,Status,466,0,10,22,0,0,,,,,Disabled,26.4,37.6,1015.9,15.8,0.065,44.000,254040,344900,251056,10738,3.58,1.98
2026-07-02 12:00:00,261056.453125,B8DB8AF16E20,mous,male,C57BL/6,1.1.1,FR1_Approach,0,Status,466,0,10,22,0,0,,,,,Disabled,26.4,37.5,1015.8,15.9,0.061,40.000,254040,344900,251056,10763,3.57,1.96
2026-07-02 12:10:12,261669.031250,B8DB8AF16E20,mous,male,C57BL/6,1.1.1,FR1_Approach,0,Status,466,0,10,22,0,0,,,,,Disabled,26.5,37.4,1015.8,15.9,0.065,44.000,254040,344900,251056,10788,3.57,1.95
2026-07-02 12:20:25,262281.656250,B8DB8AF16E20,mous,male,C57BL/6,1.1.1,FR1_Approach,0,Status,466,0,10,22,0,0,,,,,Disabled,26.4,37.4,1015.7,15.9,0.065,44.000,254040,344900,251056,10813,3.58,1.93
2026-07-02 12:26:00,262617.125000,B8DB8AF16E20,mous,male,C57BL/6,1.1.1,FR1_Approach,0,PelletDrop,467,0,10,22,0,0,,,,,,,,,,,,,,,,,,,,
2026-07-02 12:26:21,262637.468750,B8DB8AF16E20,mous,male,C57BL/6,1.1.1,FR1_Approach,0,PelletTaken,467,0,10,22,0,0,TimedOut,77.000,0,1,,,,,,,,,,,,,,,,
2026-07-02 12:26:44,262661.031250,B8DB8AF16E20,mous,male,C57BL/6,1.1.1,FR1_Approach,0,PelletDrop,468,0,10,22,0,0,,,,,,,,,,,,,,,,,,,,
2026-07-02 12:27:04,262681.375000,B8DB8AF16E20,mous,male,C57BL/6,1.1.1,FR1_Approach,0,PelletTaken,468,0,10,22,0,0,TimedOut,77.000,0,1,,,,,,,,,,,,,,,,
2026-07-02 12:30:27,262883.906250,B8DB8AF16E20,mous,male,C57BL/6,1.1.1,FR1_Approach,0,Status,468,0,10,22,0,0,,,,,Disabled,26.4,37.6,1015.7,16.0,0.036,32.000,254040,344900,251056,10838,3.57,1.93
2026-07-02 12:31:53,262969.937500,B8DB8AF16E20,mous,male,C57BL/6,1.1.1,FR1_Approach,0,PelletDrop,469,0,10,22,0,0,,,,,,,,,,,,,,,,,,,,
2026-07-02 12:32:13,262990.312500,B8DB8AF16E20,mous,male,C57BL/6,1.1.1,FR1_Approach,0,PelletTaken,469,0,10,22,0,0,TimedOut,77.000,0,1,,,,,,,,,,,,,,,,
2026-07-02 12:32:27,263003.500000,B8DB8AF16E20,mous,male,C57BL/6,1.1.1,FR1_Approach,0,PelletDrop,470,0,10,22,0,0,,,,,,,,,,,,,,,,,,,,
2026-07-02 12:32:47,263023.843750,B8DB8AF16E20,mous,male,C57BL/6,1.1.1,FR1_Approach,0,PelletTaken,470,0,10,22,0,0,TimedOut,77.000,0,1,,,,,,,,,,,,,,,,
2026-07-02 12:40:37,263494.531250,B8DB8AF16E20,mous,male,C57BL/6,1.1.1,FR1_Approach,0,Status,470,0,10,22,0,0,,,,,Disabled,26.4,37.6,1015.7,16.0,0.061,38.000,254040,344900,251056,10864,3.57,1.91
2026-07-02 12:50:50,264107.125000,B8DB8AF16E20,mous,male,C57BL/6,1.1.1,FR1_Approach,0,Status,470,0,10,22,0,0,,,,,Disabled,26.4,37.6,1015.6,16.0,0.068,45.000,254040,344900,251056,10889,3.57,1.91
2026-07-02 13:01:02,264719.718750,B8DB8AF16E20,mous,male,C57BL/6,1.1.1,FR1_Approach,0,Status,470,0,10,22,0,0,,,,,Disabled,26.4,37.6,1015.6,16.0,0.043,37.000,254040,344900,251056,10914,3.57,1.90
2026-07-02 13:11:15,265332.281250,B8DB8AF16E20,mous,male,C57BL/6,1.1.1,FR1_Approach,0,Status,470,0,10,22,0,0,,,,,Disabled,26.4,37.6,1015.6,16.0,0.058,42.000,254040,344900,251056,10939,3.57,1.88
2026-07-02 13:15:53,265610.312500,B8DB8AF16E20,mous,male,C57BL/6,1.1.1,FR1_Approach,0,PelletDrop,471,0,10,22,0,0,,,,,,,,,,,,,,,,,,,,
2026-07-02 13:16:13,265630.656250,B8DB8AF16E20,mous,male,C57BL/6,1.1.1,FR1_Approach,0,PelletTaken,471,0,10,22,0,0,TimedOut,77.000,0,1,,,,,,,,,,,,,,,,
2026-07-02 13:16:41,265658.531250,B8DB8AF16E20,mous,male,C57BL/6,1.1.1,FR1_Approach,0,PelletDrop,472,0,10,22,0,0,,,,,,,,,,,,,,,,,,,,
2026-07-02 13:17:01,265678.875000,B8DB8AF16E20,mous,male,C57BL/6,1.1.1,FR1_Approach,0,PelletTaken,472,0,10,22,0,0,TimedOut,77.000,0,2,,,,,,,,,,,,,,,,
2026-07-02 13:21:37,265954.531250,B8DB8AF16E20,mous,male,C57BL/6,1.1.1,FR1_Approach,0,Status,472,0,10,22,0,0,,,,,Disabled,26.5,37.7,1015.5,15.9,0.072,47.000,254040,344900,251056,10965,3.57,1.86
2026-07-02 13:31:49,266567.125000,B8DB8AF16E20,mous,male,C57BL/6,1.1.1,FR1_Approach,0,Status,472,0,10,22,0,0,,,,,Disabled,26.5,37.7,1015.5,15.9,0.058,42.000,254040,344900,251056,10990,3.56,1.86
2026-07-02 13:42:02,267179.750000,B8DB8AF16E20,mous,male,C57BL/6,1.1.1,FR1_Approach,0,Status,472,0,10,22,0,0,,,,,Disabled,26.5,37.6,1015.4,16.0,0.068,44.000,254040,344900,251056,11015,3.56,1.85
2026-07-02 13:52:14,267792.312500,B8DB8AF16E20,mous,male,C57BL/6,1.1.1,FR1_Approach,0,Status,472,0,10,22,0,0,,,,,Disabled,26.5,37.5,1015.3,16.0,0.068,40.000,254040,344900,251056,11040,3.57,1.83
2026-07-02 13:54:43,267941.187500,B8DB8AF16E20,mous,male,C57BL/6,1.1.1,FR1_Approach,0,PelletDrop,473,0,10,22,0,0,,,,,,,,,,,,,,,,,,,,
2026-07-02 13:54:47,267945.750000,B8DB8AF16E20,mous,male,C57BL/6,1.1.1,FR1_Approach,0,PelletTaken,473,0,10,22,0,0,4.184,77.000,0,1,,,,,,,,,,,,,,,,
2026-07-02 13:54:54,267952.718750,B8DB8AF16E20,mous,male,C57BL/6,1.1.1,FR1_Approach,0,PelletDrop,474,0,10,22,0,0,,,,,,,,,,,,,,,,,,,,
2026-07-02 13:55:15,267973.093750,B8DB8AF16E20,mous,male,C57BL/6,1.1.1,FR1_Approach,0,PelletTaken,474,0,10,22,0,0,TimedOut,77.000,0,1,,,,,,,,,,,,,,,,
2026-07-02 14:02:16,268395.031250,B8DB8AF16E20,mous,male,C57BL/6,1.1.1,FR1_Approach,0,Status,474,0,10,22,0,0,,,,,Disabled,26.5,37.5,1015.2,16.2,0.050,40.000,254040,344900,251056,11065,3.56,1.83
2026-07-02 14:12:29,269007.593750,B8DB8AF16E20,mous,male,C57BL/6,1.1.1,FR1_Approach,0,Status,474,0,10,22,0,0,,,,,Disabled,26.6,37.5,1015.2,16.0,0.000,10.000,254040,344900,251056,11090,3.56,1.83
2026-07-02 14:21:28,269546.531250,B8DB8AF16E20,mous,male,C57BL/6,1.1.1,FR1_Approach,0,PelletDrop,475,0,10,22,0,0,,,,,,,,,,,,,,,,,,,,
2026-07-02 14:21:48,269566.906250,B8DB8AF16E20,mous,male,C57BL/6,1.1.1,FR1_Approach,0,PelletTaken,475,0,10,22,0,0,TimedOut,77.000,0,1,,,,,,,,,,,,,,,,
2026-07-02 14:21:55,269573.875000,B8DB8AF16E20,mous,male,C57BL/6,1.1.1,FR1_Approach,0,PelletDrop,476,0,10,22,0,0,,,,,,,,,,,,,,,,,,,,
2026-07-02 14:22:15,269594.218750,B8DB8AF16E20,mous,male,C57BL/6,1.1.1,FR1_Approach,0,PelletTaken,476,0,10,22,0,0,TimedOut,77.000,0,1,,,,,,,,,,,,,,,,
2026-07-02 14:22:22,269601.218750,B8DB8AF16E20,mous,male,C57BL/6,1.1.1,FR1_Approach,0,PelletDrop,477,0,10,22,0,0,,,,,,,,,,,,,,,,,,,,
2026-07-02 14:22:43,269621.562500,B8DB8AF16E20,mous,male,C57BL/6,1.1.1,FR1_Approach,0,PelletTaken,477,0,10,22,0,0,TimedOut,77.000,0,1,,,,,,,,,,,,,,,,
2026-07-02 14:22:50,269629.062500,B8DB8AF16E20,mous,male,C57BL/6,1.1.1,FR1_Approach,0,Status,477,0,10,22,0,0,,,,,Disabled,26.6,37.6,1015.1,15.9,0.000,0.000,254040,344900,251056,11115,3.56,1.80
2026-07-02 14:22:53,269631.625000,B8DB8AF16E20,mous,male,C57BL/6,1.1.1,FR1_Approach,0,PelletDrop,478,0,10,22,0,0,,,,,,,,,,,,,,,,,,,,
2026-07-02 14:23:13,269651.968750,B8DB8AF16E20,mous,male,C57BL/6,1.1.1,FR1_Approach,0,PelletTaken,478,0,10,22,0,0,TimedOut,77.000,0,1,,,,,,,,,,,,,,,,
2026-07-02 14:33:05,270244.531250,B8DB8AF16E20,mous,male,C57BL/6,1.1.1,FR1_Approach,0,Status,478,0,10,22,0,0,,,,,Disabled,26.6,37.5,1015.0,15.8,0.000,7.000,254040,344900,251056,11140,3.56,1.80
2026-07-02 14:43:18,270857.125000,B8DB8AF16E20,mous,male,C57BL/6,1.1.1,FR1_Approach,0,Status,478,0,10,22,0,0,,,,,Disabled,26.6,37.6,1015.0,15.9,0.043,34.000,254040,344900,251056,11165,3.56,1.78
2026-07-02 14:53:30,271469.718750,B8DB8AF16E20,mous,male,C57BL/6,1.1.1,FR1_Approach,0,Status,478,0,10,22,0,0,,,,,Disabled,26.6,37.6,1014.9,15.8,0.011,18.000,254040,344900,251056,11190,3.56,1.77
2026-07-02 15:03:43,272082.343750,B8DB8AF16E20,mous,male,C57BL/6,1.1.1,FR1_Approach,0,Status,478,0,10,22,0,0,,,,,Disabled,26.6,37.6,1014.8,15.9,0.036,30.000,254040,344900,251056,11215,3.55,1.75
2026-07-02 15:13:55,272694.937500,B8DB8AF16E20,mous,male,C57BL/6,1.1.1,FR1_Approach,0,Status,478,0,10,22,0,0,,,,,Disabled,26.6,37.6,1014.7,16.0,0.036,31.000,254040,344900,251056,11240,3.55,1.73
2026-07-02 15:20:00,273059.687500,B8DB8AF16E20,mous,male,C57BL/6,1.1.1,FR1_Approach,0,PelletDrop,479,0,10,22,0,0,,,,,,,,,,,,,,,,,,,,
2026-07-02 15:20:20,273080.031250,B8DB8AF16E20,mous,male,C57BL/6,1.1.1,FR1_Approach,0,PelletTaken,479,0,10,22,0,0,TimedOut,77.000,0,2,,,,,,,,,,,,,,,,
2026-07-02 15:20:40,273100.156250,B8DB8AF16E20,mous,male,C57BL/6,1.1.1,FR1_Approach,0,PelletDrop,480,0,10,22,0,0,,,,,,,,,,,,,,,,,,,,
2026-07-02 15:21:01,273120.531250,B8DB8AF16E20,mous,male,C57BL/6,1.1.1,FR1_Approach,0,PelletTaken,480,0,10,22,0,0,TimedOut,77.000,0,1,,,,,,,,,,,,,,,,
2026-07-02 15:21:17,273137.031250,B8DB8AF16E20,mous,male,C57BL/6,1.1.1,FR1_Approach,0,PelletDrop,481,0,10,22,0,0,,,,,,,,,,,,,,,,,,,,
2026-07-02 15:21:37,273157.375000,B8DB8AF16E20,mous,male,C57BL/6,1.1.1,FR1_Approach,0,PelletTaken,481,0,10,22,0,0,TimedOut,77.000,0,1,,,,,,,,,,,,,,,,
2026-07-02 15:21:50,273170.000000,B8DB8AF16E20,mous,male,C57BL/6,1.1.1,FR1_Approach,0,PelletDrop,482,0,10,22,0,0,,,,,,,,,,,,,,,,,,,,
2026-07-02 15:22:10,273190.312500,B8DB8AF16E20,mous,male,C57BL/6,1.1.1,FR1_Approach,0,PelletTaken,482,0,10,22,0,0,TimedOut,77.000,0,1,,,,,,,,,,,,,,,,
2026-07-02 15:23:55,273295.343750,B8DB8AF16E20,mous,male,C57BL/6,1.1.1,FR1_Approach,0,Status,482,0,10,22,0,0,,,,,Disabled,26.7,37.5,1014.6,16.1,0.025,28.000,254040,344900,251056,11266,3.55,1.75
2026-07-02 15:34:08,273907.906250,B8DB8AF16E20,mous,male,C57BL/6,1.1.1,FR1_Approach,0,Status,482,0,10,22,0,0,,,,,Disabled,26.7,37.3,1014.5,15.8,0.032,30.000,254040,344900,251056,11291,3.55,1.71
2026-07-02 15:44:20,274520.500000,B8DB8AF16E20,mous,male,C57BL/6,1.1.1,FR1_Approach,0,Status,482,0,10,22,0,0,,,,,Disabled,26.7,37.4,1014.4,15.8,0.040,34.000,254040,344900,251056,11316,3.55,1.71
2026-07-02 15:54:32,275133.093750,B8DB8AF16E20,mous,male,C57BL/6,1.1.1,FR1_Approach,0,Status,482,0,10,22,0,0,,,,,Disabled,26.6,37.5,1014.3,15.8,0.043,36.000,254040,344900,251056,11341,3.55,1.68
2026-07-02 16:04:45,275745.687500,B8DB8AF16E20,mous,male,C57BL/6,1.1.1,FR1_Approach,0,Status,482,0,10,22,0,0,,,,,Disabled,26.6,37.4,1014.3,16.0,0.029,28.000,254040,344900,251056,11366,3.55,1.68
2026-07-02 16:05:12,275772.656250,B8DB8AF16E20,mous,male,C57BL/6,1.1.1,FR1_Approach,0,PelletDrop,483,0,10,22,0,0,,,,,,,,,,,,,,,,,,,,
2026-07-02 16:05:32,275793.000000,B8DB8AF16E20,mous,male,C57BL/6,1.1.1,FR1_Approach,0,PelletTaken,483,0,10,22,0,0,TimedOut,77.000,0,1,,,,,,,,,,,,,,,,
2026-07-02 16:11:45,276165.687500,B8DB8AF16E20,mous,male,C57BL/6,1.1.1,FR1_Approach,0,PelletDrop,484,0,10,22,0,0,,,,,,,,,,,,,,,,,,,,
2026-07-02 16:12:05,276186.031250,B8DB8AF16E20,mous,male,C57BL/6,1.1.1,FR1_Approach,0,PelletTaken,484,0,10,22,0,0,TimedOut,77.000,0,1,,,,,,,,,,,,,,,,
2026-07-02 16:12:29,276210.218750,B8DB8AF16E20,mous,male,C57BL/6,1.1.1,FR1_Approach,0,PelletDrop,485,0,10,22,0,0,,,,,,,,,,,,,,,,,,,,
2026-07-02 16:12:50,276230.562500,B8DB8AF16E20,mous,male,C57BL/6,1.1.1,FR1_Approach,0,PelletTaken,485,0,10,22,0,0,TimedOut,77.000,0,1,,,,,,,,,,,,,,,,
2026-07-02 16:13:03,276244.406250,B8DB8AF16E20,mous,male,C57BL/6,1.1.1,FR1_Approach,0,PelletDrop,486,0,10,22,0,0,,,,,,,,,,,,,,,,,,,,
2026-07-02 16:13:24,276264.750000,B8DB8AF16E20,mous,male,C57BL/6,1.1.1,FR1_Approach,0,PelletTaken,486,0,10,22,0,0,TimedOut,77.000,0,2,,,,,,,,,,,,,,,,
2026-07-02 16:13:31,276271.750000,B8DB8AF16E20,mous,male,C57BL/6,1.1.1,FR1_Approach,0,PelletDrop,487,0,10,22,0,0,,,,,,,,,,,,,,,,,,,,
2026-07-02 16:13:51,276292.093750,B8DB8AF16E20,mous,male,C57BL/6,1.1.1,FR1_Approach,0,PelletTaken,487,0,10,22,0,0,TimedOut,77.000,0,1,,,,,,,,,,,,,,,,
2026-07-02 16:14:47,276348.343750,B8DB8AF16E20,mous,male,C57BL/6,1.1.1,FR1_Approach,0,Status,487,0,10,22,0,0,,,,,Disabled,26.7,37.5,1014.2,16.1,0.000,12.000,254040,344900,251056,11391,3.55,1.66
2026-07-02 16:25:00,276960.968750,B8DB8AF16E20,mous,male,C57BL/6,1.1.1,FR1_Approach,0,Status,487,0,10,22,0,0,,,,,Disabled,26.7,37.3,1014.1,16.0,0.050,42.000,254040,344900,251056,11416,3.56,1.66
2026-07-02 16:35:12,277573.562500,B8DB8AF16E20,mous,male,C57BL/6,1.1.1,FR1_Approach,0,Status,487,0,10,22,0,0,,,,,Disabled,26.7,37.3,1014.1,15.9,0.022,24.000,254040,344900,251056,11441,3.55,1.65
2026-07-02 16:41:20,277941.250000,B8DB8AF16E20,mous,male,C57BL/6,1.1.1,FR1_Approach,0,PelletDrop,488,0,10,22,0,0,,,,,,,,,,,,,,,,,,,,
2026-07-02 16:41:40,277961.593750,B8DB8AF16E20,mous,male,C57BL/6,1.1.1,FR1_Approach,0,PelletTaken,488,0,10,22,0,0,TimedOut,77.000,0,1,,,,,,,,,,,,,,,,
2026-07-02 16:41:47,277968.593750,B8DB8AF16E20,mous,male,C57BL/6,1.1.1,FR1_Approach,0,PelletDrop,489,0,10,22,0,0,,,,,,,,,,,,,,,,,,,,
2026-07-02 16:42:07,277988.937500,B8DB8AF16E20,mous,male,C57BL/6,1.1.1,FR1_Approach,0,PelletTaken,489,0,10,22,0,0,TimedOut,77.000,0,1,,,,,,,,,,,,,,,,
2026-07-02 16:42:14,277995.937500,B8DB8AF16E20,mous,male,C57BL/6,1.1.1,FR1_Approach,0,PelletDrop,490,0,10,22,0,0,,,,,,,,,,,,,,,,,,,,
2026-07-02 16:42:35,278016.281250,B8DB8AF16E20,mous,male,C57BL/6,1.1.1,FR1_Approach,0,PelletTaken,490,0,10,22,0,0,TimedOut,77.000,0,1,,,,,,,,,,,,,,,,
2026-07-02 16:42:47,278028.093750,B8DB8AF16E20,mous,male,C57BL/6,1.1.1,FR1_Approach,0,PelletDrop,491,0,10,22,0,0,,,,,,,,,,,,,,,,,,,,
2026-07-02 16:43:07,278048.437500,B8DB8AF16E20,mous,male,C57BL/6,1.1.1,FR1_Approach,0,PelletTaken,491,0,10,22,0,0,TimedOut,77.000,0,1,,,,,,,,,,,,,,,,
2026-07-02 16:43:14,278055.437500,B8DB8AF16E20,mous,male,C57BL/6,1.1.1,FR1_Approach,0,PelletDrop,492,0,10,22,0,0,,,,,,,,,,,,,,,,,,,,
2026-07-02 16:43:34,278075.781250,B8DB8AF16E20,mous,male,C57BL/6,1.1.1,FR1_Approach,0,PelletTaken,492,0,10,22,0,0,TimedOut,77.000,0,1,,,,,,,,,,,,,,,,
2026-07-02 16:45:19,278180.781250,B8DB8AF16E20,mous,male,C57BL/6,1.1.1,FR1_Approach,0,Status,492,0,10,22,0,0,,,,,Disabled,26.6,37.4,1013.9,16.0,0.000,2.000,254040,344900,251056,11466,3.55,1.63
2026-07-02 16:53:07,278648.812500,B8DB8AF16E20,mous,male,C57BL/6,1.1.1,FR1_Approach,0,PelletDrop,493,0,10,22,0,0,,,,,,,,,,,,,,,,,,,,
2026-07-02 16:53:27,278669.156250,B8DB8AF16E20,mous,male,C57BL/6,1.1.1,FR1_Approach,0,PelletTaken,493,0,10,22,0,0,TimedOut,77.000,0,2,,,,,,,,,,,,,,,,
2026-07-02 16:53:47,278688.906250,B8DB8AF16E20,mous,male,C57BL/6,1.1.1,FR1_Approach,0,PelletDrop,494,0,10,22,0,0,,,,,,,,,,,,,,,,,,,,
2026-07-02 16:54:08,278709.250000,B8DB8AF16E20,mous,male,C57BL/6,1.1.1,FR1_Approach,0,PelletTaken,494,0,10,22,0,0,TimedOut,77.000,0,1,,,,,,,,,,,,,,,,
2026-07-02 16:55:28,278789.875000,B8DB8AF16E20,mous,male,C57BL/6,1.1.1,FR1_Approach,0,Status,494,0,10,22,0,0,,,,,Disabled,26.7,37.4,1013.8,16.0,0.047,36.000,254040,344900,251056,11491,3.55,1.61
2026-07-02 17:05:50,279412.312500,B8DB8AF16E20,mous,male,C57BL/6,1.1.1,FR1_Approach,0,Status,494,0,10,22,0,0,,,,,Disabled,26.6,37.6,1013.7,15.9,0.000,16.000,254040,344900,251056,11517,3.54,1.60
2026-07-02 17:07:11,279493.343750,B8DB8AF16E20,mous,male,C57BL/6,1.1.1,FR1_Approach,0,PelletDrop,495,0,10,22,0,0,,,,,,,,,,,,,,,,,,,,
2026-07-02 17:07:32,279513.687500,B8DB8AF16E20,mous,male,C57BL/6,1.1.1,FR1_Approach,0,PelletTaken,495,0,10,22,0,0,TimedOut,77.000,0,1,,,,,,,,,,,,,,,,
2026-07-02 17:07:39,279520.656250,B8DB8AF16E20,mous,male,C57BL/6,1.1.1,FR1_Approach,0,PelletDrop,496,0,10,22,0,0,,,,,,,,,,,,,,,,,,,,
2026-07-02 17:07:52,279534.093750,B8DB8AF16E20,mous,male,C57BL/6,1.1.1,FR1_Approach,0,PelletTaken,496,0,10,22,0,0,13.051,77.000,0,1,,,,,,,,,,,,,,,,
2026-07-02 17:07:59,279541.062500,B8DB8AF16E20,mous,male,C57BL/6,1.1.1,FR1_Approach,0,PelletDrop,497,0,10,22,0,0,,,,,,,,,,,,,,,,,,,,
2026-07-02 17:08:19,279561.406250,B8DB8AF16E20,mous,male,C57BL/6,1.1.1,FR1_Approach,0,PelletTaken,497,0,10,22,0,0,TimedOut,77.000,0,1,,,,,,,,,,,,,,,,
2026-07-02 17:16:10,280032.125000,B8DB8AF16E20,mous,male,C57BL/6,1.1.1,FR1_Approach,0,Status,497,0,10,22,0,0,,,,,Disabled,26.7,37.6,1013.6,15.9,0.000,0.000,254040,344900,251056,11543,3.55,1.60
2026-07-02 17:26:22,280644.687500,B8DB8AF16E20,mous,male,C57BL/6,1.1.1,FR1_Approach,0,Status,497,0,10,22,0,0,,,,,Disabled,26.7,37.6,1013.5,15.9,0.000,15.000,254040,344900,251056,11568,3.54,1.58
2026-07-02 17:32:21,281003.812500,B8DB8AF16E20,mous,male,C57BL/6,1.1.1,FR1_Approach,0,PelletDrop,498,0,10,22,0,0,,,,,,,,,,,,,,,,,,,,
2026-07-02 17:32:42,281024.187500,B8DB8AF16E20,mous,male,C57BL/6,1.1.1,FR1_Approach,0,PelletTaken,498,0,10,22,0,0,TimedOut,77.000,0,1,,,,,,,,,,,,,,,,
2026-07-02 17:32:49,281031.187500,B8DB8AF16E20,mous,male,C57BL/6,1.1.1,FR1_Approach,0,PelletDrop,499,0,10,22,0,0,,,,,,,,,,,,,,,,,,,,
2026-07-02 17:33:06,281048.781250,B8DB8AF16E20,mous,male,C57BL/6,1.1.1,FR1_Approach,0,PelletTaken,499,0,10,22,0,0,17.264,77.000,0,1,,,,,,,,,,,,,,,,
2026-07-02 17:33:16,281058.000000,B8DB8AF16E20,mous,male,C57BL/6,1.1.1,FR1_Approach,0,PelletDrop,500,0,10,22,0,0,,,,,,,,,,,,,,,,,,,,
2026-07-02 17:33:36,281078.343750,B8DB8AF16E20,mous,male,C57BL/6,1.1.1,FR1_Approach,0,PelletTaken,500,0,10,22,0,0,TimedOut,77.000,0,2,,,,,,,,,,,,,,,,
2026-07-02 17:33:43,281085.343750,B8DB8AF16E20,mous,male,C57BL/6,1.1.1,FR1_Approach,0,PelletDrop,501,0,10,22,0,0,,,,,,,,,,,,,,,,,,,,
2026-07-02 17:34:03,281105.687500,B8DB8AF16E20,mous,male,C57BL/6,1.1.1,FR1_Approach,0,PelletTaken,501,0,10,22,0,0,TimedOut,77.000,0,1,,,,,,,,,,,,,,,,
2026-07-02 17:36:37,281259.468750,B8DB8AF16E20,mous,male,C57BL/6,1.1.1,FR1_Approach,0,Status,501,0,10,22,0,0,,,,,Disabled,26.7,37.5,1013.3,15.9,0.000,10.000,254040,344900,251056,11593,3.54,1.52
2026-07-02 17:46:49,281872.062500,B8DB8AF16E20,mous,male,C57BL/6,1.1.1,FR1_Approach,0,Status,501,0,10,22,0,0,,,,,Disabled,26.7,37.5,1013.2,16.1,0.000,12.000,254040,344900,251056,11618,3.54,1.55
2026-07-02 17:47:53,281935.468750,B8DB8AF16E20,mous,male,C57BL/6,1.1.1,FR1_Approach,0,PelletDrop,502,0,10,22,0,0,,,,,,,,,,,,,,,,,,,,
2026-07-02 17:48:09,281952.125000,B8DB8AF16E20,mous,male,C57BL/6,1.1.1,FR1_Approach,0,PelletTaken,502,0,10,22,0,0,16.296,77.000,0,1,,,,,,,,,,,,,,,,
2026-07-02 17:48:16,281959.125000,B8DB8AF16E20,mous,male,C57BL/6,1.1.1,FR1_Approach,0,PelletDrop,503,0,10,22,0,0,,,,,,,,,,,,,,,,,,,,
2026-07-02 17:48:28,281970.250000,B8DB8AF16E20,mous,male,C57BL/6,1.1.1,FR1_Approach,0,PelletTaken,503,0,10,22,0,0,10.774,77.000,0,1,,,,,,,,,,,,,,,,
2026-07-02 17:48:35,281977.218750,B8DB8AF16E20,mous,male,C57BL/6,1.1.1,FR1_Approach,0,PelletDrop,504,0,10,22,0,0,,,,,,,,,,,,,,,,,,,,
2026-07-02 17:48:51,281994.156250,B8DB8AF16E20,mous,male,C57BL/6,1.1.1,FR1_Approach,0,PelletTaken,504,0,10,22,0,0,16.560,77.000,0,1,,,,,,,,,,,,,,,,
2026-07-02 17:48:58,282001.125000,B8DB8AF16E20,mous,male,C57BL/6,1.1.1,FR1_Approach,0,PelletDrop,505,0,10,22,0,0,,,,,,,,,,,,,,,,,,,,
2026-07-02 17:49:13,282015.812500,B8DB8AF16E20,mous,male,C57BL/6,1.1.1,FR1_Approach,0,PelletTaken,505,0,10,22,0,0,14.338,77.000,0,1,,,,,,,,,,,,,,,,
2026-07-02 17:49:20,282022.812500,B8DB8AF16E20,mous,male,C57BL/6,1.1.1,FR1_Approach,0,PelletDrop,506,0,10,22,0,0,,,,,,,,,,,,,,,,,,,,
2026-07-02 17:49:40,282043.156250,B8DB8AF16E20,mous,male,C57BL/6,1.1.1,FR1_Approach,0,PelletTaken,506,0,10,22,0,0,TimedOut,77.000,0,1,,,,,,,,,,,,,,,,
2026-07-02 17:50:02,282064.312500,B8DB8AF16E20,mous,male,C57BL/6,1.1.1,FR1_Approach,0,PelletDrop,507,0,10,22,0,0,,,,,,,,,,,,,,,,,,,,
2026-07-02 17:50:22,282084.656250,B8DB8AF16E20,mous,male,C57BL/6,1.1.1,FR1_Approach,0,PelletTaken,507,0,10,22,0,0,TimedOut,77.000,0,2,,,,,,,,,,,,,,,,
2026-07-02 17:56:59,282482.218750,B8DB8AF16E20,mous,male,C57BL/6,1.1.1,FR1_Approach,0,Status,507,0,10,22,0,0,,,,,Disabled,26.7,37.3,1013.1,15.9,0.000,0.000,254040,344900,251056,11644,3.54,1.55
2026-07-02 18:07:12,283094.812500,B8DB8AF16E20,mous,male,C57BL/6,1.1.1,FR1_Approach,0,Status,507,0,10,22,0,0,,,,,Disabled,26.7,37.6,1013.0,16.1,0.000,0.000,254040,344900,251056,11669,3.54,1.53
2026-07-02 18:17:24,283707.375000,B8DB8AF16E20,mous,male,C57BL/6,1.1.1,FR1_Approach,0,Status,507,0,10,22,0,0,,,,,Disabled,26.7,37.9,1012.9,16.0,0.000,0.000,254040,344900,251056,11694,3.54,1.52
2026-07-02 18:27:37,284319.968750,B8DB8AF16E20,mous,male,C57BL/6,1.1.1,FR1_Approach,0,Status,507,0,10,22,0,0,,,,,Disabled,26.7,38.0,1012.8,15.9,0.000,0.000,254040,344900,251056,11719,3.54,1.52
2026-07-02 18:37:49,284932.562500,B8DB8AF16E20,mous,male,C57BL/6,1.1.1,FR1_Approach,0,Status,507,0,10,22,0,0,,,,,Disabled,26.7,38.2,1012.8,15.8,0.000,0.000,254040,344900,251056,11744,3.54,1.50
2026-07-02 18:48:01,285545.156250,B8DB8AF16E20,mous,male,C57BL/6,1.1.1,FR1_Approach,0,Status,507,0,10,22,0,0,,,,,Disabled,26.7,38.1,1012.7,15.9,0.000,0.000,254040,344900,251056,11769,3.53,1.50
2026-07-02 18:54:40,285944.125000,B8DB8AF16E20,mous,male,C57BL/6,1.1.1,FR1_Approach,0,CenterWithPellet,507,0,10,23,0,0,,,,,,,,,,,,,,,,,,,,
2026-07-02 18:54:44,285947.750000,B8DB8AF16E20,mous,male,C57BL/6,1.1.1,FR1_Approach,0,CenterWithPellet,507,0,10,24,0,0,,,,,,,,,,,,,,,,,,,,
2026-07-02 18:54:44,285948.312500,B8DB8AF16E20,mous,male,C57BL/6,1.1.1,FR1_Approach,0,CenterWithPellet,507,0,10,25,0,0,,,,,,,,,,,,,,,,,,,,
2026-07-02 18:58:20,286164.312500,B8DB8AF16E20,mous,male,C57BL/6,1.1.1,FR1_Approach,0,Status,507,0,10,25,0,0,,,,,Disabled,26.7,38.2,1012.7,15.8,0.000,0.000,254040,344900,251056,11795,3.54,1.48
2026-07-02 19:06:55,286678.906250,B8DB8AF16E20,mous,male,C57BL/6,1.1.1,FR1_Approach,0,PelletDrop,508,0,10,25,0,0,,,,,,,,,,,,,,,,,,,,
2026-07-02 19:07:14,286698.312500,B8DB8AF16E20,mous,male,C57BL/6,1.1.1,FR1_Approach,0,PelletTaken,508,0,10,25,0,0,19.035,18.000,0,1,,,,,,,,,,,,,,,,
2026-07-02 19:07:21,286705.281250,B8DB8AF16E20,mous,male,C57BL/6,1.1.1,FR1_Approach,0,PelletDrop,509,0,10,25,0,0,,,,,,,,,,,,,,,,,,,,
2026-07-02 19:07:31,286714.687500,B8DB8AF16E20,mous,male,C57BL/6,1.1.1,FR1_Approach,0,PelletTaken,509,0,10,25,0,0,9.036,18.000,0,1,,,,,,,,,,,,,,,,
2026-07-02 19:07:38,286721.656250,B8DB8AF16E20,mous,male,C57BL/6,1.1.1,FR1_Approach,0,PelletDrop,510,0,10,25,0,0,,,,,,,,,,,,,,,,,,,,
2026-07-02 19:07:58,286742.031250,B8DB8AF16E20,mous,male,C57BL/6,1.1.1,FR1_Approach,0,PelletTaken,510,0,10,25,0,0,TimedOut,18.000,0,1,,,,,,,,,,,,,,,,
2026-07-02 19:08:30,286773.906250,B8DB8AF16E20,mous,male,C57BL/6,1.1.1,FR1_Approach,0,Status,510,0,10,25,0,0,,,,,Disabled,26.7,38.2,1012.8,15.9,0.000,0.000,254040,344900,251056,11820,3.53,1.38
2026-07-02 19:18:42,287386.468750,B8DB8AF16E20,mous,male,C57BL/6,1.1.1,FR1_Approach,0,Status,510,0,10,25,0,0,,,,,Disabled,26.7,38.4,1012.9,15.8,0.000,0.000,254040,344900,251056,11845,3.54,1.43
2026-07-02 19:21:10,287534.218750,B8DB8AF16E20,mous,male,C57BL/6,1.1.1,FR1_Approach,0,PelletDrop,511,0,10,25,0,0,,,,,,,,,,,,,,,,,,,,
2026-07-02 19:21:21,287545.250000,B8DB8AF16E20,mous,male,C57BL/6,1.1.1,FR1_Approach,0,PelletTaken,511,0,10,25,0,0,10.664,18.000,0,1,,,,,,,,,,,,,,,,
2026-07-02 19:21:28,287552.218750,B8DB8AF16E20,mous,male,C57BL/6,1.1.1,FR1_Approach,0,PelletDrop,512,0,10,25,0,0,,,,,,,,,,,,,,,,,,,,
2026-07-02 19:21:37,287561.468750,B8DB8AF16E20,mous,male,C57BL/6,1.1.1,FR1_Approach,0,PelletTaken,512,0,10,25,0,0,8.905,18.000,0,1,,,,,,,,,,,,,,,,
2026-07-02 19:21:44,287568.468750,B8DB8AF16E20,mous,male,C57BL/6,1.1.1,FR1_Approach,0,PelletDrop,513,0,10,25,0,0,,,,,,,,,,,,,,,,,,,,
2026-07-02 19:21:52,287576.562500,B8DB8AF16E20,mous,male,C57BL/6,1.1.1,FR1_Approach,0,PelletTaken,513,0,10,25,0,0,7.727,18.000,0,1,,,,,,,,,,,,,,,,
2026-07-02 19:22:01,287585.750000,B8DB8AF16E20,mous,male,C57BL/6,1.1.1,FR1_Approach,0,PelletDrop,514,0,10,25,0,0,,,,,,,,,,,,,,,,,,,,
2026-07-02 19:22:22,287606.093750,B8DB8AF16E20,mous,male,C57BL/6,1.1.1,FR1_Approach,0,PelletTaken,514,0,10,25,0,0,TimedOut,18.000,0,2,,,,,,,,,,,,,,,,
2026-07-02 19:22:36,287620.062500,B8DB8AF16E20,mous,male,C57BL/6,1.1.1,FR1_Approach,0,PelletDrop,515,0,10,25,0,0,,,,,,,,,,,,,,,,,,,,
2026-07-02 19:22:56,287640.406250,B8DB8AF16E20,mous,male,C57BL/6,1.1.1,FR1_Approach,0,PelletTaken,515,0,10,25,0,0,TimedOut,18.000,0,1,,,,,,,,,,,,,,,,
2026-07-02 19:28:45,287989.187500,B8DB8AF16E20,mous,male,C57BL/6,1.1.1,FR1_Approach,0,Status,515,0,10,25,0,0,,,,,Disabled,26.7,38.5,1012.9,15.9,0.000,0.000,254040,344900,251056,11871,3.54,1.43
2026-07-02 19:38:57,288601.781250,B8DB8AF16E20,mous,male,C57BL/6,1.1.1,FR1_Approach,0,Status,515,0,10,25,0,0,,,,,Disabled,26.7,38.6,1013.0,15.9,0.000,0.000,254040,344900,251056,11896,3.53,1.41
2026-07-02 19:39:30,288634.500000,B8DB8AF16E20,mous,male,C57BL/6,1.1.1,FR1_Approach,0,PelletDrop,516,0,10,25,0,0,,,,,,,,,,,,,,,,,,,,
2026-07-02 19:39:40,288644.343750,B8DB8AF16E20,mous,male,C57BL/6,1.1.1,FR1_Approach,0,PelletTaken,516,0,10,25,0,0,9.488,18.000,0,1,,,,,,,,,,,,,,,,
2026-07-02 19:39:47,288651.343750,B8DB8AF16E20,mous,male,C57BL/6,1.1.1,FR1_Approach,0,PelletDrop,517,0,10,25,0,0,,,,,,,,,,,,,,,,,,,,
2026-07-02 19:39:54,288658.437500,B8DB8AF16E20,mous,male,C57BL/6,1.1.1,FR1_Approach,0,PelletTaken,517,0,10,25,0,0,6.737,18.000,0,1,,,,,,,,,,,,,,,,
2026-07-02 19:40:01,288665.406250,B8DB8AF16E20,mous,male,C57BL/6,1.1.1,FR1_Approach,0,PelletDrop,518,0,10,25,0,0,,,,,,,,,,,,,,,,,,,,
2026-07-02 19:40:19,288683.281250,B8DB8AF16E20,mous,male,C57BL/6,1.1.1,FR1_Approach,0,PelletTaken,518,0,10,25,0,0,17.518,18.000,0,1,,,,,,,,,,,,,,,,
2026-07-02 19:40:26,288690.281250,B8DB8AF16E20,mous,male,C57BL/6,1.1.1,FR1_Approach,0,PelletDrop,519,0,10,25,0,0,,,,,,,,,,,,,,,,,,,,
2026-07-02 19:40:46,288710.625000,B8DB8AF16E20,mous,male,C57BL/6,1.1.1,FR1_Approach,0,PelletTaken,519,0,10,25,0,0,TimedOut,18.000,0,1,,,,,,,,,,,,,,,,
2026-07-02 19:40:53,288717.593750,B8DB8AF16E20,mous,male,C57BL/6,1.1.1,FR1_Approach,0,PelletDrop,520,0,10,25,0,0,,,,,,,,,,,,,,,,,,,,
2026-07-02 19:41:13,288737.937500,B8DB8AF16E20,mous,male,C57BL/6,1.1.1,FR1_Approach,0,PelletTaken,520,0,10,25,0,0,TimedOut,18.000,0,1,,,,,,,,,,,,,,,,
2026-07-02 19:49:04,289208.656250,B8DB8AF16E20,mous,male,C57BL/6,1.1.1,FR1_Approach,0,Status,520,0,10,25,0,0,,,,,Disabled,26.7,38.7,1013.2,15.9,0.000,0.000,254040,344900,251056,11922,3.53,1.41
2026-07-02 19:50:15,289279.687500,B8DB8AF16E20,mous,male,C57BL/6,1.1.1,FR1_Approach,0,PelletDrop,521,0,10,25,0,0,,,,,,,,,,,,,,,,,,,,
2026-07-02 19:50:35,289300.031250,B8DB8AF16E20,mous,male,C57BL/6,1.1.1,FR1_Approach,0,PelletTaken,521,0,10,25,0,0,TimedOut,18.000,0,2,,,,,,,,,,,,,,,,
2026-07-02 19:59:14,289819.500000,B8DB8AF16E20,mous,male,C57BL/6,1.1.1,FR1_Approach,0,Status,521,0,10,25,0,0,,,,,Disabled,26.7,38.6,1013.3,15.9,0.000,0.000,254040,344900,251056,11947,3.53,1.40
2026-07-02 20:09:27,290432.062500,B8DB8AF16E20,mous,male,C57BL/6,1.1.1,FR1_Approach,0,Status,521,0,10,25,0,0,,,,,Disabled,26.7,38.6,1013.4,15.9,0.000,0.000,254040,344900,251056,11972,3.53,1.40
2026-07-02 20:14:13,290718.750000,B8DB8AF16E20,mous,male,C57BL/6,1.1.1,FR1_Approach,0,PelletDrop,522,0,10,25,0,0,,,,,,,,,,,,,,,,,,,,
2026-07-02 20:14:24,290728.937500,B8DB8AF16E20,mous,male,C57BL/6,1.1.1,FR1_Approach,0,PelletTaken,522,0,10,25,0,0,9.828,18.000,0,1,,,,,,,,,,,,,,,,
2026-07-02 20:14:31,290735.906250,B8DB8AF16E20,mous,male,C57BL/6,1.1.1,FR1_Approach,0,PelletDrop,523,0,10,25,0,0,,,,,,,,,,,,,,,,,,,,
2026-07-02 20:14:42,290747.406250,B8DB8AF16E20,mous,male,C57BL/6,1.1.1,FR1_Approach,0,PelletTaken,523,0,10,25,0,0,11.137,18.000,0,1,,,,,,,,,,,,,,,,
2026-07-02 20:14:49,290754.406250,B8DB8AF16E20,mous,male,C57BL/6,1.1.1,FR1_Approach,0,PelletDrop,524,0,10,25,0,0,,,,,,,,,,,,,,,,,,,,
2026-07-02 20:14:59,290764.031250,B8DB8AF16E20,mous,male,C57BL/6,1.1.1,FR1_Approach,0,PelletTaken,524,0,10,25,0,0,9.256,18.000,0,1,,,,,,,,,,,,,,,,
2026-07-02 20:15:06,290771.000000,B8DB8AF16E20,mous,male,C57BL/6,1.1.1,FR1_Approach,0,PelletDrop,525,0,10,25,0,0,,,,,,,,,,,,,,,,,,,,
2026-07-02 20:15:14,290779.312500,B8DB8AF16E20,mous,male,C57BL/6,1.1.1,FR1_Approach,0,PelletTaken,525,0,10,25,0,0,7.936,18.000,0,1,,,,,,,,,,,,,,,,
2026-07-02 20:15:21,290786.312500,B8DB8AF16E20,mous,male,C57BL/6,1.1.1,FR1_Approach,0,PelletDrop,526,0,10,25,0,0,,,,,,,,,,,,,,,,,,,,
2026-07-02 20:15:41,290806.656250,B8DB8AF16E20,mous,male,C57BL/6,1.1.1,FR1_Approach,0,PelletTaken,526,0,10,25,0,0,TimedOut,18.000,0,1,,,,,,,,,,,,,,,,
2026-07-02 20:19:44,291049.625000,B8DB8AF16E20,mous,male,C57BL/6,1.1.1,FR1_Approach,0,Status,526,0,10,25,0,0,,,,,Disabled,26.7,38.5,1013.5,16.2,0.000,0.000,254040,344900,251056,11999,3.53,1.38
2026-07-02 20:29:45,291650.718750,B8DB8AF16E20,mous,male,C57BL/6,1.1.1,FR1_Approach,0,Status,526,0,10,25,0,0,,,,,Disabled,26.7,38.4,1013.6,15.9,0.000,0.000,254040,344900,251056,12024,3.53,1.37
2026-07-02 20:30:30,291695.562500,B8DB8AF16E20,mous,male,C57BL/6,1.1.1,FR1_Approach,0,PelletDrop,527,0,10,25,0,0,,,,,,,,,,,,,,,,,,,,
2026-07-02 20:30:42,291707.375000,B8DB8AF16E20,mous,male,C57BL/6,1.1.1,FR1_Approach,0,PelletTaken,527,0,10,25,0,0,11.434,18.000,0,1,,,,,,,,,,,,,,,,
2026-07-02 20:30:51,291716.562500,B8DB8AF16E20,mous,male,C57BL/6,1.1.1,FR1_Approach,0,PelletDrop,528,0,10,25,0,0,,,,,,,,,,,,,,,,,,,,
2026-07-02 20:30:55,291721.062500,B8DB8AF16E20,mous,male,C57BL/6,1.1.1,FR1_Approach,0,PelletTaken,528,0,10,25,0,0,4.130,18.000,0,2,,,,,,,,,,,,,,,,
2026-07-02 20:31:02,291728.031250,B8DB8AF16E20,mous,male,C57BL/6,1.1.1,FR1_Approach,0,PelletDrop,529,0,10,25,0,0,,,,,,,,,,,,,,,,,,,,
2026-07-02 20:31:23,291748.375000,B8DB8AF16E20,mous,male,C57BL/6,1.1.1,FR1_Approach,0,PelletTaken,529,0,10,25,0,0,TimedOut,18.000,0,1,,,,,,,,,,,,,,,,
2026-07-02 20:39:49,292255.187500,B8DB8AF16E20,mous,male,C57BL/6,1.1.1,FR1_Approach,0,Status,529,0,10,25,0,0,,,,,Disabled,26.7,38.5,1013.7,15.9,0.000,0.000,254040,344900,251056,12050,3.52,1.33
2026-07-02 20:39:52,292257.781250,B8DB8AF16E20,mous,male,C57BL/6,1.1.1,FR1_Approach,0,PelletDrop,530,0,10,25,0,0,,,,,,,,,,,,,,,,,,,,
2026-07-02 20:39:55,292260.468750,B8DB8AF16E20,mous,male,C57BL/6,1.1.1,FR1_Approach,0,PelletTaken,530,0,10,25,0,0,2.326,18.000,0,1,,,,,,,,,,,,,,,,
2026-07-02 20:40:02,292267.468750,B8DB8AF16E20,mous,male,C57BL/6,1.1.1,FR1_Approach,0,PelletDrop,531,0,10,25,0,0,,,,,,,,,,,,,,,,,,,,
2026-07-02 20:40:22,292287.812500,B8DB8AF16E20,mous,male,C57BL/6,1.1.1,FR1_Approach,0,PelletTaken,531,0,10,25,0,0,TimedOut,18.000,0,1,,,,,,,,,,,,,,,,
2026-07-02 20:49:50,292856.000000,B8DB8AF16E20,mous,male,C57BL/6,1.1.1,FR1_Approach,0,Status,531,0,10,25,0,0,,,,,Disabled,26.7,38.6,1013.8,15.9,0.000,0.000,254040,344900,251056,12075,3.52,1.33
2026-07-02 20:56:19,293245.187500,B8DB8AF16E20,mous,male,C57BL/6,1.1.1,FR1_Approach,0,PelletDrop,532,0,10,25,0,0,,,,,,,,,,,,,,,,,,,,
2026-07-02 20:56:29,293255.437500,B8DB8AF16E20,mous,male,C57BL/6,1.1.1,FR1_Approach,0,PelletTaken,532,0,10,25,0,0,9.894,18.000,0,1,,,,,,,,,,,,,,,,
2026-07-02 20:56:36,293262.437500,B8DB8AF16E20,mous,male,C57BL/6,1.1.1,FR1_Approach,0,PelletDrop,533,0,10,25,0,0,,,,,,,,,,,,,,,,,,,,
2026-07-02 20:56:44,293269.812500,B8DB8AF16E20,mous,male,C57BL/6,1.1.1,FR1_Approach,0,PelletTaken,533,0,10,25,0,0,7.024,18.000,0,1,,,,,,,,,,,,,,,,
2026-07-02 20:56:51,293276.812500,B8DB8AF16E20,mous,male,C57BL/6,1.1.1,FR1_Approach,0,PelletDrop,534,0,10,25,0,0,,,,,,,,,,,,,,,,,,,,
2026-07-02 20:57:11,293297.156250,B8DB8AF16E20,mous,male,C57BL/6,1.1.1,FR1_Approach,0,PelletTaken,534,0,10,25,0,0,TimedOut,18.000,0,1,,,,,,,,,,,,,,,,
2026-07-02 20:57:20,293306.343750,B8DB8AF16E20,mous,male,C57BL/6,1.1.1,FR1_Approach,0,PelletDrop,535,0,10,25,0,0,,,,,,,,,,,,,,,,,,,,
2026-07-02 20:57:41,293326.687500,B8DB8AF16E20,mous,male,C57BL/6,1.1.1,FR1_Approach,0,PelletTaken,535,0,10,25,0,0,TimedOut,18.000,0,2,,,,,,,,,,,,,,,,
2026-07-02 20:59:50,293456.093750,B8DB8AF16E20,mous,male,C57BL/6,1.1.1,FR1_Approach,0,Status,535,0,10,25,0,0,,,,,Disabled,26.7,38.4,1013.9,15.9,0.000,0.000,254040,344900,251056,12100,3.53,1.32
2026-07-02 21:10:02,294068.656250,B8DB8AF16E20,mous,male,C57BL/6,1.1.1,FR1_Approach,0,Status,535,0,10,25,0,0,,,,,Disabled,26.7,38.4,1014.0,16.0,0.000,0.000,254040,344900,251056,12125,3.52,1.30
2026-07-02 21:20:15,294681.250000,B8DB8AF16E20,mous,male,C57BL/6,1.1.1,FR1_Approach,0,Status,535,0,10,25,0,0,,,,,Disabled,26.7,38.3,1014.0,15.9,0.000,0.000,254040,344900,251056,12150,3.52,1.28
2026-07-02 21:22:39,294825.125000,B8DB8AF16E20,mous,male,C57BL/6,1.1.1,FR1_Approach,0,PelletDrop,536,0,10,25,0,0,,,,,,,,,,,,,,,,,,,,
2026-07-02 21:22:43,294829.562500,B8DB8AF16E20,mous,male,C57BL/6,1.1.1,FR1_Approach,0,PelletTaken,536,0,10,25,0,0,4.075,18.000,0,1,,,,,,,,,,,,,,,,
2026-07-02 21:22:50,294836.531250,B8DB8AF16E20,mous,male,C57BL/6,1.1.1,FR1_Approach,0,PelletDrop,537,0,10,25,0,0,,,,,,,,,,,,,,,,,,,,
2026-07-02 21:23:05,294851.937500,B8DB8AF16E20,mous,male,C57BL/6,1.1.1,FR1_Approach,0,PelletTaken,537,0,10,25,0,0,15.031,18.000,0,1,,,,,,,,,,,,,,,,
2026-07-02 21:23:12,294858.937500,B8DB8AF16E20,mous,male,C57BL/6,1.1.1,FR1_Approach,0,PelletDrop,538,0,10,25,0,0,,,,,,,,,,,,,,,,,,,,
2026-07-02 21:23:33,294879.281250,B8DB8AF16E20,mous,male,C57BL/6,1.1.1,FR1_Approach,0,PelletTaken,538,0,10,25,0,0,TimedOut,18.000,0,1,,,,,,,,,,,,,,,,
2026-07-02 21:23:45,294891.687500,B8DB8AF16E20,mous,male,C57BL/6,1.1.1,FR1_Approach,0,PelletDrop,539,0,10,25,0,0,,,,,,,,,,,,,,,,,,,,
2026-07-02 21:24:05,294912.031250,B8DB8AF16E20,mous,male,C57BL/6,1.1.1,FR1_Approach,0,PelletTaken,539,0,10,25,0,0,TimedOut,18.000,0,1,,,,,,,,,,,,,,,,
2026-07-02 21:27:08,295094.687500,B8DB8AF16E20,mous,male,C57BL/6,1.1.1,FR1_Approach,0,CenterWithPellet,539,0,10,26,0,0,,,,,,,,,,,,,,,,,,,,
2026-07-02 21:30:19,295285.531250,B8DB8AF16E20,mous,male,C57BL/6,1.1.1,FR1_Approach,0,Status,539,0,10,26,0,0,,,,,Disabled,26.7,38.8,1014.1,16.1,0.000,0.000,254040,344900,251056,12176,3.52,1.25
2026-07-02 21:40:32,295899.062500,B8DB8AF16E20,mous,male,C57BL/6,1.1.1,FR1_Approach,0,Status,539,0,10,26,0,0,,,,,Disabled,26.7,38.4,1014.1,15.8,0.000,0.000,254040,344900,251056,12201,3.52,1.25
2026-07-02 21:48:40,296387.250000,B8DB8AF16E20,mous,male,C57BL/6,1.1.1,FR1_Approach,0,PelletDrop,540,0,10,26,0,0,,,,,,,,,,,,,,,,,,,,
2026-07-02 21:48:52,296398.937500,B8DB8AF16E20,mous,male,C57BL/6,1.1.1,FR1_Approach,0,PelletTaken,540,0,10,26,0,0,11.335,202.000,0,1,,,,,,,,,,,,,,,,
2026-07-02 21:48:59,296405.968750,B8DB8AF16E20,mous,male,C57BL/6,1.1.1,FR1_Approach,0,PelletDrop,541,0,10,26,0,0,,,,,,,,,,,,,,,,,,,,
2026-07-02 21:49:06,296412.656250,B8DB8AF16E20,mous,male,C57BL/6,1.1.1,FR1_Approach,0,PelletTaken,541,0,10,26,0,0,6.309,202.000,0,1,,,,,,,,,,,,,,,,
2026-07-02 21:49:15,296421.875000,B8DB8AF16E20,mous,male,C57BL/6,1.1.1,FR1_Approach,0,PelletDrop,542,0,10,26,0,0,,,,,,,,,,,,,,,,,,,,
2026-07-02 21:49:21,296428.031250,B8DB8AF16E20,mous,male,C57BL/6,1.1.1,FR1_Approach,0,PelletTaken,542,0,10,26,0,0,5.791,202.000,0,2,,,,,,,,,,,,,,,,
2026-07-02 21:49:28,296435.062500,B8DB8AF16E20,mous,male,C57BL/6,1.1.1,FR1_Approach,0,PelletDrop,543,0,10,26,0,0,,,,,,,,,,,,,,,,,,,,
2026-07-02 21:49:37,296444.062500,B8DB8AF16E20,mous,male,C57BL/6,1.1.1,FR1_Approach,0,PelletTaken,543,0,10,26,0,0,8.651,202.000,0,1,,,,,,,,,,,,,,,,
2026-07-02 21:49:44,296451.062500,B8DB8AF16E20,mous,male,C57BL/6,1.1.1,FR1_Approach,0,PelletDrop,544,0,10,26,0,0,,,,,,,,,,,,,,,,,,,,
2026-07-02 21:49:55,296461.843750,B8DB8AF16E20,mous,male,C57BL/6,1.1.1,FR1_Approach,0,PelletTaken,544,0,10,26,0,0,10.389,202.000,0,1,,,,,,,,,,,,,,,,
2026-07-02 21:50:02,296468.843750,B8DB8AF16E20,mous,male,C57BL/6,1.1.1,FR1_Approach,0,PelletDrop,545,0,10,26,0,0,,,,,,,,,,,,,,,,,,,,
2026-07-02 21:50:22,296489.187500,B8DB8AF16E20,mous,male,C57BL/6,1.1.1,FR1_Approach,0,PelletTaken,545,0,10,26,0,0,TimedOut,202.000,0,1,,,,,,,,,,,,,,,,
2026-07-02 21:50:54,296521.125000,B8DB8AF16E20,mous,male,C57BL/6,1.1.1,FR1_Approach,0,Status,545,0,10,26,0,0,,,,,Disabled,26.7,38.4,1014.2,15.8,0.000,0.000,254040,344900,251056,12228,3.52,1.23
2026-07-02 21:51:02,296529.593750,B8DB8AF16E20,mous,male,C57BL/6,1.1.1,FR1_Approach,0,PelletDrop,546,0,10,26,0,0,,,,,,,,,,,,,,,,,,,,
2026-07-02 21:51:23,296549.937500,B8DB8AF16E20,mous,male,C57BL/6,1.1.1,FR1_Approach,0,PelletTaken,546,0,10,26,0,0,TimedOut,202.000,0,1,,,,,,,,,,,,,,,,
2026-07-02 22:01:16,297143.406250,B8DB8AF16E20,mous,male,C57BL/6,1.1.1,FR1_Approach,0,Status,546,0,10,26,0,0,,,,,Disabled,26.7,38.3,1014.3,15.8,0.000,0.000,254040,344900,251056,12254,3.51,1.20
2026-07-02 22:11:29,297756.906250,B8DB8AF16E20,mous,male,C57BL/6,1.1.1,FR1_Approach,0,Status,546,0,10,26,0,0,,,,,Disabled,26.7,38.2,1014.4,15.8,0.000,0.000,254040,344900,251056,12279,3.52,1.18
2026-07-02 22:20:46,298313.562500,B8DB8AF16E20,mous,male,C57BL/6,1.1.1,FR1_Approach,0,PelletDrop,547,0,10,26,0,0,,,,,,,,,,,,,,,,,,,,
2026-07-02 22:20:55,298323.125000,B8DB8AF16E20,mous,male,C57BL/6,1.1.1,FR1_Approach,0,PelletTaken,547,0,10,26,0,0,9.190,202.000,0,2,,,,,,,,,,,,,,,,
2026-07-02 22:21:05,298332.375000,B8DB8AF16E20,mous,male,C57BL/6,1.1.1,FR1_Approach,0,PelletDrop,548,0,10,26,0,0,,,,,,,,,,,,,,,,,,,,
2026-07-02 22:21:10,298338.031250,B8DB8AF16E20,mous,male,C57BL/6,1.1.1,FR1_Approach,0,PelletTaken,548,0,10,26,0,0,5.296,202.000,0,2,,,,,,,,,,,,,,,,
2026-07-02 22:21:17,298345.031250,B8DB8AF16E20,mous,male,C57BL/6,1.1.1,FR1_Approach,0,PelletDrop,549,0,10,26,0,0,,,,,,,,,,,,,,,,,,,,
2026-07-02 22:21:24,298351.625000,B8DB8AF16E20,mous,male,C57BL/6,1.1.1,FR1_Approach,0,PelletTaken,549,0,10,26,0,0,6.242,202.000,0,1,,,,,,,,,,,,,,,,
